10km,15km,20km,25km,30km
14616630.251141032,11692594.393915344,11052631.564922614,9673247.20119177,8998049.944210656
14997261.508307664,12038034.651768912,11299929.540092746,9938766.126833595,9014281.095001454
14696397.843330739,11709223.34979903,11078055.832963107,9719038.550008954,9130603.947812857
14717889.1599605,11718512.069537913,11074273.895398254,9763002.171844281,9050559.881247472
13637743.274116687,10994529.058010899,10312834.640223248,9144014.310023433,8441068.151004842
14753756.597298678,11965960.233073514,11290546.790848004,9772334.202255772,8994215.402658617
13972263.570374534,11067577.282395056,10353614.12430598,9185297.269391032,8580739.538743613
14630922.596563747,11887028.929841395,11232030.342746206,9737109.712228382,8961277.199623803
14466814.00688309,11454838.546895375,10694343.406975718,9463887.300990066,8779093.112182992
14619594.113312153,11877466.929187244,11222961.568464817,9068255.730371797,8467758.598734856
13662728.819157116,10939115.350932809,10229276.103454836,9714702.446054311,8913405.950805895
14896520.02301053,11791494.40181193,11121224.842587765,5532942.368582152,4974081.602483934
9663481.720895002,7096712.6271496285,6459853.273855385,7765510.114924419,7225846.479101805
11758022.0229608,9280579.368111951,8655559.379275834,5555823.429287008,5000163.659674455
9740214.413722526,7194794.514066241,6569534.967689764,9509814.17811322,8716451.94700611
9731479.704113528,11519685.23344557,10871135.90492191,9490555.941647192,8698838.245190315
14594512.963589698,11496338.285228886,10849136.3223004,9486667.658192214,5116010.445297716
14564817.380885078,11490628.825773701,10843926.327586439,5682213.177868341,4918026.308565076
14523144.620705325,7196940.011526309,6630764.628861086,5473432.166257742,5027980.657379542
14539534.110474262,7049192.284337097,6444985.861406342,5374272.983092608,3866241.035978387
14517213.334037764,6497867.361103039,6005082.38756309,4117280.6889897445,8502354.495684516
9813366.031478902,4975672.839576135,4601320.236534568,9122583.583218345,4081083.6147004636
9604882.25782952,11142040.588613387,10515901.548595136,4563973.988190665,8492055.31139199
8080647.820200847,5825185.305313919,5339301.496979575,9128860.42677434,3760001.816257109
6227374.061794238,11163420.56901066,10537636.257924339,4000338.157083307,4487700.940194059
14121984.643542545,4823699.161286348,4465206.906442302,5012752.463692881,3795340.0264772773
7960365.263639589,6450624.055802419,5869970.718534257,4297608.9839939205,3787107.0436742124
14143166.706094433,5545228.735265013,5070175.572751784,4269922.3668924365,3665303.7370788776
14165595.775432264,5507935.674525585,5042774.005747759,4079436.873344341,3648023.0139563256
6021439.080925797,5263346.387874012,4821124.656897399,4092499.6907027387,3742958.992715242
8812684.955705814,5257076.391360041,4811383.591978854,3973403.548844227,3549863.8252271907
7466216.679357966,4777983.9050332885,4421489.594645893,4000278.1929249153,6531148.286111405
7350639.109689489,5113617.386363467,4677540.636049542,7027162.278898632,4001425.297498563
7001834.548734011,8501626.534189254,7951900.533003046,4306549.041832744,3912116.62275103
7005082.186390017,5185107.554549775,4769828.272532341,4210184.390228317,3786248.359228949
5949961.906468592,5041472.111916106,4637402.716036056,4075052.63745287,3796979.9265308715
6845449.121518359,4923375.4629186215,4535359.744334037,4084910.9746156326,3453107.5776240565
10709418.149534697,4906869.255275716,4520348.946803311,3720115.5266570784,3441388.7916494003
6440847.525247536,4911726.404223835,4524744.226646839,3707557.7243179725,3317210.2602888406
6278349.948520338,4466599.8489979245,4111192.0444279215,3576716.3347830586,3260997.970196365
6128503.664889726,4451458.356114675,4097366.2157648364,3505467.8528751167,3678481.859041165
6107884.978110855,4456049.541130926,4101534.4858429474,4075920.501469438,3202073.8207366597
6113981.545171135,4454293.387468602,3935245.6661171475,3454521.4269318697,3096421.176036756
5565942.311522347,4279361.708271192,3925882.3563704845,3340842.627313677,3397174.0172691457
5536190.418472416,4269153.232887244,3899464.849098538,3766282.064971767,3213756.501219928
5549899.513194479,4235763.348286353,4744246.457950736,3460910.86459586,3128908.1977910106
5552806.680369366,5161226.312116043,3823947.154188747,3372228.6587316473,2511906.5452313623
5531138.992922938,5153140.126594772,3698959.3305239324,2704354.000280317,3206188.14687494
5544846.885397734,4157870.4439567965,4378719.727919142,3451045.3352892203,2985118.031685374
5539840.954389497,4021145.575925431,3843402.8307605064,3220199.025752804,2923142.892024451
5325352.054760014,4779955.881811529,3844156.6981777125,3156405.9233121313,3280362.8954091743
5312735.315826248,4174016.630495009,3738720.3335934025,3618946.8459915263,3060050.167815082
5270999.418189354,4174894.021331422,3040787.1306773657,3296640.859578161,2899966.927501445
6957807.279506299,4063188.833646137,3841252.460304998,3129501.333706635,2939735.489534214
6946982.5334451925,3306188.1143421396,3555131.179930561,3259531.0405608066,2910506.84850406
5174900.963621184,4160367.193437695,3540787.743141482,3227249.2917343257,2920498.5803476986
4995041.281930534,3866315.8548809257,3479433.756811713,3237778.4543445264,2744407.363264729
6436642.755305419,3851577.1381410025,4218141.884320707,2964804.0694639366,3234561.805121789
5177823.766399064,3787987.990060596,3694632.5390420584,3570204.172536355,2267157.007144322
5178938.247136467,4634696.339204215,3467687.093057752,2441650.8527201707,3168787.5303922095
5049940.57585211,3992576.884005589,3771944.272994456,3508070.90937772,3225691.8071192238
4141435.0852635647,3773511.6388702956,3734696.818877038,3551307.075634868,3161023.0238281786
5148601.582883216,4110982.3624748155,3746105.6323889643,3509985.2955187205,3094977.8298710375
4825693.789866847,4072008.256298602,3289385.9857199923,3395020.438745549,3129603.9082554285
4800121.115725743,4083218.7363316845,4162295.0304449773,3441682.739461031,4320564.22590257
4739734.050357632,3580200.727768588,2750087.1810751725,4755767.21743777,2808241.637489609
4735218.967782017,4571384.101392267,4069897.3157112016,3031047.805125083,3106771.733177958
6187129.741805599,2988791.178178703,4113965.636552133,3428351.4661181117,4328909.5798850395
4957888.136832849,2983316.6249503423,4081861.618628069,4768002.185300791,4332093.056204697
4677784.465425179,4472403.157315634,3955876.0146434596,4769874.555042417,2370222.9489499857
5551467.416483442,4523190.484474543,3998850.855536606,2562662.6640959866,2966417.8843879146
5508772.019670412,4509616.463565296,5556204.023703653,3213829.0487686875,2976072.9260685737
5513737.274057663,4484722.416446086,5557320.340002884,3224042.4194154656,3139540.8277092827
4471517.826803036,4499206.649675197,3388824.9319672254,3393817.2337760753,3126177.086638039
6068872.253042539,4341929.3245759485,3968576.4285408207,3379291.6906751576,2919952.0200186092
3743531.67024279,4395698.368289027,5573878.253217628,3164885.859829722,3143808.117498598
3736605.219796081,5953617.841254201,5579640.0952011505,3404471.330593225,2076276.337129131
5946817.54644003,5954847.876035841,5573733.706022975,2208558.6870835074,2970098.5126381824
6009244.153069707,3668399.5462489044,2853069.308880289,3216491.751712898,2977318.728729726
5994152.647111993,4364487.047634875,3591972.132193453,3224161.4212488206,1919799.794718536
5958498.518056036,5973766.59545187,3593466.361629611,2035679.629826123,3168801.291157911
5980376.875985913,5979052.241854422,3783056.248070317,3437700.8987638876,3198044.6548109516
5810809.95058241,5972669.1772703845,3766944.9193557566,3466690.476990101,2038367.0263733848
5864919.4260798,3112936.6304525123,3530316.1871020272,2167845.3019467248,2779677.1893055066
7453186.858623187,3892004.8399745887,3779287.299954332,3045059.291936082,2602134.733723335
7455509.77289178,3894545.222965925,2489518.4352188283,2873526.853770525,2788181.185960722
4568443.30194261,3888735.583553565,3772427.003960652,3063786.620720677,2596183.3648307035
5795173.024704142,4115697.3945803014,3575391.370470528,2865871.8725778866,2763543.939868917
7512190.90082027,4098089.4415500364,3583708.1326196776,3049063.1267755115,2582385.8320404305
7507711.237643134,3836914.0291513945,2300889.5970949866,3039313.27948249,3961514.9525652537
7503250.823430021,4107861.5935382065,3830355.5700041256,2850371.8899277635,2585155.431266099
7494367.143939269,2700191.859620071,3868946.4464483988,4291605.243094764,2983524.0940690325
3900997.4743495784,4100360.451128153,3892797.951650561,2844179.496414537,2078535.0614230009
4803050.452991199,3877277.417198013,2444170.380005681,3226307.582190732,2566743.301961765
4817918.87901062,3886397.272662181,3547194.2160482346,2239881.212879412,2672903.498988069
4810709.821520125,2491261.0147729316,3345984.1908954447,2823386.9059649957,2189636.733632903
4806314.249108546,4157268.817124075,3338917.3833219884,2939164.3395622424,2541826.642735187
5108501.521710378,4205568.919735686,3560780.273180376,2367047.8198328814,2530232.17029295
5066786.314944151,4229786.265587863,3327363.9723930676,2794382.5551550565,1413187.4630804139
4729800.992212132,2650976.6392762326,3543487.8551898394,2782486.9943796196,2513575.5224693352
5069103.035658673,4238097.999806575,3320461.6630707183,1534165.2475324424,2517344.1490352517
3390097.3476333194,3899006.996727892,3536860.8964186423,2764044.866995624,2511761.233047849
5049967.21809516,3680860.7734811786,3309020.642283406,2775982.529998168,2739383.1727583176
4828737.064166212,3673000.4948626873,4849613.049111736,2761929.7280841433,1407487.041834838
4839992.86587025,3922255.5971517875,3296806.3802199597,2971543.4970600456,2490730.9380196
3104871.0913636205,3660519.700362526,3302356.64693182,1527377.2275975298,2029366.0340738667
5123402.071328618,3903424.6463941443,3285540.6762308646,2738268.107717109,2493958.3844777863
5327728.165629683,3652830.114881713,3581753.0617875988,2188736.398154034,2494462.794231904
5372557.255260583,3889657.788754094,3273535.5517448783,2740793.808483414,2596782.4597914848
3327390.9562628386,3640464.685214348,2493517.1699200207,2749132.7383970795,2465272.5824008984
5399899.671639721,5264151.833443577,3286270.6476734113,2841037.7589666834,1774577.031319336
5202129.659187787,3627072.178945928,3274567.810443075,2709601.1503176293,2515000.508440638
4917876.379149867,3634555.964935116,3411824.420542119,1882585.1608139398,2568560.456687439
4917078.5900139315,3614887.086196559,2631089.277130604,2740703.4408475556,2529633.5877723075
4907475.2079426,3880981.232164474,3242999.760767284,2719873.1356511232,2463222.9190157033
5240963.350223939,3601711.590542255,3238133.6149395416,2821851.8559710253,3321332.5404184167
4890598.5360035105,2716780.411617762,1773913.4156259822,2735682.938201533,2559956.405203082
5215893.051585688,3616730.208982126,3207928.4840692277,2713963.5562343486,2442413.567761652
4881840.963745811,3603971.1934419563,1765330.0134888731,2808650.871048993,2480404.936257023
4880428.728317621,3755249.823651066,3221176.231883138,3586043.041692273,2567916.4305055393
5198862.09479828,2870825.1055079955,3205565.5790063404,2796000.0915190973,2473890.6173290405
4863712.598766496,3569738.253561456,3321124.5505526667,2818505.0627772906,1843401.5253552417
6761779.628664309,3567387.0820433376,3195049.553409503,2690534.359394476,2529064.4125091005
4845772.074903408,3564098.984236042,3198783.4394385447,2692834.844890348,2436046.0875932034
4854122.653383019,1912754.6628365554,1765098.5142031866,2811853.184139855,1963734.650226372
4829280.467528519,3530683.9384136987,3185817.824477012,2733314.1498203804,3089293.662955215
4869724.152228333,1903424.145032708,2452935.0626635943,1958559.2955738385,2492450.846207574
4811596.92129434,3545619.4112643055,3179950.8955543763,2778882.879604258,2562724.497092511
3398445.2745821583,3528604.2192524867,3174954.9306963226,2683312.292646738,2489960.338237739
4826589.790521073,3603868.890294718,3180854.1312151863,2117866.7208123207,2451425.0865270873
4809371.699161984,3517210.974390885,3299013.7913199775,3333082.6597980917,2472923.8405522583
4800816.135070076,3520715.9299753923,3152388.124117924,2703454.9523875685,2491919.009092628
5024550.969756532,1903108.8836642997,2117761.1604239196,2812849.4216061826,2411888.223617905
3597637.458209655,3506333.8407492624,3205153.287998916,2741989.932831314,2459777.866763996
4762856.650333566,2674452.285882905,3183776.0760657387,2700290.7148007806,3170326.058478977
4759905.232547104,3500452.1569552002,3281112.483593231,2705953.001571693,2469953.586852383
4755849.136262249,3494470.2317688456,3196065.490466771,2743908.304752413,2411580.6795862704
2482196.2678220756,3501922.6448493893,3264125.50037754,2656996.7110962076,2437683.4111105483
4753013.412523461,3636734.9493367616,3139791.645074089,2651420.9658097522,3302662.868278972
4750156.697118822,3469642.6075395504,3265596.0877104374,3431952.747653814,1439214.6501436133
4741868.310823435,2289058.755742088,4038762.0319643463,2694980.7670489126,2188566.4031500765
4715289.085792078,3525994.533472399,3243679.712422472,2636781.255456208,2016105.7454855286
2470088.5296278396,3504262.807118729,3252931.570395994,2692521.81096518,1438628.2539939717
4730961.943479646,3611126.809466899,3279468.7015678682,3563766.656399237,2858927.0432780855
4711948.567876859,3523274.550044235,3112275.7461623736,1520436.9973552462,2335077.278863644
4480791.026608669,3594203.2735096333,3148666.964185553,2426462.310916563,2971240.7169861454
4696478.705787297,3456783.8419931172,3252781.956892552,2265456.0737278317,2129884.3508136095
4698234.444651558,3594166.066270783,3170772.553163938,1519999.8557615574,2403230.90148227
2467829.210952347,4407804.027763033,2210516.9899824387,3086684.306163179,2381351.335426551
4689105.838797012,3571854.655539611,3223642.682773189,2580559.673918505,1908006.0399462755
4679143.289251101,3580322.13101442,3103989.0673300596,3199970.6243856,2297471.7115328093
3342646.6444337536,3610553.770486004,2374899.493504708,2367127.297837066,1291274.871604799
4670502.6210324615,3426001.5165535607,3753808.358612163,2638713.7614638703,1417747.1386933946
4663135.908195413,3464415.068826383,3156505.615960577,2622101.279797464,2283811.6959769404
4671705.268860228,3587560.8486554665,3249525.4321686854,2147073.3842377043,1409999.5582905419
4859612.734228742,3491260.4451726982,3189723.97894195,2156960.866782833,3885463.6971472474
4629763.385896988,2397505.281230643,3132790.6243718476,2508377.132061126,2265598.5748487017
2863725.536304754,3549923.603181355,3131663.789441744,1399997.5827139516,2295914.778614151
4690497.609620797,3417160.7649564254,3151704.014307996,1497798.1220217315,1860782.1072790236
4649111.251422765,2588750.7661480876,3184340.762421393,2501684.189131281,2267365.476085321
4826257.908150079,4100125.576490961,3074619.0120499013,1489371.895884068,2032750.6638358212
4704609.6923037255,3479255.4234024487,2943810.1225399645,4205415.438538792,2353278.4375019073
4808929.530191519,3581345.7332489267,3861327.19327978,2496798.96186849,1839124.2048866707
4611237.534534652,3511882.4446001644,3141961.0153747546,2513995.44331907,2274924.1577728
4797619.411553229,3449663.0517987898,3084185.784681865,2494104.423126873,3697150.488720087
4803684.002151366,3445846.366124265,3123095.012146926,2098463.6459324807,1838166.46040164
5648043.61943208,3469958.5608445853,4011672.2721453854,2483538.3525778386,3883021.6181308473
4778983.668840048,3507201.9841674934,1706580.4206581947,2263647.1766260173,2300594.119398572
4785080.591387414,3385563.6962590064,2877307.922349656,2591385.922244725,1809516.057282305
4795203.655133877,3203925.921010312,2693035.303871176,2075246.408908811,2292863.898504454
4764178.344109722,4216525.079034936,1706120.928832312,2514416.6762010944,1820847.985976492
4570453.800314034,3460913.315706335,3477787.187549237,4002680.411156213,2296815.3973641135
4608130.51110577,3394741.7725760755,1698568.2651814017,2076370.1551631333,2235310.0881700963
4772263.201589456,3438997.4152000784,3003351.6443381067,2077040.4708528132,1803702.4893751272
4647825.416752004,4376230.484603645,3593382.136096637,4200136.432108375,2288820.676759304
3005000.6221999833,1851402.6235728068,2816831.2073251535,2541879.719186678,2222863.293357687
4597016.451650704,3129106.8730159663,3066194.747242078,2039629.0129075719,1796795.838254793
4749613.015594731,2942650.025150723,3043663.9767341204,2533097.325530589,1818740.1123782876
4558208.037138538,1851004.9818532448,2554409.4069394097,2056901.7087671668,2267381.4552476644
3233857.8445713394,3794841.3086728966,2572033.387384875,2529949.8721260186,2198722.125945773
5262804.0516808005,1842772.7932564819,2945201.717812225,2472256.920889732,1934144.7653400637
4590008.672163562,3307050.5675394353,1622865.9625900795,2040977.852389371,1758660.2055980992
4633945.469428131,3922040.419204185,1681393.421278631,2520926.783213244,2308772.525372335
4756779.236919856,3067897.432381959,2935689.634269712,2459694.618177244,2246945.613389031
4670744.1504448,3375240.6071381182,1671969.0744844836,2450474.542360484,2222374.9181862455
4596393.203405561,3353480.375102786,1681542.4864788728,2027555.7178083279,3633406.5919904686
4583064.214906865,2775449.2706163013,4766156.372331821,2042072.2392141107,3703202.50795935
4545649.915206619,2792346.0617685067,2547168.6750953784,2497729.383640988,3790064.085551081
4572156.510899221,3231965.167918811,2931537.4802891794,2425003.9882400953,1831572.6467723902
4643557.607934418,1746915.6740278348,2926240.272164877,2162744.611420774,2252769.1707664547
4665498.120116129,1824262.0071568121,2907722.72993614,1985794.0722405368,3722995.873822528
4518274.588751584,3237567.405469007,2922146.5114469607,2542347.6608735835,3736245.8628829746
3974558.4211149714,1813976.0334761667,2494414.7687447066,2474092.102417324,3764401.1403604513
5432773.894660708,1824460.7157455147,2914343.0721045937,2526644.6478853445,1998421.8598073854
4618595.302052558,5170834.945321386,2688344.484635731,2456962.75049736,3859270.3190466277
4509264.724550044,2767581.650725241,3009545.6439178875,3968101.823851012,1897856.239552817
4577291.082749594,3217017.5466688033,2468728.503761789,4038663.473824439,2162891.521014479
5600888.219912019,3227189.473553517,2936524.9084180025,4126408.6832409273,1376346.8047476222
2300655.9717972917,3206289.562763765,4525223.67700441,2064338.9057112623,3659413.8702529776
4130489.0498032332,3220218.3253496005,2454888.227610519,2482339.0447841473,3735137.2389723947
4008437.496653491,2714137.188168517,2463222.633514484,4024248.1145131886,1832461.3909766355
2300832.082370492,3214072.796741926,4756661.587290992,4061306.715191872,1756369.6280183292
4876585.551175893,2939832.551901921,2951840.0911344723,4099583.266863076,2197727.9833902656
2290120.189009234,3317078.1594225727,2410420.0435779593,2209252.7549410407,2250883.0193800423
4404098.962486241,2687048.4133112365,2941353.996926577,4170612.5621766415,3890209.9271979593
2284879.4802264255,3234968.0298209833,2441124.194532137,2122117.316611122,3879892.7926442344
5028782.062179118,4909959.446463115,2947032.707019903,2393995.3177555855,2024308.1010251702
4065262.3797494126,2674869.5633679065,2868252.302681534,1471934.170813143,3869586.0549220354
4504786.907908431,2682447.6723526097,2389197.591926172,3959758.201214161,1957180.3836214943
4458528.910329901,5157726.715479909,2408967.4651755914,4123564.060541982,2215952.301728569
3815983.3967061834,3253167.815598052,2928546.8709316826,4069564.7638256713,2157817.5313431304
3847918.044292574,2603981.426064925,2862158.2541587087,2065294.6494774392,2143551.9085403276
4251219.563888277,3241373.729321363,2431570.96624041,1975322.2796501433,2233975.376024655
2263787.3720930833,2659198.6624203036,2914200.828593872,2422717.2096785484,2201639.1793586235
2267695.4025641773,3248001.2263423856,2828126.2002780535,2480306.6615491943,2301412.3575566113
3801285.4424715606,3244957.6117788493,2381321.8921488672,4147771.590602317,2222119.1515663033
4284770.300411627,3163772.8487181417,2368145.399665507,4166562.671212823,1089049.8072334174
2254239.709508309,2582485.073495408,2398456.333730187,2219706.8689415604,3769668.041037823
2268271.224785039,2601001.452927662,2349763.246302944,4145960.802902361,2126106.2729088524
6705525.123434514,2639045.04485075,2902705.8910529222,2164318.65449937,3123758.4959714008
3786659.0991407703,3228170.732609389,2800759.023511237,2433265.5868229754,3864633.9036650257
4239931.340434998,3156832.725919734,2565866.649849996,2387532.9809800256,1695127.768812818
4278736.054291656,2648827.205357302,2334148.8679150403,2371355.4871690082,2212541.2367336955
4271250.257879743,2651046.8884293414,2945887.5999293793,2454696.120382595,2214003.8583267336
4279019.971933662,3213042.975645744,2879562.8735700073,2426575.7477721805,2181212.0991387162
4238567.173419368,3118990.006720992,2928704.2686977526,2360573.5844469625,1065980.9295070258
4269008.101973759,2575356.9333524867,2856961.1975283427,2498409.5844074152,3718988.12895534
4261592.698193076,2561173.387616927,4533271.064032027,4136460.3128596465,3839364.5820111665
4266890.223382774,2593757.7015770073,4605542.459865712,2435640.756900419,2197185.841814562
4280254.77600451,2542044.341567249,4695274.201933998,2350603.1944002938,3650982.334756893
3756736.728796841,3200401.645626892,2911147.31006808,1194979.1152452445,3660739.7116416013
4253554.512678057,3090103.3128281473,2421686.6762663755,4078316.835642641,1828083.6252618325
3944828.9241937697,2806086.4712922107,2902885.9317560163,2346905.0015897853,1910496.6583583478
4410279.2495127665,2525212.34295451,2879021.4858245435,2352918.7479106197,2107272.730486747
3713845.039637313,3248503.5984194856,4541603.986037353,3371177.155963984,1749143.3195497806
3935002.4218880017,3170511.7644204837,4627079.893680565,4149275.617023117,2107209.7909588446
4403618.133109057,3230232.908264198,4666604.807973666,1900346.773303811,3621381.3338094987
4307758.80174499,3150475.3315110737,2642677.251187626,2424983.273804796,1342269.1538365965
6292758.970653153,4897862.672262799,4718340.8705052985,2433288.872872969,1847546.2521095644
3672334.8563681957,4972365.808555577,2526893.965145925,2403292.6459718524,1828223.5445313284
3685753.7821731176,5055462.018421224,2788953.282250633,1156968.382390381,2027745.2731372477
6670105.191084445,3211594.441476242,1650668.8848999457,4016398.3474539807,1071860.623078653
3662759.39802894,2617266.6354967263,4475460.297170034,4094508.4034511405,1070907.7415972238
3653541.775412184,3203332.9693434285,4641669.047323139,2409688.691472107,2048783.7485986035
4329798.552387571,3176362.1539568105,4727550.435759442,3947277.4184808414,3597054.073503609
3595229.915877105,4922521.907481146,4635401.425164411,3981182.468108541,1768066.8687458555
3635242.430521743,4993285.721665315,2422909.8370581684,4128500.2292548018,2092996.1069206423
3644021.10343436,5025130.856689625,2325135.5157884033,2051211.772700955,1842213.8010703707
4323157.21249592,2884603.2508642534,2834393.6462074984,2121185.3659394407,2098358.7364184046
4314394.508742879,5101569.919281505,2877158.6835424076,2324257.0012927274,1031438.5845637416
3581233.19564864,2771867.568793547,4714887.786481928,1974770.9395824824,3627158.101422362
3598850.6082938095,3078209.487435937,4753692.937922752,2331121.780073958,3664931.0104079535
3639038.0001741596,1782203.2216079058,2625844.342808551,3916929.2925797203,2085927.5983750878
3657078.6975117675,4854589.4046285255,2819144.316323718,2329054.435571775,3586793.5982888183
4322342.345742725,5023983.9800341865,4679335.697178599,1438162.798967895,1831230.8226767967
4318457.928944331,5110770.568926109,4706961.000648628,2070829.6086714647,1899279.5004487354
4220127.5980147645,4992864.970788868,4731766.2484659515,2050238.7769329583,2087001.1566195248
3554064.6834590524,2618514.8139178352,2590912.356712976,2229268.275695244,1232140.1652352645
3620730.867544451,2516748.6252265866,2828991.547700991,1162390.9414240743,3637767.06883423
3629604.0373070855,3125612.358834216,2758454.9494231483,1161177.7121703357,3718914.321310119
3638628.152385187,3174620.4589778217,2747002.766261878,2247375.4652883336,2103314.5987638207
4304269.577149973,5075193.739159321,2842427.072351301,3891345.8287875014,2080507.6812145994
4298774.719530381,5134061.898066847,2823467.424701396,3905568.9190079332,2687864.4459525617
4210829.58758146,2878087.526815193,2742598.2488625417,1986026.1576519483,1833448.5613266686
3535532.4982009404,3109511.0333542014,2786896.6147537376,2315082.179293814,2015697.6602850682
3575556.0239263345,5039091.521835424,4721082.294912389,2064771.8136262712,960233.4136336859
3602381.658317151,5066597.020900496,2824322.6182732717,2313830.3204281493,1163267.4620151657
3624855.3886757935,5101455.842283606,2822215.2973891655,1119565.0327105427,1849291.8271476126
3633999.207806331,2829180.312895194,2739590.0702243564,3921143.2935945443,2112273.011223624
3643231.6640798585,3123232.0068368106,1405882.4007180901,3959313.197782887,1377120.1970788282
4281184.543543333,3046378.174252079,4593342.008391502,2071531.0487559608,1795227.8779653246
4168585.973867992,3031867.632873113,4695280.399103602,2300262.419137273,2034497.3183463078
3496478.6061576447,3138624.5615694276,2727912.094031626,3880219.184613577,2059308.3634071082
3513329.8575380594,3115019.263615449,2727070.5131605384,3891248.4166584676,2052992.3245873356
3521859.729522208,3026725.213850702,3799052.115167023,2052413.5516215716,1029345.5235318128
3552904.4488250287,3034913.506800865,4732832.551736507,2081672.6102225068,2106883.7159240637
3487064.8875587657,5080263.2037837,2264041.0939214537,2300996.9795330088,2064339.6836642367
3508295.1650958154,3121174.983569214,2811950.421919183,2054101.8706872412,1035356.4646865758
3476192.670205761,3113703.1145258397,2818831.0729448046,2033659.7135813243,1019503.4631552467
3490529.1721928604,3023820.998724163,2795820.3471387117,1345974.2761172005,1785135.5918304601
4263798.227476376,1510514.4183629355,1350243.783853125,3930701.0492147007,1836535.5883162715
4134364.6695145634,4972884.822204016,4528810.100261836,3998893.0894781575,1886318.4066641505
3826259.104511747,5053914.131521129,4676220.35654547,2312169.814012836,2020196.320823183
3476862.5302918823,3011399.6061553885,2797079.473702154,2293508.5696260654,2061529.1650773932
4322457.280966343,3011256.7706214236,4448129.811836579,2890799.8678978616,1022395.8916372771
3468032.812999214,4136246.260881203,4530999.332844036,2056101.9565864673,1827555.7757972581
4261764.10835071,5110488.379433773,4709505.191806038,2210779.7434197487,1957220.4358097212
4300898.918944661,2470795.913239722,2408323.2380685313,1050765.9088252005,2105400.41965617
4202934.89184589,3107341.821741047,2520210.3946548603,1272972.477593812,1757964.5504255183
6413151.942233699,3113156.685616148,2701045.6097434247,2047315.0946079583,2048288.799437978
6490566.54808085,3083720.90427392,2321974.6801364664,2317519.079355907,2042714.6772577832
6615624.0617993865,1449024.151481835,2699674.3441164624,1496034.363915654,1830253.1213726888
6484927.211392578,4905791.640640649,4416525.787630651,2013256.6114041465,1684268.3221400096
4278482.996591885,5052252.777035169,2697084.2131589223,2232211.354919658,1801437.6877910919
3465527.169684079,3084924.298243122,1613263.539423472,2242167.5309249605,2046531.0529855366
4269718.505502203,4822774.01857164,2428314.4468519855,2277205.0179452416,1850840.826472943
4234989.9353033025,4892843.34667553,2405741.64094732,2277711.2782682204,2098653.1093605994
6298743.33265603,5085058.967681728,2624375.6420680983,1116019.8655722172,2077917.3066272417
6479210.264620149,2594225.4163945024,1354326.9583151669,2321960.299955382,1016533.6420135659
6580332.162724111,2752689.183085649,1352726.9899434943,2275475.293515741,1804717.410167942
3859020.6665375615,2981208.9027777836,2423027.459066225,1122147.848146147,2031807.7522896873
4226898.51478028,2511671.6566678826,2644787.8563331035,1111183.0167900831,2043474.5524125379
6578246.078839336,2977682.86073506,4388995.34671601,2002016.912214611,1766804.6060420752
3766375.7039267654,4789923.204552885,4403636.426062859,2034113.4111752284,1693207.5784435782
3845662.753032432,2974499.1732235374,2335256.0071294317,2069293.4777726848,2040452.4400125502
4111285.2180713955,1742782.6765569544,2680846.3785883826,2210597.562673913,917914.3080551343
2234446.930432736,2614298.5190407312,2421327.8933341485,2272089.3564804085,2085939.8012374828
6216299.455287987,2590726.69773236,2681366.925652855,2272365.463650133,2046624.35481466
6440561.6496130545,2880577.724210861,1307713.4129180487,1113872.9129728393,887163.0946049134
6531651.908385783,1454209.2053342615,4418670.075707145,2014634.8605491335,1047348.0446252286
6625186.4809168875,1452002.8213514413,4457702.327148077,2150276.886064718,1983429.8068025324
6525684.351993831,2608566.0786250527,2429268.9245599294,2307092.631226105,2037455.0497864133
3449252.7360739065,2920883.123757697,2672205.963877507,1964613.7329330163,2032744.8898586286
3390932.7669304847,4760617.089532657,4376485.207885691,2308221.656169261,2036924.6757219573
4168623.8328912263,4775745.128193572,4387528.955028662,2258148.029308466,1793435.7844727507
3449892.945540813,4798365.950208912,2427798.422096168,2258140.992423515,2047445.333216789
4231471.076059387,2517001.636467276,2406985.4539039596,2252607.9335377472,2024421.5100317874
6541014.360718027,2956971.2332488284,2477407.9357712977,2052895.5075416432,900986.890149091
6504052.919081359,2606691.523862888,4367691.988722447,1896407.760526198,1341355.4593383411
3803240.1073562438,2599303.1800898365,2666017.810038388,2003545.6952719737,2704401.1048496207
4149271.328607137,2960400.1550365794,2409020.568873014,2256364.6543093375,2031497.5747952755
6503427.3343602605,1402704.2866279036,2386634.5969753987,2041168.831236952,1605272.356395397
6525735.449268021,4790422.303284704,1577911.9931496566,2299645.7627338553,1997958.4898396435
4144762.756343047,4839912.64929414,4426783.118624576,2290129.336367613,2587586.359157646
6500922.205672012,2615210.5553458664,4554566.4589932095,1107175.44198444,1781373.0182903137
6497634.608006904,2948377.3670819555,2693895.3180065285,2001498.6923257967,2046468.6365467007
3788975.8548774063,4746889.935328993,2656634.160111009,2254684.0141809476,2028725.980785637
4183119.74107222,4758080.429244639,3257926.4249256765,2253914.027887303,2026232.3004040157
4138964.181115816,2613594.3131975248,2412919.4497931646,1983693.4895599263,2022011.5497597186
4072598.8048696104,2591242.772100039,2601568.8750992143,1905416.4708124136,1486223.638018876
4053935.595724904,2706402.350689788,1233231.9548094005,2249584.944831971,2045372.3428476711
6485784.710956254,4737253.556845219,1489862.7342849171,1004334.135609019,917719.9051879083
6484091.840858129,4741070.871517166,2404828.0787733654,1994724.6273727058,2030519.8506127577
4190424.5925745424,2942903.763693631,2456383.4521646164,2286421.005803928,2022710.4799899394
4155490.1100317254,2593389.185168789,2692826.5173113216,2255961.1967493803,1584998.0766526787
4047541.7383732363,2570020.736080047,2400809.5302493414,973301.2772470872,1590770.473588323
4046949.7114384207,1689222.4898772172,1744477.041550497,1150136.0208176472,1760457.078710706
3782640.861955442,1701538.8508877004,2363068.5586236636,1986017.990128959,2040671.9859720836
6480292.971074784,4806877.715854898,2613933.3280214826,2170786.082379675,2023907.4896554365
6492997.983145979,4905767.321743595,2622839.5635722103,2246018.827482769,2017073.4502289214
4174228.5689708316,2968883.4559980305,2636500.991914755,2241628.0768280253,1111432.6849185678
4153479.3685259675,2931740.910099096,2636796.9013525383,2239874.3428846207,1920535.95224541
4042780.912341536,3552215.8589786957,1301055.285578964,1989954.3947423005,1762925.2114338453
1938437.1388129538,2598187.588711695,2689190.6115025165,2245765.427576054,2021975.9180249933
6370095.154214929,2872562.8910713326,2635390.1009987975,2238127.717224178,2537381.834236924
6474846.728158018,1319926.940636389,1307298.0729052615,2239878.606754878,1898666.093544865
4166225.0057962243,1596661.8340849609,1295313.210783601,986210.0599917817,2035868.8228547887
4028477.3318073545,2589454.977641389,2350090.007217585,1441964.7597596673,2023798.4558977652
1932013.7298679024,2582015.749652133,2434071.8491683663,2905175.3233305323,2016664.3986413076
4027863.3771810047,2684610.384570538,2450488.2082015057,2246588.8648376074,2015032.7340629073
5298446.536130368,2970404.76947253,2592697.1219614125,2239448.7573479596,964691.5268142837
6462294.342237661,2585785.3857020857,2630686.517843002,2239878.3999996814,2030742.864703941
3400061.2917302274,1861718.1734640056,2630586.7519203266,1801888.6781529812,919510.5804777761
4155438.0484794676,2544657.042903297,1297641.5971685813,2181852.101975151,1298968.3702207315
4158519.349952436,2878401.8198637194,2403616.2091656756,2785019.56318563,950533.619190907
4113649.8562578536,2894138.079903805,2430766.9365438432,1977504.2422531648,1768807.4620261292
4022807.4148087893,2908158.388998194,2529559.639474886,2244935.5757744773,1754264.1297135781
1881112.3256213993,2908157.0753599275,2676306.5833329624,2235520.269224537,2014586.7569702573
6266318.51698354,1396053.830256638,2624880.0630007572,2236436.7233284363,2017998.725761744
6400378.730204448,2967685.5791331045,2339797.3146109595,2234662.8007481364,1225455.2375871702
4124620.8860340724,2907930.02059566,2677812.309376574,2243920.7192488024,1509063.9021716847
6177055.392661274,1402793.1796691315,2622379.3269278076,1588311.4201900603,844323.6161985643
6368173.156944535,1398446.2516772181,2615250.141374574,1787517.5698198958,1788423.6659668665
6411919.700168895,1389357.8118360324,2615947.31255643,2254439.652952103,2016188.4474706673
3423265.5284920107,2530699.5606982205,2409925.4542506337,2251307.084864377,2020717.1611373562
3713447.3498421917,2661544.398802733,2237009.0021272483,1002452.5737782374,1951811.9193092987
3986919.2139774384,2686076.6671834383,2379021.981807582,2238253.260513541,2010464.8302041467
3316855.9804479033,2857219.7341967607,2620734.6169921327,2230918.861710554,2014583.417781963
3982393.9021683456,2901901.0564176445,2421551.250388424,1773052.8832237958,1756571.281425295
6131058.351581325,2901575.851657,2667597.9765738156,1785692.522704329,1941100.5299037776
3978021.9445920996,2901360.2428451246,2645200.6483018156,1956105.9563090112,2011651.6763035865
2190908.0193388555,2901406.9028289625,2610206.495429178,2249353.14857653,1480457.2079296089
3417622.761036815,1391824.5648245076,1289487.6949026727,2231329.5739434483,1968408.9562916285
3406858.712334228,2628002.2099934816,2230120.1736193737,2232017.0084588532,1980024.4750846145
3790951.616192168,2658120.7130309218,2391731.7653488377,1216770.594854633,2013746.7010123527
3399122.6018247576,2781914.4212432182,2607303.4687794186,2106165.2307930845,948657.9203746697
1885326.7711845431,2948779.733261328,2609918.8116469407,1955182.0322946226,885233.8810718048
1881670.371553535,2894908.6755509595,2616290.3464515912,2229325.9008789216,855840.5782394885
3392425.004249068,2567247.6597883287,2331986.610586777,2731861.6698454292,1054571.9817763756
3883191.5815069983,2950458.285709981,2246214.042871626,2078071.2766353348,2010287.8881372607
6095831.970550316,2892697.127820163,2612538.335842077,2238496.168767248,2015698.5473632114
6121432.7873997465,2885272.34048439,1179556.279816497,2230823.7667279397,1925158.3660817838
6144853.737997377,2885052.549509895,2377131.1407042406,2224332.138080341,847743.2629436997
3388754.1709330305,2885377.6810137406,2653397.230853591,2226002.574731123,1745966.7688644312
3335689.2787000984,2594832.539084103,2605772.7912405455,2229935.914730353,1136163.1716373065
3953635.9928316725,2413761.546284306,1148518.4795162592,2238580.5602920493,1892623.326234806
6104509.188733489,2602325.131598525,1355094.508929811,1050681.8613074294,1939695.5316787227
3390078.9405782484,2891257.6000816966,2334831.0956541873,2239533.2182342326,2013557.763549101
3371453.9354002215,2648569.033229358,2546933.1378935142,2225386.7663641754,2015763.402512785
3957705.1022617123,2938859.936907508,2600115.9523397963,1003583.0415598716,1023579.8434575332
1820981.5978135408,2919570.303216291,2602244.6179658556,1414534.809728913,1953606.353886834
6097001.573146926,2879060.792046826,2611204.2204738953,1372374.1197570814,1953759.8492129818
6110975.958355576,1382928.2118274376,2363421.2452365155,1035678.9037148425,937015.6679209187
6134373.584517074,2406329.3819714156,2594288.8208664134,1985554.972575613,1880486.6778615024
6186343.145534628,2618029.5498399707,2597915.67190651,1944656.5807304895,1936158.2421017445
3375121.9669212657,2875970.830819818,2593156.924066804,2222287.176129439,1956762.5765662568
3372804.59515968,2878024.899151344,1159376.7223264135,2226295.866990653,1857473.3999562643
3941517.4541190104,2883929.85895574,1611593.8265884656,1038552.2433404092,1768226.5448054415
6078000.037331399,2512411.199893985,3278863.8843706185,1330572.7991046214,1953094.8545081778
6105830.227232814,2422936.2692245985,2359056.161633357,1688826.4326929115,2010913.33070804
6192933.474609977,2881914.95031582,2598275.660668056,2226959.1800729,813727.2199774479
3366580.8824571716,1260801.9412314105,2595465.9855690934,925426.745396196,1210093.7642273912
3929181.1073945677,2603437.5523408535,2592651.426205778,1920877.1138866195,2004343.2498848722
6089085.834838051,2923656.1576771243,2592910.4430209715,2211598.0268497933,2010370.124351014
3373264.039887145,2913595.0591344824,2596296.5486233574,2220480.9197957623,2012088.7243066074
3358187.843590087,2875688.9434301234,2138670.4544100235,2237454.9672373733,1023575.8932109509
3361093.8970016288,1227233.253607732,2551242.834133283,2139813.711124917,1043540.9270103734
3598487.8445941783,1454032.107033333,2593071.0292855874,2216947.323778505,1943661.0481823892
6065581.180656629,2515422.846328947,3135416.6733902055,2221664.2952659004,2004828.6212046875
6070131.217982226,2806480.3176571815,2350115.715178474,1941762.7298562801,2012263.532839278
3364824.617691567,2867660.4174808776,2593698.7987045543,2115330.746198631,1860530.6616750436
3933689.660258965,2869385.441351289,2590230.666023087,2206599.590776847,1911606.6958435683
3366601.32449943,2877050.918325982,2588222.473715634,1580911.6783967544,1998767.7258611654
3356540.009266749,2880821.8646689886,2588710.9543928844,2118255.466348283,2002173.3823340004
3337925.674869832,2589057.664912635,2590092.7885016827,2148008.7800165727,2004352.9748303536
3344981.9174871272,2868575.36918648,2593476.024826637,2170593.983009002,847868.9200753252
2135008.5611691987,2864370.4862148827,2589944.7868527854,2220978.2646545283,1453026.2728130405
2156872.4753259416,2859438.198778267,1792059.3072698344,1032946.691238902,1806129.3830672072
6146368.429924438,1238791.793814653,2124682.3395924703,967052.3290595858,1926071.202344552
6273674.295877738,1736787.3261554905,2343074.3311796472,936203.0304035972,1959749.5124514643
3363389.8389270618,3571742.11238788,2603773.7769923424,1155136.5533723985,1820895.9283111359
3353354.6102479133,2584936.1091968543,2593021.520558536,2085658.5926709713,1981537.8876164623
3338664.3976243907,2863316.333573998,1174392.0536408352,2218196.3728464465,2001499.20866292
3346556.362231416,2862786.3028706224,2584766.247317469,2232094.8130211076,2002352.8738615639
3982717.3080595913,2859520.5393203986,2588848.1138539785,2113643.1771926223,2000136.0346474964
3918386.1916037397,2859593.3310729954,1173813.9910771605,933213.674021314,2011714.5619924506
2132259.917074959,2862368.7355431993,2109129.687001321,1923563.4099077145,837337.9534816085
4547587.107284823,2338277.065887345,2119669.2124432246,1241816.9181639785,790949.6764471424
3347819.9001639094,2813073.5426997067,2327713.0277820923,2067433.4136845653,785754.8317370161
3350255.542385,2858945.0943648843,2597841.375383439,2126599.568588636,1704272.8908036973
3819301.3761172476,3421864.101579598,2582175.2174243387,2222591.635495199,2000477.3116141695
1717698.0153934197,2575098.165856393,2585543.1785939867,2226409.105410748,843602.5019749395
2126624.4426961485,2860719.3505922584,2581382.0248145307,1122612.6545408287,1161516.4350209185
3344767.998681476,2856808.866339213,2583475.1388839716,2151772.152029116,1809615.9542325884
1710495.8358752613,2854673.341946141,1425691.8597010025,2150966.163275663,2004250.6673779327
2040467.794212837,2854718.4701542584,2478684.484436911,1020215.6514109293,846715.9754604996
3336753.0852576294,2855779.8479970437,2582803.6787927304,2062851.7655376687,813438.7751084206
3335539.7496585664,2858796.3624712992,2323426.8701091344,2121861.9528025435,770176.3499590171
3589053.1499180356,2855065.026995426,2579634.544267984,2146606.847381945,1960905.4529497076
3977870.020213979,1939796.0844134483,3077124.595940759,2221726.300058051,837751.2807273376
3343932.3327926137,2316188.9161556554,2445189.1964174067,2040648.8063585148,1563063.5248227874
2329918.1537105083,2567380.1951471274,2581388.8056228473,1947711.7798921545,1690707.2854282837
3312736.171171758,2873071.500790991,2568858.683487272,2149456.051071825,1977827.7483780526
3305899.886667096,2861677.4462939394,2581083.081568056,2227396.033060641,899514.7633825691
3287913.318031828,1255924.9550111925,2582934.674790688,891492.7514795094,859287.8090255688
3858958.5641548694,2851658.3321554717,2580980.939972026,1319741.9047011943,799954.2505881467
3880182.692705294,2853154.0382066946,2583608.9654491944,2211370.815041535,803703.1306949228
3885561.288722882,1255270.1302794684,1224999.4924844468,2218466.4282462783,867528.0044660302
3885583.023951469,2299919.382195221,2594820.128987686,2221644.954749585,2005561.4006855022
1808779.8735547524,2325638.9544927496,2575187.3047372987,1122142.3445761304,785695.5609473751
3820406.2018523007,2551848.750906179,1174482.4120980888,1144512.2818297816,777939.5800464698
3852110.2305266066,2866277.29350787,1632754.5785626401,2139888.5202840273,764447.4622111343
3861247.628843603,2846666.234151063,1591548.1511513565,2204743.063620225,1981848.4236067038
3957581.720865168,2849659.777778247,1220657.1938821776,2222144.6890027854,2010651.6391162127
3885360.075653079,2845329.945745693,1208573.3037046026,2035545.906200173,779204.1336828986
1816372.1570091334,2847304.0607649223,2333755.1526226476,2097273.8754785424,765372.627962466
1811162.5278664683,1527287.406440506,2301824.841686222,2198888.2266926467,2006116.7945115063
1806065.2222340126,2734597.05260303,2578535.09538374,2208315.061372876,792258.4315375157
1799300.3793056803,2846281.23430989,2576696.803659171,2211826.8698313795,1127381.2560011076
3277776.832871257,2847838.624789088,1211384.2863817192,925786.7783254648,1950846.943170508
3563228.929636454,2543340.8841227735,1544437.2769429844,1629220.732562992,1980292.4422379318
3557034.174828957,2843401.9064231827,2008197.9604694457,1962095.1557253185,1682837.4157626182
3807651.6842767,3358719.688721052,2577481.888517369,2116996.087572068,1984553.4686169764
3876851.505492954,2687547.1474475414,1091647.2777255485,2154484.478603469,950565.7356973301
3876358.6147015714,2850610.7835924826,2166561.786212794,1996399.909007881,1771538.251394068
3876053.4769936046,2834073.13483061,2553558.21225435,2175598.117702157,1671233.0196704017
3876146.5341556277,2844274.5487881936,2576365.839164739,2207687.244830098,1635643.5469310961
1806012.1843755604,2846001.849654112,2578614.5561145144,2208668.945418106,1691306.1525726432
3271098.3705254435,2843839.5296838433,2590099.8894464606,2207147.0656734975,1961362.7839181302
3872081.1184249027,2846400.2693947456,1086273.480444935,2221885.944474577,797990.9303926682
3871670.2157872026,1312236.5473829634,2502685.4253218146,914590.2237108231,1928090.786053947
3871499.237122641,2862873.3646015786,2553904.275723706,867022.7237731282,1995534.7522305304
1801292.213584023,2838539.9218606036,2565769.7372793546,862409.2376978807,873073.7658766452
3497147.9922623057,1256861.102101754,2570502.5896504056,1888020.7206834138,1232061.1701011944
3527398.262896805,1762605.520446023,2572137.3766159364,2186909.7890883093,1749577.5821649625
3672848.4723789715,1722027.1161850267,1084058.706815145,2206729.1247974876,2001530.9497593306
3948415.6416287324,1307484.8834033199,2311599.3985164356,920888.0789900695,1942065.6659939755
3867708.0025854534,1294358.4353635767,2479244.9971967456,1262603.8086954285,764644.7892899846
3867266.7867420516,2513297.8418176984,2547509.6813142835,1971578.1804050757,1123880.5003305145
3867052.0196460364,2519297.755060225,1781986.9193498993,2212257.648405052,2045364.6297081125
3492034.2310882215,2840773.108572024,2482926.921730332,924337.9422274849,1771666.4997168775
3524221.4182009106,2838747.488490431,2507901.5809706235,889483.628832425,2044389.5376862213
3950429.84706462,1297395.032023131,2516723.9452360435,846016.2850947097,988585.7756112936
3946398.0585455433,1663240.9927558908,2569599.584047875,2155183.392824947,1683088.0800249258
3864121.8583064307,2198268.915808006,1204312.4975759487,914712.0931876806,1121542.210766899
3856368.4668105477,2839211.504451178,1134058.7860151574,1744854.2351418622,782073.0854084316
3856021.5645120274,1164275.5636712841,1100921.8233218242,1881159.2404452076,734876.0985499469
3855929.595976511,2366953.7256675786,1355778.3426149038,2171769.9688443923,924873.2886897636
3856568.3612610577,2814681.956307005,2451102.647817805,979597.6840791701,1753568.9880723087
3320972.159843663,2838051.7533530393,2573663.681599933,937505.679844923,1679265.839530735
3204324.1694642096,2840205.5762382834,2583853.2367236284,879076.5928379596,1785535.645927765
3510980.2056489335,2851351.991928442,2477374.6751047657,883867.3108476698,833785.8632897333
3862271.449218761,1158401.605487679,2559748.624745738,954200.2644082039,1404741.4414654276
3851732.2797047817,2758358.074077301,1109108.55499818,1728898.3243922393,845948.087912591
3851730.1009686505,2815034.8502801447,2292666.8541906397,2214179.287488315,751225.1842689841
3516886.9047916974,2828177.0870893477,2579369.365286944,860532.5040141735,1987832.248461169
3934759.640220515,2832222.731059197,1458628.1309134853,852668.8513294295,1996930.2383652416
3890585.0881743333,2833432.4965162086,2432103.572477515,839164.5714752987,1998818.1955890977
3847562.936209848,1155947.8271589973,2486752.430668702,2175653.7404841757,1736779.2791257175
3847794.5821272554,2522927.342537051,2572609.938289573,2221313.445392567,770816.9995934824
1788935.0320697785,2728282.263316925,2584740.3032553596,853716.6426960046,1726605.1763345595
3194895.631615704,2807645.464710664,1320600.9076124702,840839.459160001,1657850.0971446072
3523605.075647305,1934852.0796952175,2498958.615870439,2215062.1459939987,1997627.05101352
3923790.2996166493,2732284.5895395684,2496061.315186759,870752.4687919484,744124.6934696196
3843511.921835246,2761496.674523233,2576263.1103236927,1231274.528777677,764662.3622303682
3843863.683470958,2773266.422556418,1189672.9042304226,2145102.891700057,1666150.0466184372
3846593.2755312514,2830698.4179036254,1426280.0225512818,2174089.924051377,1988202.2179341586
3854999.0606673043,1289602.9525869067,2421077.7318987832,1872390.409985696,742411.6344942868
3244145.754170757,1212747.5747974638,2472215.5876583518,2178163.948213694,1422462.7848980515
3188592.117170285,1174683.6719662228,2490616.777790813,1044050.2959828998,1995885.1224634193
3516790.8053987534,1451951.2015713456,2571685.9263767167,1987725.6019175248,721171.8216896061
3849393.249855076,1927026.9798892525,2393183.065624487,1882054.0050640584,763571.9223295168
3839571.30550535,2700802.8307781187,2493065.8012324623,1824561.9741653197,863851.8663079385
1639107.4104120918,2834262.075550057,2306428.6917009023,1873595.9069094139,1687652.0002971103
3509148.453766727,2844082.4321774207,2488894.3024207577,2155438.439084545,1998216.5934615037
3509571.1287694434,2689002.9337378005,2492591.125454616,877389.5540281434,720334.0655468456
3916479.6534614908,2725885.9540099306,2570014.9949205914,2123108.078378995,778396.2662393774
3905501.0515008057,2820441.7163815065,2578819.500862369,2201993.409162992,808748.8575613253
3843451.8230740116,1188931.724030929,1052173.459385282,960422.553198986,1014565.2680466808
1602748.0340446678,2503235.050377912,1559148.0720368016,1348242.4712454288,1731146.633450051
1859751.0928446003,2839123.637727372,2552424.9846632015,1918623.5697347075,709563.820458387
3257345.1892585005,1560667.2870622736,2566927.8148564845,2209124.858832132,789056.9425401473
3498223.880580597,2680925.685339672,2571859.341955091,2136434.829461419,715826.2845195918
3742705.644850177,2691501.094787323,1319194.851903779,839164.4202141868,726561.1602863725
3832233.4277974307,2739991.672693975,1353154.9236079543,1226777.5838352325,1600639.4425169602
3834655.171843555,2832237.4966756585,2482578.330061267,2264573.810627295,742840.2123251344
3495387.9568332527,2844226.047774729,2540692.644190421,1988048.443759785,772407.6085581101
3863272.800680833,1415036.880173733,2550988.7260769685,2264502.947511066,881410.152259415
3865949.332251513,2755524.91011275,2574627.3583735717,1084267.6152646698,1766287.39391741
3492618.3218720155,2751365.8452305235,2572727.10555418,1867252.5981109724,1640964.6093785113
3845186.634909944,2835551.7189640286,2392509.2576312437,2264768.2638159166,1642180.7555801934
3827700.7728497037,1273575.7104945679,2447012.552948574,1224269.2637851762,1654865.00376767
3823392.102910185,1527574.8656615575,2535332.4103927384,854543.8523562135,764332.1558564567
1611242.3073383546,2663005.3374501853,2556165.69624954,806422.0513051831,709836.4472984712
2179161.648529802,2723552.015373434,2553114.5887623564,1015679.5122911397,717912.668594243
4559472.64856137,2745106.6244324544,1086266.859689347,1968812.5341069014,786406.6903124203
3489567.4412336037,2756440.687266957,1934344.0628637758,1862959.4253723624,845767.4539623796
3489915.9584329166,2830828.253462638,2316141.357813834,2003744.2763649176,1565240.414467309
3847110.6943661124,2836043.496792073,2456028.458084156,917344.1750836921,708214.5126443158
3839668.1121657947,2838320.8644505627,2493942.1631418266,1498056.4600273075,1231351.512858812
3836315.4826675598,2621725.875571246,2539512.589783404,930346.8385264106,762371.9397235073
3821155.102146189,2747821.645951685,2572491.474654625,823738.5853868431,1099721.3905401118
3821243.536032456,2524640.1673047054,2347052.602231339,2188751.891012579,713413.5715591788
3823890.2630727976,2743008.2082463442,2417007.3287780616,2204621.6594563387,2007361.4465304392
3824905.84603779,2746271.184881393,2513480.8612391385,2206859.0944623044,724554.864020919
3820178.7801789525,2828725.3465519655,2548143.154729773,1951076.8708809325,739324.3258117234
4535975.543453914,2837444.924606846,2549066.576238416,846390.5968371957,987285.1651860265
3193885.011825921,1120838.973054467,2547872.0208918247,1939664.9348900507,1439837.00760143
3779155.5757924234,1673863.2482575614,2572816.67327786,1837324.94869638,1629148.0890666575
3820201.1655153586,2811595.450238248,1073982.9120643747,2205603.762692355,712976.8812797319
4373335.257478097,2825683.253558076,1025136.5087238714,815719.6739541196,710976.4294068447
3183247.824996208,2830320.2797053405,1022798.4749215947,839035.6622852819,1722468.2141313525
3476735.0674933763,1413109.6291888417,2246735.1966024744,1875733.193253173,1660640.8340043854
3836617.874902223,1449830.3931994697,2524274.622614511,2189458.0647754613,714093.6869574056
3831435.1051275004,2735598.321548694,2554684.9947525808,2204651.642599934,1164976.3395492905
3814584.637957186,2802411.8533722754,1080296.6046307848,814202.2920050686,1692410.3812118166
3814582.794960078,2809740.276911684,1476862.263048307,1575429.9998067005,712635.713650448
3815909.0310046957,2832738.4150911677,2322975.4671021546,2203695.6551775313,720282.6321130769
3817068.0313251503,2830795.462720635,2553975.7240656884,790376.5393702547,773627.9082677317
3819931.9615120227,2625960.8658041437,1084260.513610219,838252.8528238127,999882.6927679466
3817383.0508595575,2697281.298303681,1047060.0243564759,950133.799376454,699251.6483154284
2427912.4729677313,2797275.6128405444,1004849.7859751752,1901020.8439584435,1431221.123032324
3172406.949151969,2816660.271970035,2493267.318518263,2206536.4563869964,1698684.3332608696
3180856.2266818676,2811498.2414314467,1073558.4851377467,789373.1489194802,1656394.2978176712
3474660.525254439,1158357.0540337914,2048008.21934372,856202.1072268795,727388.1569486023
3829927.5247388626,2119958.727086838,2244909.7366029224,889289.523128843,723044.3013128948
3813596.9733385877,2530894.5313201817,2508874.1632280326,1110954.293584551,707854.7707826934
3816991.625150354,2628864.985916646,1143636.05646313,1944839.6120465891,708102.8601184742
3814576.1550244144,2703950.8679061206,1098397.9575353293,778438.5113170204,701104.7106410763
3161924.055270214,2751232.078160859,1044467.3292054718,867641.0036348156,706096.3893359238
3825738.435815484,2800931.5482173497,1050976.5088010754,784282.3228963647,730845.4401981815
3816990.5299350773,2830249.3029747563,1131718.0729917507,796621.5378181185,849398.2747370738
3814156.5941226836,2533634.645579556,2030723.40571552,1794245.1917381985,701226.2739999095
3810925.296195731,2566710.874851324,2556615.3582606344,815049.4379921991,736710.3814193269
1628763.8308380237,2659891.313767779,1016447.1922167848,849534.8564207926,1680791.901503057
3822634.585794693,2769455.553924522,1008612.9078213102,968261.4593753375,1587357.9868268638
3803750.187148066,2807294.9371709735,995642.2274634761,1983369.925307857,703618.370738301
3812198.584993034,2807951.4600271666,2507575.4420740753,1844628.9462002076,714673.2299973002
1627432.0145492514,2806119.6158836177,2512046.6889233417,1831333.3181830486,711091.2407459118
1621647.5519949333,2830343.956398169,2578952.0973849297,1836332.6564372831,694027.8195503778
3153542.125610537,1144905.9422144298,1009201.7653459614,834037.6509597714,732672.5769872777
3166698.679209696,1091145.2193322864,999714.8340474375,777947.6371696979,1573809.6177698271
3435267.206615737,1087362.8363504312,2557942.1267931033,786393.6600948597,751166.2058341652
3820603.046439954,2454456.7885776325,1035127.6325529962,864853.8350198416,698503.1400664047
3803480.5661113146,2779728.1639514402,1444658.8126755995,929918.2366615348,698735.0206040314
3807401.902868403,2814926.391779284,2482523.040702492,1755400.0457903638,747623.8904434027
3803966.273938335,1151756.0562757128,2510137.4492369974,775691.3466409786,790967.9288901734
3806912.605948958,1590786.1614940648,2515478.7888157777,1339660.0831118545,808115.876875742
1944413.5846866674,2535904.4308043974,2234192.605647123,838245.0559799396,830452.5323185578
3147187.823988243,2777589.9833103186,2513353.7058709785,1200345.6963494215,1684635.898093991
3646322.421436853,2811467.8418282694,1239741.7423590128,780901.6385230855,1579878.737563597
3804868.718056122,1157068.3546413947,2335140.9910874595,2218043.414618189,1506876.7648604356
3806349.198356326,1114947.827878969,2221159.263185683,793156.2238912771,756406.7516582415
3808072.548404306,1068681.67643817,2175238.077345985,810695.343932805,727387.6506495761
3803550.458019748,2748976.742641533,2228878.102712968,1080731.041908822,815266.8332563612
3805756.51425077,2760666.692630887,2492064.9292753334,1548400.8727621753,696332.7360379508
3808159.2011139737,1144860.4027589934,1043202.2779499084,1806274.229338274,735746.3038968542
3128874.7199519924,2228426.4867753787,2462122.46107543,779544.5749399138,1738425.6095905171
3391841.9373430745,2445214.4327436853,2549040.9404953513,777732.0699926617,703906.5248054187
3799032.1504223277,2763744.0056471433,1138752.9553011064,1936183.066343371,695773.493730248
3801792.368936008,2769029.5860437793,1537592.6236258573,1875707.509453006,704088.8982383261
3803222.1001815866,1223168.544867665,2268800.62908404,781101.8031451846,707150.8149707272
3804893.8656661063,1173419.833523957,2543946.464319882,1276727.3591046738,788032.037397628
3800335.5443071807,1116971.6975889457,2473503.0330294054,1904368.9760079584,1136439.1565613598
3802502.503841282,1124533.1833696286,996940.6403151533,774500.4162677734,688362.0848166938
3804868.7499948973,1212261.9864967666,1438273.482168983,772974.7058517681,790051.7875521382
4294357.812399388,2210411.946272585,2550093.9053834826,779277.6042790163,935085.9298801475
3551250.24386983,2813469.5124883754,2635411.370609632,780332.9665526843,707230.067915132
3813092.729753679,1081460.385704391,2335777.8917935025,788663.4833947798,693054.1270348395
3782379.4969127756,1072918.3112726798,2642229.926296187,850620.2054393553,802663.5689079139
3800241.076798287,1058784.1322581284,1283410.3160267232,1094705.8408752996,916885.7891693298
3802765.977735795,2762096.0102928914,2218410.627868577,765027.7074615635,1686716.0236476827
3802943.751950084,2766212.4288944416,2630297.244388718,777745.9948439454,700046.9251518215
3806857.1912591825,2835462.42332449,1435382.5908559265,1546180.6051949642,692483.958155161
1696460.1473269442,1073518.5455536225,1006165.0800983943,1911416.6947456207,708698.0323397038
3811677.5991597874,1053780.8182318422,958126.1037001236,1861208.1837497086,1810396.1912573748
3822545.718876873,1062322.9165808677,1206640.2717480587,793931.2393574123,709166.5548069663
3792582.8906709594,2814427.2875828356,2314768.9504283983,792918.8077459926,690676.1181153301
3798964.48036223,1106833.6591620944,2206256.355141593,1903409.9183011798,704986.9189455973
3800790.1207480985,1544837.1499960783,2213097.0914338115,773982.607985392,1703501.209515273
1628852.567453783,2737132.533674154,2354359.7370218965,775300.9146277806,679974.9122294484
2194229.002452066,2763820.2270665346,1089361.2554388882,766714.5852456653,690251.5236490003
2148035.708847523,2768929.4845079985,1683865.9591101287,772422.8109145504,692352.1600142748
3818771.0757988053,2433022.8290002933,2204640.3856600197,801335.9734096554,830601.8008909846
3797045.773711787,2766243.9589409796,1103635.441016489,932427.7709338634,1749403.908557376
1689932.8438357743,1327953.0170157598,978404.7447598937,766453.0115116343,1668530.9871915062
1674212.7582548577,2512677.7444989984,2523587.0820502574,808584.293767146,747302.7535051606
2176937.635489308,2394580.415352488,2558300.649054221,1892336.2146720998,784886.2808504335
3180426.879718754,2381525.343182593,2548549.6597346636,1778684.6509992934,697237.9068739328
3360552.825052831,2433811.8279805533,2295560.0786008844,770068.5970917393,688972.3800872433
3796206.115016409,2745867.306107806,1005896.2111377517,1899751.701310131,703945.0564051869
3796531.742542464,1115739.2903190653,2282228.6284649796,783157.0183717759,1710490.707766457
1688111.7102528273,2710865.859764037,2191926.3770310315,776004.9990562836,699958.7372205815
1677434.8363290983,2806975.3476141416,2524036.8757185894,758961.2345412044,1069959.8675413306
2139652.4265896836,1220029.261451788,2559586.792200491,781694.9400728414,1596480.6846289502
3082737.6072647707,1658698.06287239,2554801.8775519505,804006.8041163587,674801.7567048459
3355383.8406188427,2480399.5985026793,968931.7698059243,1755512.4129541535,816849.9184246688
3792641.9037742014,2800126.4827614957,996663.9085169903,817702.8405983443,1710975.4248954505
3797597.8217424555,2727199.6944838557,2290730.713058343,763696.0999761355,690247.2346996217
1516379.5358734122,1064404.775826163,2212939.2042625477,764540.4893226473,736065.3234059514
3011209.7670402904,1537368.084402506,2524637.685626764,821768.0814391255,832111.7480348436
3773932.730527264,2805966.6140547195,2558615.8159651794,867782.4312040573,964984.0418579389
3792997.833385517,2891033.710772621,967767.3955342984,886485.3732373985,1656357.165963648
3796277.551262534,2513179.027313505,1848828.735054377,910987.1581503308,1546039.4838421256
3815532.607408547,2897740.675177157,2551506.314152185,1896768.1320288419,699056.5991776402
1509107.1385243323,1374205.6987444304,938258.8334116171,1770342.492449476,750707.1103319747
3699936.8828895455,2410495.6517614727,996285.9960103922,1683333.9099120027,814524.5449723938
3774299.0522041935,2885590.606185972,1133307.0169539058,823609.110780044,687060.8925175855
3771629.9072504304,1534319.538916598,2239678.786192355,797746.971031848,871848.7587882128
3778875.868815351,1069751.3847594934,2558754.2643613177,894670.5363220922,766656.1380667702
3784631.2378272815,1016929.149878423,2560974.745607465,761474.7067419508,1653780.9175651558
3789679.290894323,1291889.1654301959,936258.0155534009,807780.752902795,672749.5118128752
1505382.982553318,2491101.26983895,1018964.670897259,812295.477182077,669112.0362140147
1503614.1299299784,2405427.441741506,1056248.8526368947,1953388.1062398339,716663.096460462
3360503.0776678477,2404460.9831261723,1310879.6511791272,767698.3587429387,3283080.642682975
3642847.101931754,2532992.3168782205,2288447.035009103,761233.8597968858,1362417.1482763323
3764460.7280649906,2401454.739887498,926389.756511388,770398.4788783274,676344.2955162211
2415883.2240486844,1166411.6124157512,1031547.8432875423,774418.4533267829,701888.8060766999
3640721.3096434795,1818111.1977124247,930871.7395803496,864418.1747622412,691603.642506513
3711345.0470474437,2405596.2580399653,947408.2688495442,1226400.2488665208,733904.6809082716
3725094.6313630072,2395711.038870774,2118690.4469710873,752282.8973527286,1230126.960018036
3783092.2620288106,1181647.0411463815,969180.3145094389,866755.2809363061,686816.6688566789
1666093.5183241528,1043376.0196349043,1011120.0669313108,1023234.4728819536,673065.8347911832
1573127.5475715604,2779723.8046571566,1152174.121699234,770730.0411042074,686987.4435724204
1524896.5127442072,2813452.2784025646,2332373.5015592477,758008.704921763,1655596.8063285928
1855916.1151963745,2803471.8374711517,2172469.6842796733,880217.8059783044,677710.7537164574
2405734.411537441,2470858.840715627,2177040.5375402374,1002861.69432192,669467.1791393775
3610379.519932392,2464117.5969115077,2181647.231916307,1899244.081174595,669753.4380359019
3626864.149770053,1074120.26697669,980889.3093283862,763178.6248991183,814002.127626304
3788760.3563419166,2456519.0375805246,924652.2637933948,756319.2666463936,1529347.787254419
3805851.5806379276,2393988.7978330012,934268.9685501979,776654.7848169355,730458.9471419536
3584979.500743699,2773724.2619522633,1028403.6322130109,2031435.7553245844,726288.659323538
3579965.875005505,2814399.045050168,1109354.2314988417,772363.2975885693,671464.7728476181
3622564.6077315384,2809505.867752268,2074316.4015247177,754543.192240181,734494.8642008819
3632113.7677778685,1032836.4741502216,921611.714807255,772155.7664195927,1000235.4611491484
3771607.063312069,1063570.2546121625,1544396.1738593837,783215.4156923221,673097.5010571737
1560872.6323739693,2465606.129870793,997674.4272604961,1917188.1431687153,723012.4413082962
3339091.6015264494,2384570.404939973,1407204.5191411362,742904.286296083,889148.9446220591
3578216.7262827074,2780225.979835223,927442.8597016827,754616.0276150208,737700.1222670774
3606558.806653914,2813440.914617557,2569880.293575455,757786.051783327,698884.6729203155
3799086.6969086127,1028837.798157072,941601.3475558314,910052.1719816591,674029.4290287513
1979706.2557940423,1031851.9332832785,963234.3128553329,1965875.2448024042,713744.451376506
3574138.5295186844,2008834.0412731175,1275320.1381306609,1879839.8287533144,726550.103394319
3597792.601096152,2806410.576796189,1756896.3416890556,812533.6261004104,783493.1139968998
3675037.9538014606,994287.3096204061,2155296.049432093,860688.0480224249,1570257.842935664
3789380.8578370633,1063539.050418134,924050.5627898963,759646.9151696688,1533281.1561426516
3806419.9570458746,1213553.4245665306,922875.5535628867,752732.3302785765,754288.7666857343
1827433.7545808565,2431959.9823295265,2280079.2078035655,770949.6908478218,723620.7362363498
3567874.4292045105,2813418.337066726,2169957.932138436,1925070.1980492421,706639.3981932084
3707748.982642912,2815411.5766616496,926970.2528083521,765943.7713828528,682316.7761447463
3699931.766315226,993045.0304492833,1450942.8164974095,1166921.6173854521,746298.3021299354
3794260.8750435812,1089647.597248823,2245551.67326862,1788260.1115185195,733292.6609889575
1644894.043743617,1129986.1366888648,918632.7823234367,751511.8070318379,729058.6730399365
1967129.8415426617,1402684.899173658,918055.538311966,736701.0391364724,672298.5496519174
3528762.3422058793,2463057.744025947,925171.3562361439,895182.3901967336,674519.7869169388
3566441.6046613767,2807012.090705456,927281.200890105,1925637.7155689117,672222.8364980597
3660216.7322883005,981433.5344155914,936603.2870982994,755233.8459831619,715203.4989896077
3700048.8263719687,1103091.3607602178,1018361.8701248874,805710.6899512641,687256.9553502118
3691528.7637689123,986082.6262467847,1291509.5689753229,911536.7175057983,677076.3471495577
3702098.0817772606,1009632.6412154302,907648.6600411482,1055269.2463822283,730087.9057370994
3787657.112547922,2307770.5923110377,923690.8841035734,1853866.6166854622,705255.4358511686
3795048.5535491817,1033726.8729766223,1744444.0361631473,1726703.1615953876,671678.3737241471
3798262.529983424,1081094.0667454246,2253847.861886765,764772.0295908977,690373.0560264984
3468736.4435816044,1233149.7881289304,2190901.9460453587,821765.8753600717,748074.1798959188
3694988.0558149526,2509543.7939437698,935701.4542040882,892385.3421579206,729561.1895891274
3794409.736553044,2363091.2941144407,942931.5213333125,749618.519049002,684845.5417767174
3347751.5743955784,2373313.744422394,2244499.688677461,953505.8146271239,713337.8565797234
3691823.5834718305,2383356.642435517,918167.7239629759,840244.888230071,727878.8908054448
3688503.1500271494,1041603.5063858542,921263.8077099553,1851006.2267906468,764462.7907025566
3690646.6255762447,978819.1386406926,2253220.26365107,733905.4435702724,759742.8481563828
3784881.577282806,988436.1865245196,909760.6205894724,730945.1489368043,726115.0339260858
3792291.3622280615,1099837.3261195566,916930.1155646535,783385.6233561953,674993.8656133063
3797190.6119930884,985346.0128533067,952123.1056222301,3545662.305498651,739211.7778182173
1457641.411491805,1093822.9265588187,1109405.6026640781,1530357.0586320679,710919.5395656339
2142483.797744672,1187312.1178078516,908557.8392179399,737010.4780036153,815646.6749212213
3688798.6135758725,2252725.1328176726,968077.1975763575,766178.8646905144,1304364.7223355365
3685547.676667414,974871.488273468,2232957.3578001666,752551.9704448369,734874.3879917259
3682439.480324067,980636.309843227,2099139.58489851,801431.7368745802,722012.0733680169
3760297.4632215123,1665709.548075586,2091236.5679947245,1340338.6084730271,709373.0960681081
3777968.455220782,1066394.7231962155,2083443.425324728,747522.8444578352,679482.8546202284
3787791.2691861247,1504031.3222199276,914598.2499558807,733923.9297455819,690705.9127185431
3787230.6754162307,980493.3817097315,2241666.29781018,749607.5938673205,719596.7339517829
3793470.566353268,2822791.7339487416,930752.2125134437,1853073.2777993977,827231.4110128636
1815996.5403439256,1002240.6417405825,963287.8638194159,738111.5423444217,689809.5679706141
1871198.070657315,1027011.7484058425,915165.7714260785,735250.88669237,712128.4047853012
3678507.9898252063,1363962.0106892672,900529.1592370203,730035.3983193586,855015.953817814
3755209.8707037745,1890871.939736337,935575.1950759215,731196.3242392619,729017.99984496
3757948.3810311384,2353082.460148159,962439.2280677016,891269.8511856649,689570.6385779363
3788277.7174636745,976317.9919435445,2098381.7440317757,1714383.2559098161,694594.0900876822
3788067.05223438,975227.8578093275,958997.1672438205,793181.6482702818,714215.3592574666
3467645.3536143373,2454246.9722647336,905725.7302493464,788497.3930720638,720346.3555218633
3617658.446423518,2339096.795333735,907643.6856338404,732461.1327534011,711463.5464349735
3743789.4788632314,979523.9021847877,936704.956952639,801895.6993564789,963810.824436523
3754742.2064534565,1567208.5224157008,984573.6920541645,1092278.1594764437,744528.8103537445
3760680.119180326,2418299.8976076515,1034631.2906266366,731200.4312633373,737145.6005777436
1498616.9281109197,970480.7284268774,1055709.1808834195,733810.172219327,694315.1966241088
2965228.8155489364,970181.6924453591,1083577.4439768672,789184.0727988443,693958.9509886034
3344848.768754033,977716.4792118788,2238269.2157203993,971595.5547505968,718018.8833164425
3440929.4498643954,980487.7081075587,2089460.8621975002,800668.2055499635,777579.405109971
3469318.148907204,997022.0924303447,1984873.9324731312,759704.6153101665,905659.7971674543
3590943.1955887456,1088503.5200608002,965911.5652045051,734238.7240462184,692895.7804384963
3652005.9325539107,1381794.7080493972,954534.1400749584,779050.0909719233,709677.2020143311
3701952.1839675494,959332.1442466367,1065419.160111868,793425.7962368855,2279769.8872945635
3746535.1918534916,967650.001343327,903256.5399953547,859062.6853484067,730533.2033257684
3784928.4221135015,976263.4843106086,967202.6387805606,1758683.955855902,719199.1423335514
3329916.906459918,992096.0816559575,972825.973240796,1718804.314420906,750513.353783501
3353328.408558947,1876517.3021985553,1085743.4783291072,818425.8568602798,794010.3378115064
3402562.201214023,2427121.1479333146,2299363.9745122227,785463.5234365192,745030.4866059136
3440506.9501548205,2381579.4905253407,2235312.9536557132,767687.9276667733,697582.3110490597
3572299.6973910728,991202.5754315335,904971.9983490661,742535.9055056204,702951.2108311077
3717478.1949658575,974725.6688848097,903481.7491915182,815703.6894805626,726098.8160254661
3745035.1033172165,1005194.104671338,914060.2096087663,795881.2165711438,751044.2443765801
3746156.4406468393,2417037.1118051223,926150.6927210597,791114.7274800712,1376842.84718956
3746759.963621655,2410686.0587307443,1030414.5605005445,732512.4081485656,735091.6202897888
3787635.297193969,969775.4126515024,1363353.2479395478,735050.7364489317,758143.7202683759
1481720.2008884347,973950.9210516649,891508.8554287903,733182.6344546756,704212.3234925908
1419919.924113463,2426366.7091982476,1033101.6362410334,776476.7073651273,718471.9769774441
1418724.7151207658,960871.8561516163,1208216.2868833337,747506.4303353215,715216.9029158306
3276596.763646595,968715.4154471877,907252.4966802611,737142.0834365957,715347.0572412085
3726747.0215172064,1015201.1570551291,899114.4250205839,797346.0276450467,1552742.688656266
3758874.9746223283,1186433.4219180027,1047802.6308597765,766062.6379567984,797849.5836410712
3790595.1202649483,959363.2752625558,1184162.0894703884,731953.6264752457,733053.1208968068
1489257.397757582,1032776.338983697,2241364.658534319,735372.3124472374,1227848.499491601
2048681.2883697979,2405120.255143408,899169.7978413964,751827.0983907691,807217.0808088263
3359014.7501631714,2285197.5643256633,895275.4873517826,811612.9576517561,766586.7403430981
3723881.996917249,2276714.887943951,929228.8875612722,791744.2183022212,720054.0627130632
3761065.915544324,2268344.197062065,2394993.7572423285,774550.606159741,1574101.2310206199
1497192.3989153744,966513.2354239968,901120.0353227907,744947.9230968129,720275.5594618206
1444719.1110209352,2414428.595757126,908242.9346872445,739518.9333790027,732716.1692022533
1396291.125035994,991642.8155588923,893430.6698586078,777638.1691901175,736280.8706879825
3696652.442176344,1027493.9621191791,923232.3115323803,794348.650772276,760325.7799783082
3707837.560367602,967983.7774455951,935741.1725754708,829209.3354152868,777647.1722226939
3716296.5430365433,950871.7621774309,2261178.687201565,823898.2467027112,850014.8569587034
1481130.7745628434,996487.6460755954,879809.7938889267,787747.8204983153,1105186.342306808
3037620.6020829123,1026730.4510551668,900687.6432524803,735133.8463201371,1531842.333346508
3283157.1446691877,2292958.3089610836,905769.7059966135,802121.381174238,814682.3152243424
3709723.923671211,1016497.4569993522,1080385.8241754882,773604.7655930015,863201.0336629895
3714589.5151963984,949021.5540046159,2314346.202404943,892260.7471000522,778499.6953810556
1579237.4831839346,956317.7691831003,2252632.8164837835,1398117.7031170698,1182801.3739823096
1518097.9473728994,958910.8380905533,2220104.895391546,797163.0961152368,814159.4973086821
1460165.658976967,997982.2412172096,951495.105161482,783324.4296631276,794222.1085307128
1472652.9764810225,1052034.7429931418,1025265.3940554961,770159.8880624874,1264349.8943527134
1590659.9675112462,1104976.5077755826,894244.1083929017,739536.4107583133,1041108.3019676233
3016455.6823472353,1127757.356936719,897508.7916803354,751186.0554065091,1634439.474944036
3707223.60315296,1158017.4691527744,921481.3337729269,785040.0483302469,770939.4661790503
3764121.698092018,2410628.1128784446,2270553.5489681256,896780.322638071,783812.7875637623
1404711.2307965432,2274477.256088147,890054.5289832193,743078.3586208333,765247.5687995396
1395507.3269789803,2157295.228011487,914610.2965993963,750603.7929968914,1156410.9720016995
1381210.7698921396,1025168.7663899745,917954.7114398311,774472.175430813,1706264.287299386
1454972.7779751527,1017817.9246665273,1373956.2618480986,934035.0863683437,1993232.587516821
3707438.161484182,1138642.7392317003,2109703.1448305077,790877.59660324,776857.1075900008
3710800.795181007,953814.3137721362,895371.1958650426,749820.4303167368,1154464.3551310815
3792713.598280627,1032445.4854675494,871178.1322257069,756286.8310929777,795350.8905224812
1400032.7940743403,1038850.3655300445,1063466.6532834866,777427.374384609,798820.6189176773
1395179.9334044827,1159721.7497108183,2271335.1742188134,781468.6806529851,1188131.4787103457
1375043.8755504545,2473823.4205649067,894258.5457156278,772258.2791149849,1027324.5950078634
1388524.613429769,2407376.518653932,901882.8634234561,1051747.3430131974,822649.1243447904
3704382.970982938,956166.674864961,960304.8616151188,807473.5641345576,1181709.9011925422
3765565.257724172,954427.4809721891,1081530.567498488,799653.5569843857,1022376.4931716988
1447336.6343365172,972541.843764576,869579.2288009379,787173.5871641914,777642.874224205
1972044.1553974918,985867.5080928593,1074949.5255389414,754545.94609723,797791.9456158527
3682830.1322665187,1100406.2876046794,1243400.0186049885,750908.1793060743,1504249.6590416948
3703136.2304815254,1475982.5179732086,2192023.9680610015,754648.7658189589,810765.9850356445
3714174.797865485,940941.8381943962,2059797.0733803199,781989.094232861,846703.4840070392
3712347.0279084244,1103512.461391748,892890.895791725,849921.5026228965,1179018.9500666815
3259919.944866498,1291335.1804567117,912553.1428596585,988242.0579219039,1706093.0934908215
3708879.666148736,958484.1998514534,978479.6130165586,754063.1843914002,1052179.860202137
1745593.9353165827,949550.9263746067,1059777.6140597004,771812.3347544255,1712518.7536394172
3176843.3053122335,1119177.653906892,891425.5297702708,784954.1000920584,1792142.2751038303
3056289.5635242187,1264871.2963944639,1127056.957338383,2446717.8141938336,866568.5416559889
3251561.5901288083,2413686.8313562647,1000768.8974601793,798031.2971027413,880584.1255661318
3249419.086253765,949704.9968092684,2188741.861854675,792316.6972632853,1167395.5327720451
3690064.5354958777,944631.930769967,872789.0823959608,782928.2733373985,1656333.6426889019
1460785.4827601945,955724.0918493657,871113.1895110167,818872.8286368749,862968.4066936116
3645295.369582265,990047.262167139,932631.6830685525,868657.4040500675,915756.787668276
3748564.7283842633,2574186.149907301,3996374.213588826,807873.614770892,871802.1728148863
1601894.015306063,951753.6938624241,1806764.2717127772,758016.8374093854,961277.7436266663
2074886.0150443846,953395.7915814974,874792.1135178966,763888.6556852869,898802.0129812355
3287590.391678327,959434.4831654286,910980.6160943011,788278.3313823688,965969.2830158047
3738991.6107951547,952834.9364676594,884560.38119215,787639.125898059,1127288.2622068976
3671553.017809199,942837.363760143,951914.4426111116,814171.7016097663,991576.3569724434
1386787.9762065294,983188.1844538499,1534583.1532753198,1480678.0283740258,961954.6042249051
1960209.0367556112,996742.0046391236,879145.7377654889,797309.9937768979,910025.1764982956
3744724.1823628056,2434222.7079566843,872120.4052072543,821595.2919905594,920197.2540490438
3875577.012434549,960905.1860788971,891052.096037191,765480.9910754904,990416.7142733089
3179317.445577522,928547.0946255674,2198753.4716780786,781467.3134032818,1257865.651475404
3884934.9536295426,948606.8379364761,875269.2285089444,777001.064633687,1122592.3625043933
1772224.9290105824,950656.8124833953,872478.6700880423,777742.2575574905,1137054.3448807301
3224785.485813813,957118.7595187927,867692.3889343663,1668504.633084422,924257.3900865873
3870213.2555526583,1153986.75795954,870315.4682324398,864961.0118966146,972529.1561869668
3883169.851721291,2489636.1870146715,1057405.947450297,798144.4488199924,1222405.295188599
1956470.4473263,2440673.4399217954,2025515.005281973,1320349.152435206,2558125.75576661
1383060.3690978258,2425031.3115551914,927872.7479020221,874874.2058910335,1163114.010793945
1325102.824925768,2391321.998384375,922376.039873875,830451.9326009178,2542472.3429433587
1690001.2422697973,1008040.9721371011,870743.7921488928,824223.1807495953,1201922.447861862
3153962.2858023206,1094922.3013605166,951955.6099573841,782083.4669186602,1175927.3727374934
3227340.9575871816,2431427.844034861,1297562.9706859346,1761797.4381210774,1280047.390060024
3216871.154210754,944212.2145746197,875794.6497874887,782834.0746407991,1279763.9534162304
1377245.7701647112,946954.9679554251,872910.6472215828,796676.9942936352,
3231050.092248389,981404.6843569494,868405.9027470042,1755867.525318757,
3220322.0587447197,2444200.011138949,871575.8513633369,801210.6357440281,
3222120.072659795,939684.0611774459,870349.3475341934,823259.2092219016,
1531213.2364801245,973320.9349566791,937046.7543480019,841513.6534743856,
2267905.2951596268,977318.5129065366,1146195.6848828783,920435.3628170311,
3220445.797274998,1467314.1698999591,935743.0593813432,1200117.9311338,
3214566.2728155963,2294805.113787286,891430.7942554937,1644258.882728793,
1550341.065536769,944550.6218814498,871055.4417277676,882371.2092312975,
1357098.4813794342,919411.1929949424,925300.1084169797,941219.1357218733,
3720688.80342714,1136033.6255987491,942451.4930329585,842230.1139890655,
3749792.1186452284,2444986.877669853,1022343.0507401965,1270484.745756647,
3741000.186489343,943453.7802600533,2075233.1585426175,881505.9475721102,
3139701.8523026127,953121.0770451326,2030778.9200740845,859444.9631925458,
3130888.4199120724,1023454.803825631,955432.9212981936,838971.8762768827,
3720797.6046489794,1155332.466877543,918730.3030205462,1357154.3445417234,
3750159.4350489536,917697.4325100579,899782.810651175,1131492.304148509,
1402521.8220738028,1148038.5086998926,879176.9887643286,1749198.050559461,
3143199.478174848,1329323.2915877413,876701.0786997167,839223.9904859032,
3105203.035595605,2381227.39862494,968934.3519053535,847969.6967107462,
3220321.8574185036,2251296.6144687203,930317.3551405184,831433.1764843228,
3714727.2954253396,941939.3894104668,924699.392762597,1245330.457035829,
3750122.463338015,971271.5534077203,869267.3217201836,1826025.0906483803,
3751172.926660479,1043272.235857086,872335.6378704509,2134165.758828893,
3746924.451229174,1131949.314329947,871096.8552055637,844249.5421299655,
1342542.2944050026,940087.1045781575,917235.8904043827,1244148.854482582,
1386469.4354710365,940816.8703175716,908911.52020926,865113.2185286741,
3133463.0559202465,941091.4338948512,884131.3617421986,869341.7372906298,
3029537.489066151,1203469.6107613617,873565.199239285,1276883.3919150324,
3721432.553364998,1068435.7412697466,871124.0792331555,1115087.2850955154,
3749726.6736760964,2377487.955681919,946840.6120443471,889763.3012350848,
3750669.094684162,920744.675785178,930302.4958086961,867630.4572437727,
3752398.874504701,919413.4887743457,903518.2286289529,1271015.3435514406,
3747634.408380532,992795.6299531647,868692.1323493479,1109319.1418456691,
1336534.43666549,4335899.463406675,872621.0394922234,844605.6305015224,
1342604.1128348666,1971311.3419647892,871835.4795202052,866004.0477875768,
2758654.2874632496,922877.3672092549,890399.8881491614,1614111.5358357895,
3754597.1332843956,961926.9446994126,947660.0467320662,881926.4134786174,
3751331.2143790806,933658.3086302577,925527.2902064845,921041.004525454,
1291963.2437494223,923980.8501416869,912392.4693193358,1268981.4074241943,
1338222.4252216506,1013111.7910483684,881320.2032183418,1824991.6399670085,
1388086.347349439,1649987.5430219793,875805.1772965308,1147416.3676572978,
1591114.205375536,927860.0025477039,921712.9421542034,1831770.1116226853,
3308865.538073619,920050.5550766544,942361.8788575052,1916806.4892989397,
3755834.953953747,940259.208734667,967198.1221753949,939093.1528200848,
3752682.8204380297,2387457.198725759,960947.3050454177,955673.3861523519,
1289681.840894487,929751.0242567434,926312.6845934207,1270708.4787899344,
1428629.150838165,923416.855009405,871539.7228190365,1776771.7962688697,
1481379.1031601105,920502.5488324641,891611.4180832863,933812.2864619066,
1796665.509842758,915591.5046477985,937157.3608778577,939846.8311278288,
3131054.428898029,918599.8252437762,914287.2248999707,992895.7859859489,
3749269.0342266234,1129271.2133098787,1056965.4090726557,942205.9553187516,
1278083.7823777986,2204460.9882355714,1556501.9340641568,1049002.9007206052,
1445663.1526380337,981328.7237867786,931180.3520941441,972398.0883249074,
1280377.373451042,974730.9320305098,928490.7969334436,1053719.4963593057,
1312668.9973240208,918825.6320977483,921452.8291725313,1225391.0485761506,
3138402.488697937,1013201.1617826779,907530.4659770845,1080532.526877377,
1347150.253208648,1385833.8415474028,875750.227406031,1049060.7100298821,
1417176.6800058172,924036.3728479559,887966.459805314,984894.0644138284,
1613467.4679333703,921012.0934229012,931077.2406364438,995723.2661696933,
3206496.762405779,916347.1731178282,1042382.4124015283,1079212.8880678965,
3217440.4933334007,919584.5447142454,879261.6466113208,1379139.6188363172,
3182749.0256021773,918661.5435149231,883673.948619444,1219828.8066722238,
3179969.6031182283,997002.8775982505,887791.2781438517,1235838.2773194113,
1342721.645091536,1223804.5648703082,914317.5332803604,998124.5016676607,
1272103.5929211488,989994.0252764018,916199.4662076117,1244594.3531228185,
1283907.9514609675,941147.4930973161,1102626.9263550502,1059807.8174695703,
1441935.1826612393,919116.4578308372,929808.4314038325,1327465.4734806544,
1280178.1009906228,915560.8602822219,886169.8129765472,2857758.087253687,
1433432.9160875431,977958.0421120547,894856.4113889285,1262192.3511548142,
1555297.4719823778,1003255.4776137217,918975.0833552222,2840211.871866543,
3062917.398720603,1092509.768916247,925977.0881169924,1304528.70817737,
1265612.636312522,2256690.7494560187,919329.7432608338,1271882.674013638,
1271718.463032423,2209922.334928226,909588.4565633038,1392845.9467381062,
2075209.2018892458,1012267.3991698495,1249340.5184857463,1391234.1156591699,
1397106.7964532706,970716.339909078,948155.5295225135,,
1924799.698458033,950164.4678918365,939674.7066477593,,
1271981.2986052372,927687.7229800503,925347.1262263022,,
3766475.112260505,925074.7178219878,890780.4041840581,,
1299389.6183740771,1032540.4134557102,887373.6114460572,,
1337334.5796436744,984017.9720068908,891509.395611915,,
1745069.4239150942,977257.5177172765,925027.6616951304,,
2355196.092564422,917361.636333893,1007411.8005725374,,
3176108.3969263835,920470.0891382061,1169597.0529918736,,
1263188.925668231,919436.5111349608,891593.1328776982,,
1263263.366729511,975050.3344681066,910965.6867713466,,
3125246.0723625994,969074.3918438947,911747.0212330924,,
3151859.121044169,960028.1809220829,928898.1190893044,,
1259589.7425240842,933033.6557084034,2750411.4642056413,,
1259852.8040990194,921881.4485687222,937813.5754071616,,
1269115.031470052,919335.2117263196,931186.9447180904,,
1988610.05377841,1008270.4835610015,925293.5484421186,,
3083311.924770869,984017.6572445884,969601.8396595086,,
1256102.2535908238,966099.6800385363,1029865.169525057,,
1257750.9798772817,953822.7156045622,948427.7493586569,,
1265576.3608862916,916916.9891752802,894360.960222625,,
1267468.8716526888,920946.5139643145,892777.9147707564,,
1273636.526299412,920357.6775165334,900958.8466102423,,
1293455.1049660977,939255.5599627362,932686.9724959065,,
1424416.320974918,1003711.0733591793,926120.1739691359,,
1776588.06878716,978772.5838828367,955154.9791464907,,
3095052.5545849437,969043.7472770398,896569.5584351458,,
1242256.5036590723,963384.7792476104,1673432.3024188515,,
1253676.178956933,930163.5338994323,936881.847815887,,
1254348.9640909706,924350.6145747665,963069.2735755997,,
1263358.7428142866,933255.8950480383,902825.9255500389,,
1264787.3530612376,973657.5845353772,921776.2658997782,,
1266433.7481785817,1003099.589201399,928975.714251249,,
1285375.1202553813,1025812.5263836815,915149.4377610682,,
2286514.2410605964,1018369.1000527829,922532.6641378606,,
3103284.123980615,978542.9360834246,906491.6959571342,,
3094762.43499801,972346.123924132,916882.1299022919,,
3248181.2010492254,919966.387086633,1874211.013837504,,
1276784.9718913655,940726.8950885237,1011678.9017846563,,
1250713.9550350374,992151.3188306561,942430.707906168,,
1259438.0297070763,919775.4798787438,1507612.550851181,,
1261500.638909311,964616.5868242104,1022383.8357270787,,
1264993.2714627783,1128593.1829755555,972530.3333147052,,
1283267.4050964375,1682392.8765604142,965791.1137809729,,
1309101.9385683676,996339.8736677908,920542.0568778294,,
3090338.995034618,985060.8171270288,2084915.7732691935,,
3066379.8024878553,981012.6529792672,922160.3115124021,,
1247571.0195719942,973315.3291966474,938591.7665785477,,
1255192.9261079575,958302.4367807416,2070873.7323933784,,
1256906.1282576504,924511.5938892951,1024004.3333542359,,
1264932.2149441876,936632.6453725612,944935.3790136417,,
3102878.1322769565,984571.0666619403,963829.7168065076,,
3090186.517507571,1110647.6097029843,954843.9642972668,,
3062179.7407974442,928272.4255974165,983540.3286998016,,
1243757.6316955022,932431.2038691967,969669.7157187677,,
1252676.3187662899,936701.2027298496,1072252.0074197582,,
1253878.4386742634,964490.1378302925,1409061.7919388674,,
1255314.9766671327,966845.9258976254,1859944.1160660079,,
1322177.5647435011,1176944.631408257,1029912.4592940445,,
1549620.1932639843,983079.3316550134,1120682.306787915,,
3082280.4082691963,935072.8133418455,983987.139730412,,
3062140.474689975,944522.0480140769,1432766.4780363303,,
1240384.5921479978,970154.4222160723,1028541.4361305586,,
1240828.1689452121,978926.8900695441,1003383.901439578,,
1249256.7352768756,971189.2121071449,980536.2690644682,,
1252407.8598994722,960684.8178809563,1514054.9738381247,,
1346111.2289848928,1333549.3365640496,1332263.941551955,,
3078130.158010084,1003804.9910931741,1974294.391321585,,
3115207.5679248134,994496.039415649,988603.6573912028,,
3103938.9557665554,977778.8184366601,990311.3999241123,,
3092801.7681802204,940058.9082299186,976865.797934482,,
1254054.0019656564,936561.0710942781,1388086.39401515,,
3098491.655952787,940730.6759287628,2060094.5384748057,,
3082317.536273746,977259.2010984945,2404295.483596802,,
1289597.0874148856,1074769.6211639836,991698.1644767775,,
1338581.485445176,1247935.8687877625,1381067.3275405017,,
3078306.7599468986,941642.1642299278,1029405.8465561036,,
1245705.416095332,941190.352614268,1035005.1426010679,,
3078477.1961186407,961344.8953773521,1426483.4439536158,,
1230933.778285835,962361.8141461129,1310954.9447717268,,
1294278.0944110176,981766.2726987603,1036432.784665122,,
1337859.7488778662,2998999.5988048655,1031607.1751627174,,
3124765.2325566737,992515.9693494238,1448970.4111756354,,
1303687.3883738138,984747.9491197021,1414439.423944935,,
1227827.2297774972,977402.5091397865,1303690.9447727944,,
1237883.6581885365,1032963.819261875,1399920.0387733825,,
1243666.1867958156,1099763.3712920395,1434906.4993570936,,
1297053.3393786603,1004178.3507526339,990928.8586747055,,
1333312.9599598756,944122.742034983,1026821.5729967885,,
1375707.629082643,942491.6046148158,1818242.9135260922,,
1440134.2300055171,950698.8486256119,1028115.4273335283,,
1469864.3158549692,977358.9853713097,1048379.6710459866,,
1509950.0745288187,986069.3923571446,1093172.4531360965,,
3087144.906196067,979318.1698145329,1406686.5680371535,,
3101334.2671823455,1011604.2371876547,2058362.4718440315,,
2945193.516912274,946666.8745401191,1343996.0643750383,,
1316380.2943086089,1803231.8916684352,2065866.2299752387,,
1303089.6281467904,991626.4645365698,2160709.5364235765,,
1324651.022833909,1020350.5001957946,1106962.2987040828,,
1440665.5195824793,953492.0510651815,1128194.7684198741,,
1485449.9747451253,973699.9646694325,1487823.3570737895,,
1235411.2966396944,981145.3167033158,1992883.2734548617,,
1346937.1937818334,966220.9255926482,1098151.7568962285,,
1356465.91235177,974416.5421794407,1105020.8957293627,,
1438514.7757070381,957555.5206498426,1168716.6982034894,,
1509513.285055687,968518.7529717721,1105069.1799823816,,
3129783.9845204153,2014501.2708060658,1111507.2041317998,,
3083626.6851911214,1076053.8269197985,1232219.420141235,,
1228692.4566644102,996759.8520141954,1141176.9476405366,,
1237795.1262001956,1629817.702596874,1236887.746176673,,
1260264.3658931782,1087835.5520526685,1426564.0572701169,,
1278434.9756977914,1030837.9736499607,1265733.7125440747,,
1433682.818577313,1023412.9167809368,1230960.9614103949,,
1224988.3171277826,1018044.7169497944,1155505.7142770104,,
1864250.8028524762,972203.5437886962,1167467.0082771194,,
1216663.056712991,2264350.471422196,1163255.5159548514,,
1438222.9651001776,1016030.1451820986,1264014.0457400419,,
1663864.2749178442,974311.4605153664,1547916.225198786,,
1229698.2648252628,991956.1915242673,1175387.1574867084,,
1226796.4301172497,2249680.5856218897,1419429.6249012654,,
1224070.7069083997,1089642.8770784198,1438142.5158490273,,
1230676.4418880767,999352.7975352136,1166419.4003818722,,
1457716.1902204484,1020383.061479941,1447981.2981953681,,
1613359.3254351593,1009765.1454630506,1241707.1699294324,,
3085604.582898346,1041989.6410512483,1451273.7811683803,,
1227493.1830551142,1026800.6171721668,1540433.3818207525,,
1224587.0969033681,1143112.2281298009,3368027.3834763383,,
1221860.630128638,1516377.576192749,1464764.1444050013,,
1219314.0967513612,2003496.5233471156,3347189.6053442406,,
1220210.7060374708,1095735.6000167443,1513158.988204181,,
1235209.9985224113,1201962.439702921,1456388.8705845717,,
1237316.8486294309,1042315.8375681051,1607927.4600438531,,
1286232.7387150477,1544077.760724698,1604312.077671597,,
3276732.6572963605,1093753.6386850257,,,
1221112.04727585,1064583.3192275015,,,
1217217.730724218,1038610.9963392899,,,
1233460.482967687,1639542.106010327,,,
1229614.3933721015,1434564.1258793036,,,
1221943.4851354577,2132892.832469348,,,
1218846.702705779,1047412.6969470015,,,
1275642.0119908238,1049420.7699545405,,,
1293284.7256626736,1033746.7964249908,,,
3111074.2630485035,1501153.0580342647,,,
1230972.7462923962,2226644.190768879,,,
1199835.527929557,2608778.3588908315,,,
1224936.7727685142,1050205.4966511196,,,
1229260.7032083627,1495318.8889036758,,,
1241043.3622285682,1090399.9571225278,,,
1508184.8540162998,1096713.822937089,,,
3184427.2796011367,1539563.553052436,,,
3119831.8324414464,1517844.162701124,,,
3091725.4788291273,1410642.8475110019,,,
3067901.8509446974,1101146.3169275445,,,
1289902.0230700485,1092689.505466241,,,
1222693.4391337251,1562099.697030646,,,
1425700.730220423,1528349.3365907941,,,
3116265.3147910237,1402516.706195124,,,
3100421.968263293,1514458.3308237998,,,
1211038.5717943208,1548684.6785958142,,,
1222795.1393207826,1049934.4722014372,,,
1273134.3293461283,1086792.792772761,,,
1417519.9050142008,1958837.950602882,,,
3125111.015983617,1088114.1017346848,,,
1205644.8022315823,1117498.618411785,,,
1260094.0027376,1171725.5018849259,,,
1263286.2683854238,1092103.3883534793,,,
1266628.9017850368,1521753.4663456439,,,
1864888.5668250734,2224573.5737965624,,,
3141758.9106814633,1451868.1265739247,,,
1218690.9586259825,2232739.7110094926,,,
1263807.8492282974,2336224.647937524,,,
1186002.8717731251,1178755.9803477966,,,
1485235.8770566431,1202429.4723115293,,,
3134787.5269538173,1612741.98634109,,,
1217244.9481600798,2143182.9277947885,,,
1218951.7658943513,1169487.093329167,,,
1235224.263169973,1177053.4801968378,,,
1327175.5662264577,1251788.8819773884,,,
1509589.0669870216,1177011.409280877,,,
1183410.6091442676,1184095.178571876,,,
1499156.1027538616,1332402.0837843986,,,
1719143.9442081235,1221743.4778418809,,,
3264728.1699424493,1337293.2962350126,,,
3084211.6177768074,1341382.895629028,,,
1214627.361663341,1360050.6766781448,,,
1216283.605122959,1353985.4217490025,,,
1256992.244129434,1539459.9493955337,,,
1353146.7947048845,1367687.2938801558,,,
1479092.8436483438,1331204.4634938058,,,
1495103.695759838,1237928.2415978576,,,
1210492.0046326506,1250557.0498061806,,,
1212377.1366903158,1246422.0938759304,,,
1354820.3956486848,1366262.5004514272,,,
1211013.7385141205,1679068.2057140744,,,
1213213.6915328428,1259228.5494642893,,,
1214914.1982221892,1531820.524167838,,,
1354145.8570899665,1552495.9116229855,,,
1561234.4758471341,1249323.8006572982,,,
1396371.6220588917,1563255.0604774735,,,
3259860.780262953,1336843.101149834,,,
1184605.1632031465,1566767.9562673022,,,
1186567.1225836005,1662742.8646002328,,,
1283405.6281578364,3610330.886361951,,,
5556002.560437867,1580380.2121127965,,,
2749560.31374366,3587776.3754369286,,,
1183945.7343470128,1633429.8542431318,,,
1241135.878045091,1572118.4404791903,,,
1195215.6707619675,1734934.8932742598,,,
1184609.7725822811,1725824.4667575776,,,
1307434.236630017,,,,
2067008.0070694464,,,,
1188535.2248124678,,,,
1182815.7271527862,,,,
1211439.5722041081,,,,
1213209.6425088258,,,,
3270723.4868513476,,,,
1190361.2343165074,,,,
1192811.4484240839,,,,
1183393.6254603192,,,,
1180711.8548490978,,,,
1177052.4238100469,,,,
1184220.7646041734,,,,
1474099.543448355,,,,
3011774.7203079704,,,,
1251704.0820082512,,,,
1242427.0305031019,,,,
1182427.8911714072,,,,
1307052.81235254,,,,
1762168.2008981467,,,,
1248832.4308342726,,,,
1183431.6707294178,,,,
1181912.380057899,,,,
1180583.2248433537,,,,
1176959.2220697005,,,,
1181928.6555784333,,,,
1183633.4577662004,,,,
1285374.3167555192,,,,
1578625.1783850135,,,,
1262039.3885966325,,,,
1202615.4199635738,,,,
1183258.31958478,,,,
1178758.2844045935,,,,
1176346.0830673354,,,,
1184086.0059985816,,,,
1262448.3693356218,,,,
1294843.4606442498,,,,
1429750.4429219256,,,,
3091240.4727419955,,,,
3026379.4270423655,,,,
1291089.2722775375,,,,
1236911.0974135925,,,,
1212828.2832152033,,,,
1186793.5442679184,,,,
1184062.7093446576,,,,
1182448.2436151374,,,,
1341984.9311065567,,,,
1254247.3588836854,,,,
1244573.276892764,,,,
1181825.0180618465,,,,
1177241.5729907942,,,,
1182119.7571239667,,,,
1183137.6537451318,,,,
1242942.4618587485,,,,
1242320.856305796,,,,
1234550.8814968085,,,,
1223970.7037237096,,,,
1192304.7447211219,,,,
1180725.5145608445,,,,
1179569.0136467621,,,,
1178602.6469404397,,,,
1301698.2894724086,,,,
1253921.6276807468,,,,
1240749.9983708677,,,,
1240264.9450187366,,,,
1234526.497834079,,,,
1230900.4473479022,,,,
1215764.236374303,,,,
1177169.247224649,,,,
1183001.9977556865,,,,
1184323.4907684992,,,,
1205418.5785927952,,,,
1308657.4451486669,,,,
1279819.0144142816,,,,
1247244.4486885206,,,,
1244381.2753084179,,,,
1240364.4515089034,,,,
1234660.3631690342,,,,
1233279.0954928824,,,,
1226713.9490296699,,,,
1188995.1551447797,,,,
1182965.731209696,,,,
1181612.3781635512,,,,
1197943.5757919601,,,,
1253960.8838589448,,,,
1293194.3562398935,,,,
1308836.1977711825,,,,
1298098.6880889488,,,,
1238990.0238021705,,,,
1244332.0980392904,,,,
1237035.5618665002,,,,
1179333.6192956537,,,,
1207385.7487508408,,,,
1265080.311897599,,,,
1179503.6823471633,,,,
1237142.2622818716,,,,
1464201.3659224908,,,,
2091195.3784512281,,,,
1270209.9011078742,,,,
1254739.1374951305,,,,
1247170.9641371795,,,,
1238072.2745015533,,,,
1220680.5713675746,,,,
1183288.3815158263,,,,
1180670.64976468,,,,
1197865.745322728,,,,
1276797.0277639462,,,,
1420394.390841321,,,,
1270584.1255104723,,,,
1244125.3680091158,,,,
1245935.9572708555,,,,
1187005.2160214996,,,,
1184900.582560843,,,,
1192954.5783626174,,,,
1192861.537220466,,,,
1199613.4422652584,,,,
1235396.1243032787,,,,
1240123.0706031865,,,,
1516792.9118152987,,,,
1250840.1569113303,,,,
1244906.6931855653,,,,
1188154.883896742,,,,
1186699.898481186,,,,
1194835.2203195733,,,,
1200096.2613209814,,,,
1212113.4570459025,,,,
1245591.6840050828,,,,
1249672.2310948602,,,,
1245785.2414133565,,,,
1235631.1069316976,,,,
1223468.0231013617,,,,
1188704.2646543356,,,,
1199217.3415156328,,,,
1196419.3843491557,,,,
1706669.4045512867,,,,
1277843.416647581,,,,
1266208.8891962885,,,,
1243398.0202447716,,,,
1200653.8310468923,,,,
1199518.306144733,,,,
1198195.5539033273,,,,
1197571.9360569532,,,,
1197156.8125419917,,,,
1202935.680874,,,,
1263032.460299253,,,,
1391364.6130487137,,,,
1590279.1352222636,,,,
1201643.1826247894,,,,
1200169.7974671768,,,,
1199172.0353551696,,,,
1204524.343473107,,,,
1204758.1643864042,,,,
1206010.1018706162,,,,
1231293.9127691465,,,,
1233630.1870016872,,,,
1269970.6480829667,,,,
3796398.7846170627,,,,
1263678.1992712617,,,,
1259425.4383221979,,,,
1252936.3079415117,,,,
1203373.2616680951,,,,
1201904.8136963036,,,,
1261980.3738330575,,,,
1338310.2136046418,,,,
1342460.2208471699,,,,
1426897.439590551,,,,
1278165.0576284204,,,,
1273593.306865893,,,,
1204701.8989476357,,,,
1203397.74822323,,,,
1214196.9940447826,,,,
1261137.1667530225,,,,
1275847.9277972628,,,,
1345829.0703089866,,,,
1279279.4204352137,,,,
1246594.3051427244,,,,
1205066.18833215,,,,
1287455.0692784193,,,,
1208325.943272654,,,,
1206894.6878679057,,,,
2248398.4122305447,,,,
1262699.5212473131,,,,
1266258.7624366663,,,,
1298448.824776463,,,,
1265948.4432717017,,,,
1218797.113397338,,,,
1254292.6309982853,,,,
1263084.2348896905,,,,
1234297.8136933104,,,,
1254140.8412275787,,,,
1265240.436945846,,,,
1223767.4208235806,,,,
1236484.3111784314,,,,
1245932.7590239372,,,,
2515315.2945949514,,,,
1373960.4680918127,,,,
1287892.5624856243,,,,
2040779.6637111283,,,,
1388744.6996378796,,,,
1311707.6166523765,,,,
1302412.3876449582,,,,
1295717.1081721012,,,,
1247660.4221827972,,,,
3103513.3378791744,,,,
1297565.1381466025,,,,
1293301.3267684982,,,,
1252595.3901667271,,,,
1277459.2869714065,,,,
3079202.8973199637,,,,
1391018.1519813677,,,,
1297382.2650588008,,,,
1289632.818700309,,,,
1310355.766885609,,,,
1296475.3149201497,,,,
1292099.8893280877,,,,
1295814.664291622,,,,
1323202.609732776,,,,
1318837.3919333576,,,,
1304460.9979762705,,,,
1459180.3935061926,,,,
1900235.099406971,,,,
2495885.489495772,,,,
1397541.6416984922,,,,
1519110.3076239591,,,,
1323565.649273278,,,,
1945945.7213518082,,,,
1393869.3279229717,,,,
1353576.250204134,,,,
1319314.4276568452,,,,
2030669.8453839675,,,,
1799285.193569242,,,,
2661886.450945323,,,,
1341303.5155649004,,,,
1333095.2666800343,,,,
1318131.2147161562,,,,
1887662.4337743514,,,,
2782530.3727643755,,,,
3295742.1816240945,,,,
1340530.592189658,,,,
1885810.6259525518,,,,
1372807.4980906362,,,,
1388641.9309538447,,,,
1939876.5218619432,,,,
1913163.1076209487,,,,
1890679.491265751,,,,
1383750.5009318525,,,,
1771890.663282709,,,,
1935083.6069940957,,,,
1405767.3355919132,,,,
1381144.6603826347,,,,
1388525.3913988865,,,,
1962355.722074667,,,,
1924340.5828605013,,,,
1390301.0919428472,,,,
1760399.8642162639,,,,
1939209.7395599238,,,,
1905517.427937018,,,,
1392201.958772073,,,,
1951109.6701340482,,,,
1338984.5431884236,,,,
1363092.0774787131,,,,
2439124.6987099377,,,,
1358049.9188686532,,,,
1366802.6979102697,,,,
1406659.6584441513,,,,
1468347.2891122238,,,,
1375744.301356166,,,,
1914379.21083329,,,,
2777508.7832479514,,,,
1817223.1044194058,,,,
1822954.421682204,,,,
2779706.0257995883,,,,
2787769.704704542,,,,
2920771.887264933,,,,
1451453.904099009,,,,
1498326.7488708012,,,,
2006955.7011129027,,,,
2681433.6815461055,,,,
1431383.7585842554,,,,
1447398.0736401626,,,,
1551247.8491019143,,,,
1507649.4075682622,,,,
1516927.5915989778,,,,
1669468.6131559329,,,,
1527402.5375066672,,,,
1532158.29423225,,,,
1501880.7859662583,,,,
1675021.752136043,,,,
1680769.8866395527,,,,
1688535.6035077774,,,,
1688564.6906334008,,,,
1928407.5282196107,,,,
1698329.4558151544,,,,
1654329.746947449,,,,
1536323.87716951,,,,
1543756.6249802345,,,,
1557772.020641293,,,,
1553501.9629070018,,,,
1555837.8750390674,,,,
1709724.092729594,,,,
2122775.1204984533,,,,
1569232.4315909883,,,,
1931662.2051965797,,,,
1965963.4625745248,,,,
1970969.0036547615,,,,
1602717.3116260523,,,,
1607777.8612691252,,,,
1979856.8322073154,,,,
1675066.3938660165,,,,
1983942.4621733993,,,,
2111139.060473467,,,,
4552837.199697253,,,,
1990223.3418868184,,,,
4524495.170564094,,,,
2072604.2532553673,,,,
2012486.8673605034,,,,
2187858.8235211014,,,,
2171713.1486424087,,,,
