file,stake_weight,0.9linear_weight,0.8linear_weight,0.7linear_weight,0.6linear_weight,0.5linear_weight
sui,0.5265722563954054,0.4719165317763221,0.42049754218782753,0.372956821987044,0.33305351842986136,0.3069669091611975
ethereum nodes,0.7358936181934668,0.6616800638970981,0.5923521031615491,0.5245954413593353,0.458256723497639,0.3940869440470739
solana,0.79100422813536,0.7173826614439572,0.6446948490131553,0.5728040151203533,0.5021676029978404,0.433629838894612
aptos,0.5439176886172937,0.49213117096077286,0.4393157447838811,0.38520134718278315,0.3297805439986306,0.27348681469837915
ethereum,0.9408899289904262,0.8571034444198438,0.7784387140848428,0.7018487119794935,0.6263583567795576,0.55156194414182
avalanche,0.8039442996071612,0.7240445112021439,0.6477998594743676,0.5742543990574418,0.5040335417552664,0.4390973178509327
