file,average_improvement
sui,0.31182836570226236
ethernodes,0.5061811460394741
solana,0.4857676656956379
aptos,0.5283477334523393
ethereum,0.45732880128325826
avalanche,0.47105687952502234
