latitude,longitude,stake_weight,uuid,GDI,country,0.9linear_weight,0.8linear_weight,0.7linear_weight,0.6linear_weight,0.5linear_weight
-43.5,172.6,7.24546519119798e-05,16Uiu2HAm5LUdtgrxva73hcYUAFHoWma37jDbseC5ydSwmESgMGHF,0.004581348611933482,New Zealand,0.0005233440479141299,0.0009742334439162801,0.0014251228399184306,0.0018760122359205806,0.002326901631922731
-41.4,147.1,2.9393367915610465e-05,16Uiu2HAmBBYEyeNEUQp3w6HgnZeJ5sM41kWR9NgxpHVxwKDGxJb1,0.004683854357160283,Australia,0.0004948394668400775,0.0009602855657645447,0.0014257316646890123,0.0018911777636134795,0.0023566238625379464
-41.3,174.8,1.4696683957805232e-05,16Uiu2HAmRirP7xhj866fCLjq5Ua368Xbrq18gMkxoudUi9Xsg8d8,0.004591887046550845,New Zealand,0.0004724157202171091,0.000930134756476413,0.0013878537927357174,0.0018455728289950213,0.002303291865254325
-39.1,174.1,2.9393367915610465e-05,16Uiu2HAm1n2nDmyXCkRhagrogo1mdYsBGTdNTBpKn2DtB4nubfCs,0.004590319422197189,New Zealand,0.0004854859733437683,0.0009415785787719261,0.0013976711842000843,0.0018537637896282422,0.0023098563950564
-38.1,145.4,7.348341978902616e-05,16Uiu2HAkwu92vD2snS3V2X8AVMvGogq15JZ2XHfDmDYiwxVt6rej,0.004274700589317718,Australia,0.0004936051367418953,0.0009137268536947644,0.001333848570647634,0.001753970287600503,0.0021740920045533723
-37.9,175.4,2.7629765840673836e-05,16Uiu2HAm2hNEUP5TLJTS4uVxmLmedJUxZx9W9cE7kLyasSa1vstM,0.00467996517972991,New Zealand,0.0004928633072295974,0.0009580968486185209,0.001423330390007445,0.0018885639313963685,0.002353797472785292
-37.8,145.0,0.0015678422446186624,16Uiu2HAm3GBPNt1poXHhAP3PMFD4rFxF9Reu3xDRC7xKirw4iwvD,0.0042916038065923,Australia,0.001840218400816026,0.00211259455701339,0.0023849707132107536,0.002657346869408117,0.002929723025605481
-37.0,174.9,1.4696683957805232e-05,16Uiu2HAmQNzSqyYd7vJ4eNTk1nGTZqNCxcHBNYbZAyPSAbVQVyar,0.004655709938187501,New Zealand,0.00047879800938077465,0.0009428993348037441,0.0014070006602267143,0.0018711019856496836,0.002335203311072653
-36.8,144.3,9.920261671518532e-05,16Uiu2HAmLKEvM6Ueq5QmFKipQxKV3CoZMDXKjLX2VhspNzkNouZR,0.004432837106285216,Australia,0.0005325660656721883,0.0009659295146291913,0.0013992929635861949,0.0018326564125431977,0.002266019861500201
-36.8,174.8,0.0002564571350637013,16Uiu2HAkvv2yGBHRLUUvE9gCSsjjq3E66HmLWzTD6KVushiWSFfB,0.004651950904312,New Zealand,0.0006960065119885311,0.0011355558889133608,0.0015751052658381911,0.0020146546427630206,0.0024542040196878505
-36.4,145.4,1.454971711822718e-05,16Uiu2HAmSYJUCVeDPNMKajzypcFbYYdosbL5auB2sXcpf8M9bUjF,0.004240065327643559,Australia,0.0004371012781707603,0.0008596528392232934,0.001282204400275827,0.00170475596132836,0.002127307522380893
-35.3,149.1,1.3961849759914971e-05,16Uiu2HAm34VRghX2vKAXAVp9hUjcKw9EofWJSvFd8fciXQ5zrHgc,0.004609780729259869,Australia,0.00047354373770991024,0.0009331256256599055,0.0013927075136099013,0.0018522894015598965,0.002311871289509892
-34.9,-56.2,1.322701556202471e-05,16Uiu2HAmUETcb5oPdes57ib6N9KEJRdpsw4KyM3JQipnu5cDpEXZ,0.0026776283689212564,Uruguay,0.00027966715089794783,0.0005461072862338709,0.0008125474215697943,0.0010789875569057173,0.0013454276922416405
-34.9,138.6,0.00010214195350674638,16Uiu2HAmH1zrBcU6FXqUZaVpnLSKDs7jAbuw4dk2q5EXCPMKjVNX,0.0035877550712540033,Australia,0.00045070326528147197,0.0007992645770561976,0.0011478258888309237,0.0014963872006056493,0.0018449485123803748
-34.7,-58.6,0.00028467476826268736,16Uiu2HAmH97Lu4ZFdwqP9mtdTgRbWbPCSTaKFHcx26ytCyVEz5xh,0.0027230917567896604,Argentina,0.0005285164671153846,0.0007723581659680818,0.0010161998648207794,0.0012600415636734765,0.0015038832625261739
-34.4,150.9,1.4696683957805232e-05,16Uiu2HAkxBGKCQRBgrBRyicYxq76bYoDQjTnLYt3VT3QJiDAG2BK,0.004506118121788939,Australia,0.0004638388277409185,0.0009129809715240318,0.0013621231153071458,0.0018112652590902588,0.002260407402873372
-33.9,150.9,0.0001134584001542564,16Uiu2HAmUSidL6v2NkBSBtps8vveq7TgSMK49d9v4ExnbdrYZnWN,0.004496999229449667,Australia,0.0005518124830837974,0.0009901665660133384,0.0014285206489428799,0.0018668747318724209,0.002305228814801962
-33.9,151.2,0.006409517807678018,16Uiu2HAmSBKvogBetighaZvHoLSvmgVDA6ggqwcB2TsH7UFvqvRa,0.004494839671166124,Australia,0.0062180499940268285,0.006026582180375639,0.00583511436672445,0.00564364655307326,0.005452178739422071
-33.5,-70.6,0.0010004032770078023,16Uiu2HAmFGx3szNo9mdBXfH5HfcKcUk6HkcSzptFFengp2YV8MTY,0.0027484716332081107,Chile,0.0011752101126278332,0.0013500169482478638,0.0015248237838678949,0.0016996306194879255,0.0018744374551079566
-32.9,-60.6,4.40900518734157e-05,16Uiu2HAm4SPjD3mULWmfwNUYriwNLTVrxH5VudKwsC62NWXmkGDg,0.00267146578230228,Argentina,0.00030682762491630205,0.0005695651979591884,0.000832302771002075,0.0010950403440449614,0.0013577779170878478
-32.0,115.9,0.0001763602074936628,16Uiu2HAmTYnnJjKZcuC4uPA1NBKdzzdUYLLdTKnst1gGzd9DYTaf,0.002489124485803032,Australia,0.0004076366353245997,0.0006389130631555366,0.0008701894909864736,0.0011014659188174107,0.0013327423466483474
-29.5,31.2,1.4696683957805232e-05,16Uiu2HAkzHCLqLgyo1WRWNpmtL7cLvWiYb5Devw95HqXnAN3KvWt,0.0019072609047795287,South Africa,0.00020395310603997754,0.00039320952812214985,0.0005824659502043223,0.0007717223722864947,0.0009609787943686669
-28.0,153.4,1.4696683957805232e-05,16Uiu2HAm47RhBSZuLcRsTnzGeeYmRsP4wKkKhtHsy9ZeS7AJwkf4,0.004358872425982545,Australia,0.0004491142581602791,0.000883531832362753,0.0013179494065652273,0.0017523669807677012,0.002186784554970175
-27.6,-48.5,1.4696683957805232e-05,16Uiu2HAmLi8oDnYzBGWppmR34QdmjhmXke7CevGdMe9yhLqMnagy,0.002213156329169017,Brazil,0.0002345426484789264,0.00045438861300004755,0.0006742345775211689,0.0008940805420422901,0.0011139265065634111
-27.6,152.9,0.0005694965033649528,16Uiu2HAm4VT5gWbihyUJK4s4fTvQRkRV5c8PfF7K7Ah19rrcrmqn,0.004367881527555436,Australia,0.0009493350057840009,0.0013291735082030492,0.0017090120106220978,0.0020888505130411458,0.0024686890154601944
-26.2,28.0,0.0007637866652871379,16Uiu2HAm8tB1FiarP7zpVg1s6XvnqtRXNhKb6qVTiuS9HwJStNVm,0.00185084152517559,South Africa,0.0008724921512759832,0.0009811976372648282,0.0010899031232536735,0.0011986086092425187,0.001307314095231364
-25.3,-57.6,1.4696683957805232e-05,16Uiu2HAmV3eCWRupBwXDCHt2fVVu4Z6LEKnkf6oG4st4cd8jJ3h9,0.002433120297684997,Paraguay,0.00025653904533052435,0.0004983814067032435,0.0007402237680759628,0.000982066129448682,0.001223908490821401
-23.5,-46.9,1.4696683957805232e-05,16Uiu2HAm6SCbi2Wv7fDHAFUeiGxu9v5wbCKnWPB87oSwbeCzSGgd,0.002101602834224943,Brazil,0.000223387298984519,0.00043207791401123275,0.0006407685290379467,0.0008494591440646605,0.0010581497590913742
-23.5,-46.6,8.553470063442646e-05,16Uiu2HAkwX9C57toWBfDvUcmnVqRNUD6D98NrCNnCMbsdqtBRu3e,0.002090244803314268,Brazil,0.0002860057109024106,0.00048647672117039473,0.000686947731438379,0.0008874187417063632,0.0010878897519743472
-22.9,-43.2,2.851156687814215e-05,16Uiu2HAmTdtbzt86YWdddq2j2CcGAQVLX4fCVmKQb6P4LkvLP8zw,0.001998370489877976,Brazil,0.0002254974591781255,0.00042248335147810885,0.0006194692437780924,0.0008164551360780758,0.0010134410283780591
-21.6,-45.4,2.9393367915610465e-05,16Uiu2HAm7FmuHHb7nddRbXU5KXjJ3Ukh4UqHdUzn37MNEGTu3Q2C,0.0019943327895365513,Brazil,0.0002258873100777045,0.0004223812522397986,0.0006188751944018928,0.0008153691365639869,0.0010118630787260808
-20.9,55.6,1.454971711822718e-05,16Uiu2HAmMEgxzCkiJ6BfmoKxkzYVK3kZYgiQQzwiNEWzjrEgdQ2s,0.0018327205695878206,France,0.00019636680236518648,0.00037818388761214576,0.0005600009728591053,0.0007418180581060645,0.0009236351433530239
-15.8,-47.9,4.40900518734157e-05,16Uiu2HAmMHLYAmXWYyDhrCJANJY71WwSgZzNgPNT3s7oJnJmqLZ5,0.00193885448676657,Brazil,0.00023356649536273108,0.00042304293885204645,0.0006125193823413621,0.0008019958258306774,0.000991472269319993
-15.5,145.2,1.4696683957805232e-05,16Uiu2HAmBK8ZsRzoxjg1AZkqxFcpUgXZXhoiVcaAGvVjhHKuUUC7,0.003296086389482548,Australia,0.0003428356545102794,0.0006709746250627536,0.0009991135956152282,0.0013272525661677025,0.0016553915367201765
-8.8,115.2,4.10037482422766e-05,16Uiu2HAmHjvoJ9RjeQPn7u5WnQrkMRf4h23KGqr58sMxj5UpsVaf,0.0019771079861993137,Indonesia,0.00023461417203798028,0.000428224595833684,0.0006218350196293878,0.0008154454434250915,0.0010090558672207952
-7.2,112.8,1.4696683957805232e-05,16Uiu2HAmEY7bUYkScmLMerU8VmiU8ns6Jrik76YFUmXi9XcomQA7,0.0019222171997042498,Indonesia,0.00020544873553244965,0.00039620078710709406,0.0005869528386817387,0.0007777048902563831,0.0009684569418310275
-6.3,107.3,1.2933081882868605e-05,16Uiu2HAmGCciFW3L1FfBXyUwHBNcJLU4S7SsfgX2D5TmhoERhnnL,0.0018799200848480663,Indonesia,0.00019963178217938832,0.000386330482475908,0.0005730291827724279,0.0007597278830689477,0.0009464265833654675
-6.2,106.8,7.260161875155786e-05,16Uiu2HAmTv4j4YD7vm6R5szmgWvRyWvjtnoJtH6XXk67Wbxi6U1H,0.0018736980646868531,Indonesia,0.00025271126334508735,0.0004328209079386168,0.0006129305525321465,0.000793040197125676,0.0009731498417192055
-6.2,107.0,2.8805500557298257e-05,16Uiu2HAm9RNbjedx3o9wvs3vBN3TBwxs9toKpai2HFFUnCZXFii5,0.001875519921236755,Indonesia,0.0002134769426252439,0.00039814838469318955,0.0005828198267611354,0.0007674912688290811,0.0009521627108970267
1.1,104.0,1.3667916080758868e-05,16Uiu2HAmK2yRxiwQcqd2LhnB97yh5ZY2a84rdMwqQbrUDFp6HMbv,0.0017041013133837965,Indonesia,0.0001827112558110626,0.00035175459554136635,0.0005207979352716701,0.000689841275001974,0.0008588846147322777
1.3,103.7,0.0008897372468055287,16Uiu2HAm84oTUgkxnCyZCbqC9J6Y7cvPqz3h4mWrWS2ydZ8b7QCZ,0.0016983704663377885,Singapore,0.0009706005687587547,0.0010514638907119806,0.0011323272126652069,0.0012131905346184327,0.0012940538565716585
1.3,103.9,0.022836736301514816,16Uiu2HAmKbyFENG3NeNxwpGG4jnyavNjvB3bY15nmvXkKqthGZgk,0.0017000982266656656,Singapore,0.020723072494029902,0.01860940868654499,0.01649574487906007,0.014382081071575155,0.012268417264090241
3.1,101.7,1.4696683957805232e-05,16Uiu2HAmRvqRpPuuXzJjXkqL51UY9bXN1DoaNnTTmSsDG7WLN2Gi,0.001631171016982079,Malaysia,0.00017634411726023257,0.0003379915505626599,0.0004996389838650874,0.0006612864171675148,0.0008229338504699421
3.3,101.6,1.4696683957805232e-05,16Uiu2HAkyhBN77tCjbMLHYUCkFcw1QSJKXUtEtJTMwCUTYTwSSQS,0.0016272898972813992,Malaysia,0.0001759560052901646,0.000337215326622524,0.0004984746479548835,0.0006597339692872429,0.0008209932906196022
3.6,98.7,1.4696683957805232e-05,16Uiu2HAm4LuS7X43gN43jtbb54ySEdtnfyTrawKZ69AK1p6YnCP4,0.0016163397620525023,Indonesia,0.0001748609917672749,0.00033502529957674457,0.0004951896073862145,0.0006553539151956841,0.0008155182230051537
4.6,-74.1,7.348341978902616e-05,16Uiu2HAmQr9ZGPyBsQamK2ZiEGhci9ur6Fmbx97RpbPqkaabCD6q,0.001966504248072719,Colombia,0.0002627855026173954,0.00045208758544576467,0.0006413896682741341,0.0008306917511025034,0.0010199938339308726
5.4,100.3,1.4696683957805232e-05,16Uiu2HAmTY1B3tRaapHAVmNP6EXYi5ffAnSZutxkGLy6zLQPDBxG,0.0015850374532114665,Malaysia,0.00017173076088317134,0.00032876483780853744,0.00048579891473390365,0.0006428329916592698,0.0007998670685846358
7.9,98.4,5.878673583122093e-05,16Uiu2HAmEqJrH7CtusjZ3K9G7SB3JtTSr5BSdktiPkaQUEDmNCMt,0.0015332296290664308,Thailand,0.00020623102515474187,0.00035367531447826284,0.0005011196038017839,0.0006485638931253049,0.0007960081824488259
9.9,-84.1,1.4696683957805232e-05,16Uiu2HAmLUffVLCitpFaF8MQ5ze5ZpRCVicVG1SJxePdo6kWTGX1,0.001814992332795504,Costa Rica,0.00019472624884157508,0.0003747558137253449,0.0005547853786091149,0.0007348149434928848,0.0009148445083766545
10.8,106.6,4.40900518734157e-05,16Uiu2HAmPqCtaLYYfeqS49Mgu9VmmrcxGwLwAneKjtsQcEVSQLXr,0.0015931018889372654,Vietnam,0.00019899123557980063,0.00035389241928618554,0.0005087936029925707,0.0006636947866989556,0.0008185959704053405
10.9,106.8,1.4696683957805232e-05,16Uiu2HAkyxbsRcuhb9SBgHEK9nPba7fgEdCHg3HPPuRYhJmX1RUe,0.0015934143692208176,Vietnam,0.00017256845248410645,0.00033044022101040766,0.000488311989536709,0.0006461837580630102,0.0008040555265893114
11.6,104.9,5.878673583122093e-05,16Uiu2HAm2NPkr3Z2wmhj7scBcun9cphE4bY7X6pDTTnir516xrQH,0.0015497106829359462,Cambodia,0.0002078791305416934,0.0003569715252521659,0.0005060639199626386,0.0006551563146731111,0.0008042487093835836
13.0,77.6,1.4696683957805232e-05,16Uiu2HAkxihwgHAH9U1hsQ5WrXNzSg3V7FsnMAUERz9m9h47DjZZ,0.0012604152973420394,India,0.00013926854529622864,0.00026384040663465205,0.0003884122679730755,0.000512984129311499,0.0006375559906499223
13.1,109.3,1.4696683957805232e-05,16Uiu2HAm29JvGzanjg7zmSpiaXjwA9SEZmscQtJRPAxYdrLNBbAY,0.0015922105539964762,Vietnam,0.00017244807096167232,0.0003301994579655394,0.0004879508449694066,0.0006457022319732737,0.0008034536189771407
13.2,100.9,5.878673583122093e-05,16Uiu2HAmQSTACe2RSdYN7Pfq7SEiyCK9aj21ufdvkKqo8ofPxFdz,0.0014736124334504004,Thailand,0.00020026930559313884,0.0003417518753550568,0.0004832344451169748,0.0006247170148788927,0.0007661995846408107
13.4,101.0,5.878673583122093e-05,16Uiu2HAm6XjEtx9gbSS9PEGjkWiodexBUn1jd94e3S524BqT7C8v,0.0014676670362987797,Thailand,0.00019967476587797676,0.0003405627959247326,0.0004814508259714886,0.0006223388560182445,0.0007632268860650003
13.8,100.5,0.00042311753114521265,16Uiu2HAkytRnbCa4eGSrTGd1hWiDKjN29jUwqCAGBUsAhXEAnQag,0.001442235626732886,Thailand,0.00052502934070398,0.0006269411502627473,0.0007288529598215147,0.000830764769380282,0.0009326765789390493
14.5,-90.6,4.40900518734157e-05,16Uiu2HAmUp67Ka7JeNuXzWd91Ze947VJCDfdeqvznDcfgGwdHiau,0.0017484323396793205,Guatemala,0.00021452428065400615,0.0003849585094345966,0.0005553927382151873,0.0007258269669957777,0.0008962611957763681
16.1,108.2,2.9393367915610465e-05,16Uiu2HAmSG99gMhqr5k93iqiySsUgESp48EL9ZQWVpJQDBRSY1TN,0.0015314361611458564,Vietnam,0.000179597647238635,0.00032980192656165955,0.0004800062058846843,0.0006302104852077089,0.0007804147645307334
17.2,104.1,1.4696683957805232e-05,16Uiu2HAmUSeeMFC12NpDtJjRWrgbsdCRcvAW7o9wGMtejLtAfxCq,0.0014373665997171976,Thailand,0.00015696367553374446,0.0002992306671096837,0.000441497658685623,0.0005837646502615622,0.0007260316418375014
18.1,-65.8,1.2933081882868605e-05,16Uiu2HAmBfGK4NzN4BdvqsPX82TjFSCfKidqsyjEJCjXEXpA7ot7,0.0015634821044986666,United States,0.00016798798414444837,0.0003230428864060281,0.0004780977886676081,0.0006331526909291879,0.0007882075931907676
18.5,-66.7,1.4696683957805232e-05,16Uiu2HAmEVKWbta1xcVfcAiHhrnEG4XWhbXABTTWrhfxujXutEwy,0.001548042924135462,United States,0.0001680313079755709,0.00032136593199333656,0.00047470055601110233,0.000628035180028868,0.0007813698040466336
18.5,-66.1,1.3667916080758868e-05,16Uiu2HAm9RJ75JWLXQiFheG7VdBpHbXtMroHfyDd2t5qhrAZmCAo,0.0015527719112223518,United States,0.00016757831559491813,0.0003214887151090774,0.00047539911462323684,0.0006293095141373961,0.0007832199136515554
18.8,99.0,4.40900518734157e-05,16Uiu2HAkzZnxpZWgYu9MeTsEGft6is4xQZ4Jm5VEy9b6fifLmz2J,0.001363460261139832,Thailand,0.00017602707280005728,0.00030796409372669885,0.0004399011146533406,0.0005718381355799822,0.0007037751565066238
19.0,-98.2,1.4696683957805232e-05,16Uiu2HAmBiC4c711cPAoda4K1tZMYCkwuuaBZjuEgZXgX65gCGbH,0.0017252836528727845,Mexico,0.00018575538084930312,0.000356814077740801,0.000527872774632299,0.000698931471523797,0.0008699901684152948
19.0,73.0,0.0001308004872244666,16Uiu2HAm62finbq2z4MZ813TXdw3eoSzHFac4BeyLpw6R4E11AcY,0.0011399193048015998,India,0.0002317123689821799,0.0003326242507398932,0.00043353613249760663,0.0005344480142553199,0.0006353598960130332
19.2,-96.1,2.9393367915610465e-05,16Uiu2HAmL3fP6z9h6g8nGRSbEgrBvKcCnhZ9ith37Qr1VhwH24Q4,0.0016869845256780591,Mexico,0.0001951524836918553,0.00036091159946810016,0.0005266707152443451,0.0006924298310205901,0.0008581889467968348
19.4,-99.1,0.00011757347166244186,16Uiu2HAm8dGTByLgKN57r63HyGxTsDVrYHcMWJtuYxufHRZpUmKY,0.0017052509755573421,Mexico,0.00027634122205193184,0.00043510897244142184,0.000593876722830912,0.000752644473220402,0.000911412223609892
19.5,-96.9,1.4696683957805232e-05,16Uiu2HAmJRFKevwupMMX2BDLbzmvD2su5uAWiAkFmZK9e47aHxmi,0.001691943764773199,Mexico,0.00018242139203934459,0.00035014610012088393,0.0005178708082024234,0.0006855955162839628,0.0008533202243655021
20.6,-103.3,4.40900518734157e-05,16Uiu2HAm7p231pGBooNN8xSWQF5VarAeP1tG7j8NysHctrXsGGWn,0.001639722357722024,Mexico,0.0002036532824582765,0.0003632165130431373,0.0005227797436279983,0.000682342974212859,0.0008419062047977198
20.6,-100.4,5.717010059586236e-05,16Uiu2HAkxrYYThLrpgiYrZyjpNr5CzvqBN43qhNyGdKzG19qUgbd,0.001657535556915121,Mexico,0.00021720664622778817,0.00037724319185971397,0.00053727973749164,0.0006973162831235658,0.0008573528287554917
20.8,-156.3,1.3520949241180814e-05,16Uiu2HAmPZK4AT6Pwas5Lvkqx4SjvmVvhCRSL6cTwvNqZ6iu7GeD,0.0023030630707350634,United States,0.00024247516139056904,0.00047142937353995726,0.0007003835856893457,0.0009293377978387339,0.001158292009988122
20.9,-156.5,1.4255783439071075e-05,16Uiu2HAmCvCTaLqk3owMNvUg1qXLusaXTuGQ7BBR8vHosTF2SVvm,0.0023035257871567515,United States,0.00024318278381083906,0.00047210978418260705,0.0007010367845543753,0.0009299637849261433,0.0011588907852979112
21.0,105.8,0.0002355878438436179,16Uiu2HAkwXpPesgP14qrDwoh3WPmBkDKAH2uC31jWqwUMo2L7WN5,0.0014046779997105901,Vietnam,0.0003524968594303151,0.0004694058750170123,0.0005863148906037096,0.0007032239061904068,0.000820132921777104
21.2,-97.8,1.4696683957805232e-05,16Uiu2HAm41VGro58KmJq7fCdZX1fwnYHTaac3p3NNobw4UY8x2hf,0.0016449867170049584,Mexico,0.00017772568726252052,0.0003407546905672358,0.0005037836938719513,0.0006668126971766666,0.0008298417004813818
21.3,-158.1,0.00018723575362243868,16Uiu2HAm1oDDsQZGW32TUS8WrPw2132y8nYwkPT6kbnpAyXBAr4s,0.0023103890913641974,United States,0.0003995510873966145,0.0006118664211707903,0.0008241817549449665,0.0010364970887191422,0.001248812422493318
21.3,-157.9,2.8217633198986046e-05,16Uiu2HAmNZeN6BDsjEPLMfJpsDajR3Er2yE4qw53YmFtQXcKnFP5,0.002312777391980059,United States,0.0002566736090770933,0.00048512958495520054,0.000713585560833308,0.0009420415367114152,0.0011704975125895224
21.3,-157.7,1.4696683957805232e-05,16Uiu2HAmNQQ5CWf9CTXLWJN6suQ88Y81MGK1iakecx7BefXT3uYL,0.0023103291761226827,United States,0.0002442599331742929,0.00047382318239078065,0.0007033864316072686,0.0009329496808237563,0.001162512930040244
22.1,88.1,1.4696683957805232e-05,16Uiu2HAmMJvRmnwuxow5Cv3EagebiM7kKXJPseB4ZttLJitE95Nq,0.0011826057026519774,India,0.00013148758582722244,0.00024827848769663963,0.0003650693895660569,0.00048186029143547414,0.0005986511933048913
22.2,113.5,0.00010522825713788546,16Uiu2HAkvjMcXuGmsBjJAiN9M5oLb8x86Mgx3zFLxj5LBmMnKRhQ,0.0014888831175875214,China,0.00024359374318284904,0.0003819592292278126,0.0005203247152727763,0.0006586902013177399,0.0007970556873627034
22.3,114.2,0.011532487901689767,16Uiu2HAmLVaK6qb2X5rwbVF3UwiJBAh8oURCcTWA52PQn2F5XtGD,0.001489502480126935,China,0.010528189359533485,0.009523890817377203,0.008519592275220917,0.007515293733064634,0.006510995190908351
22.6,120.3,7.348341978902616e-05,16Uiu2HAmRKMv66v161e71N1UWsR98sz4hdJndTXccVBSv53dAbXm,0.0015680880511721447,Taiwan,0.00022294388292733798,0.00037240434606564983,0.0005218648092039618,0.0006713252723422736,0.0008207857354805854
23.0,120.2,1.4696683957805232e-05,16Uiu2HAmU898AhaURmht2wW8C491y5ZvJkdMwHuTRw4NqhWNeeKW,0.00156140985756646,Taiwan,0.00016936800131867069,0.00032403931867953613,0.00047871063604040175,0.0006333819534012672,0.0007880532707621326
23.1,113.3,0.0002476391246890182,16Uiu2HAm1yDZBPCz9eFtHr3YotfhFEHPft6PhzFiaXi9Rzcbzr5h,0.0014633265452180498,China,0.0003692078667419213,0.0004907766087948245,0.0006123453508477277,0.0007339140929006309,0.000855482834953534
24.1,120.7,0.00023602874436235203,16Uiu2HAm5PT59vqTr5bjMukeGXYhoiJcDjaf88kwmPzPMWLHeKEL,0.0015665258109836256,Taiwan,0.0003690784510244794,0.0005021281576866067,0.0006351778643487341,0.0007682275710108614,0.0009012772776729888
24.2,55.8,1.4696683957805232e-05,16Uiu2HAmD8JtV7HB3GpdigioNCKyww3LmbfaWKDWXZp3jnFZe7qX,0.0010319127857088258,United Arab Emirates,0.00011641829413290726,0.0002181399043080093,0.00031986151448311145,0.0004215831246582135,0.0005233047348333154
24.3,120.7,9.920261671518532e-05,16Uiu2HAmMZtSZHL7eWcS6Rpo1sVvMAtZLVkgDDSwyg2MsezL6AEE,0.0015636821979179512,Taiwan,0.00024565057483546187,0.0003920985329557384,0.0005385464910760151,0.0006849944491962917,0.0008314424073165682
24.5,117.7,2.9393367915610465e-05,16Uiu2HAm7AHg5tguCTGzM47VVcAAySJWJi9c3VpunVgRGN8ckpoX,0.0014820103426055704,China,0.0001746550653846064,0.0003199167628536024,0.0004651784603225985,0.0006104401577915945,0.0007557018552605904
24.5,118.1,0.00011492806855003693,16Uiu2HAm6tkdEFELvEa5X23Zw2PaDS4V7Efmty5qu8YvDqD4FKye,0.0014854576652186492,China,0.00025198102821689814,0.00038903398788375933,0.0005260869475506207,0.0006631399072174819,0.0008001928668843431
24.7,46.7,0.002241244303565298,16Uiu2HAmKb5Ldnfa9gEh3ndoiJQQkBQF9x9UpHpg3HHYgQFvGECM,0.00095372557204544,Saudi Arabia,0.0021124924304133123,0.001983740557261327,0.0018549886841093405,0.0017262368109573548,0.001597484937805369
24.8,121.0,2.9393367915610465e-05,16Uiu2HAmEGZ4xMEmhLFuGqsmaLM55nCKDQQeiRgRJcaB31yGAcbw,0.0015876937606010709,Taiwan,0.00018522340718415647,0.0003410534464527025,0.0004968834857212486,0.0006527135249897948,0.0008085435642583407
25.0,121.3,4.394308503383765e-05,16Uiu2HAmS4nvT2fR7SEqvPPFitK2zHR5Kx7K6wAWBVyBjf7r3H3F,0.0016036897935089594,Taiwan,0.00019991775588134978,0.00035589242672886195,0.0005118670975763742,0.0006678417684238864,0.0008238164392713986
25.0,121.5,0.0009138398084963294,16Uiu2HAmDj7qAUTwRKKUwCkytYP5yDbfgobm5FkHjEA5QNSLnxuY,0.0016135763132584496,Taiwan,0.0009838134589725414,0.0010537871094487535,0.0011237607599249655,0.0011937344104011776,0.0012637080608773896
25.1,55.3,0.000129183851989108,16Uiu2HAm5aSGZpL1Uf6WYPNfkP4ZgBFKswvgZNt6yWG146885wmv,0.0010131158821312216,United Arab Emirates,0.00021757705500331933,0.00030597025801753065,0.00039436346103174214,0.00048275666404595346,0.0005711498670601647
25.7,-100.3,2.9393367915610465e-05,16Uiu2HAm3tmsWy7hRUG5tbpdRXZw1sPHfRv9JvDkcT2iMbnwJbms,0.0014703225383469877,Mexico,0.00017348628495874815,0.00031757920200188583,0.00046167211904502367,0.0006057650360881614,0.0007498579531312991
25.7,-80.4,5.834583531248678e-05,16Uiu2HAmR5w549DoZpPeoMcWa7HfDnFA76AqzZoVaCsubHogjRM8,0.0013869203852917493,United States,0.000191203290310413,0.0003240607453083392,0.00045691820030626556,0.0005897756553041918,0.000722633110302118
25.8,-80.2,0.002042251202776615,16Uiu2HAmEH63zHFLNVg2KLBXozWHHTUETaqS3koxMdw7nc8Lmzcx,0.0013839911725628817,United States,0.001976425199755242,0.0019105991967338684,0.0018447731937124951,0.0017789471906911217,0.0017131211876697484
25.9,-97.5,0.0003183301745260613,16Uiu2HAm6GbdNcMYaTx2jZsbv2cm1HnEfp6XjZz3VhASjZhDohiD,0.0014759539993812558,United States,0.0004340925570115807,0.0005498549394971001,0.0006656173219826197,0.0007813797044681392,0.0008971420869536585
26.0,-80.3,5.731706743544041e-05,16Uiu2HAm7ShorqbE2KbnGhSCBuv4Dg3GRTcXQxTs1aE9LWYKBvny,0.0013792022494171679,United States,0.00018950558563361313,0.00032169410383178586,0.0004538826220299587,0.0005860711402281314,0.0007182596584263041
26.1,-97.3,1.4696683957805232e-05,16Uiu2HAkui2Ahc7HHxmgFCffTJyY2QmvMvPsTghDRFLvsuMbYQdX,0.0014687862407626348,United States,0.00016010563963828818,0.0003055145953187711,0.00045092355099925414,0.0005963325066797371,0.00074174146236022
26.1,-80.1,0.0019690617166667453,16Uiu2HAm5EkLYfzzRRAnzivjZrJF6e7DoqjnU33uzp1DXnJLctuz,0.0013763412217019729,United States,0.001909789667170268,0.0018505176176737907,0.0017912455681773137,0.0017319735186808365,0.001672701469184359
26.2,-98.2,2.9393367915610465e-05,16Uiu2HAmTZUjFKCP8iHZYLeSBSU5d1rj2AP5zgoFpidionfGKkft,0.0014660393466687325,United States,0.00017305796579092264,0.00031672256366623486,0.0004603871615415471,0.0006040517594168593,0.0007477163572921715
26.3,-80.2,7.348341978902616e-05,16Uiu2HAmBAMGFa4J3dsWKmMkaSNWYBtHu4Zr3pWKqJkA6gwcPNDV,0.001371598884603774,United States,0.00020329496627050092,0.0003331065127519757,0.0004629180592334506,0.0005927296057149253,0.0007225411521964001
26.3,127.8,6.334270785814056e-05,16Uiu2HAmKtmo31g3Kg8jzwi7p53pvkXNWe1fbGpP4johWcT39Bwj,0.0020101790130663886,Japan,0.0002580263383789653,0.0004527099688997901,0.000647393599420615,0.0008420772299414398,0.0010367608604622647
26.5,-80.1,8.186052964497515e-05,16Uiu2HAkyvEXbZDCqrQeYgNBgeEod6iCQqWwJ9Yvn99ZwVCUaDBk,0.0013665360366999543,United States,0.00021032808035047304,0.00033879563105597096,0.00046726318176146893,0.0005957307324669668,0.0007241982831724648
26.6,-81.9,4.2032516119322966e-05,16Uiu2HAkvY73V7S21NcNbZMfAj9NVkWTyLuzMgVnJqrb2SWH5Qa9,0.0013688366387372953,United States,0.00017471292838112018,0.0003073933406429174,0.0004400737529047147,0.000572754165166512,0.0007054345774283092
26.7,-80.2,0.0002111913484736612,16Uiu2HAmNowuiAr5BZnFT7jrrGEUtMZ2DP6e8oSH6bJKZeettDVV,0.0013618663689353384,United States,0.0003262588505198289,0.0004413263525659966,0.0005563938546121644,0.0006714613566583321,0.0007865288587044999
26.7,119.5,2.9393367915610465e-05,16Uiu2HAmLawzCVNYWxAeb8e39WQrwsBuyQ4dvXmVfhLjCdrEaT6m,0.001484647282551846,China,0.00017491875937923398,0.00032044415084285754,0.0004659695423064812,0.0006114949337701048,0.0007570203252337283
26.9,-80.1,1.4696683957805232e-05,16Uiu2HAmQodumnqqCtvE7NryHmcUvrFGVRXXtciCZ5yNAMREk2Sv,0.0013568902091785514,United States,0.00014891603647987982,0.0002831353890019544,0.0004173547415240291,0.0005515740940461037,0.0006857934465681782
26.9,75.8,4.159161560058881e-05,16Uiu2HAm6YeY9dhHNTDMVARd2Sbg93L7wCLgFqS1zykQmMd6kKwK,0.0010335702731194202,India,0.00014078948135247193,0.00023998734710435507,0.00033918521285623826,0.0004383830786081214,0.0005375809443600045
27.1,-82.5,1.4696683957805232e-05,16Uiu2HAmJc8tj2imqwpMjAS62BABvUnN2WsrtE1n3jZ21M9ZroBp,0.0013621689442664185,United States,0.00014944390998866653,0.0002841911360195278,0.0004189383620503893,0.0005536855880812506,0.0006884328141121118
27.3,-82.5,7.069104983704317e-05,16Uiu2HAmLvTGbgQib5qefiD2DuUrY7KzwEmcMTKF6nRrhLKKwkEd,0.001357318083474945,United States,0.00019935375320083331,0.00032801645656462344,0.0004566791599284138,0.000585341863292204,0.0007140045666559941
27.7,-97.4,2.704189848236163e-05,16Uiu2HAmHfFdceZRZD8oEdd9VH7K971bPRdSKMWdxRJbVyNajQys,0.0014142113560374375,United States,0.00016575884423786918,0.0003044757899933767,0.0004431927357488845,0.000581909681504392,0.0007206266272598995
27.7,85.3,1.4696683957805232e-05,16Uiu2HAmGTraXktCGyvzJaqwHcGXB7KTtbyAWaSod34Q6wSvDZrE,0.0010905943201717282,Nepal,0.00012228644757919751,0.0002298762112005898,0.00033746597482198215,0.00044505573844337446,0.0005526455020647667
27.9,-82.8,0.003227979664492341,16Uiu2HAmPoUAYfL1uH5jVpjC57VCNcPTVon4pGbDcqT4AicBVDks,0.0013442330331216315,United States,0.00303960500135527,0.0028512303382181993,0.002662855675081128,0.0024744810119440575,0.0022861063488069863
27.9,-82.3,1.4696683957805232e-05,16Uiu2HAkzETeKuuLATkbLZDCXosHxfdF3D2hYUEXvK4v2ojh9MFB,0.0013422160012227175,United States,0.00014744861568429643,0.00028020054741078763,0.00041295247913727897,0.0005457044108637701,0.0006784563425902613
27.9,-15.4,1.4696683957805232e-05,16Uiu2HAmKhHRfjBczqLjCbRUgEpZKPRwGX38GGaRCgbxxQ7K2tfb,0.0007352923796139565,Spain,8.675625352342034e-05,0.00015881582308903544,0.00023087539265465064,0.0003029349622202658,0.00037499453178588087
28.1,-80.7,0.00012742024991417136,16Uiu2HAkvq5WQLLci2mpeoqdRQVD7whMoUo9ayKfjZkFhPybLPZ7,0.001329695884762385,United States,0.00024764781339899273,0.000367875376883814,0.00048810294036863547,0.0006083305038534568,0.0007285580673382782
28.1,-15.4,1.4696683957805232e-05,16Uiu2HAkz14mPUKF3wPbNQ6vQUVVJKcH7i2BAKGbzLzF2Nc3Grxv,0.0007317345339339004,Spain,8.640046895541473e-05,0.00015810425395302425,0.0002298080389506338,0.0003015118239482433,0.0003732156089458528
28.2,-82.3,0.00019282049352640465,16Uiu2HAmPBZj5zXW52SM9vcMEJLAXugqq2YYixTfyxb3oQ5xh3AM,0.0013351871155794076,United States,0.00030705715573170494,0.00042129381793700523,0.0005355304801423056,0.0006497671423476059,0.0007640038045529061
28.2,-81.3,5.878673583122093e-05,16Uiu2HAmKCcZTZL44Na3dtL6672hjJCwGSr93vZUouoAA6aR6LLb,0.0013287164535955714,United States,0.00018577970760765597,0.000312772679384091,0.00043976565116052616,0.0005667586229369611,0.0006937515947133962
28.2,113.0,6.378360837687471e-05,16Uiu2HAmHye9oKcHxMHWE3zctPt6HBDURBJWGCTQZaB9azAmUvxV,0.0013766159905321336,China,0.00019506684659240057,0.00032635008480792646,0.00045763332302345243,0.0005889165612389782,0.0007201997994545042
28.4,-81.4,4.40900518734157e-05,16Uiu2HAmFBsQdVrE9UZcBJpmZGmKBFQ2LA1GdokQG9cRsJwXzNxv,0.001324357529751224,United States,0.0001721167996611965,0.00030014354744897727,0.00042817029523675823,0.000556197043024539,0.0006842237908123198
28.5,-81.6,5.819886847290872e-05,16Uiu2HAkzK4cyyXMXWiB7RpmHsjhoonq6wpjf6ZstD1qVQME1xgm,0.0013259052366005647,United States,0.0001849695052856743,0.0003117401420984399,0.00043851077891120553,0.0005652814157239711,0.0006920520525367368
28.5,-16.3,4.159161560058881e-05,16Uiu2HAkyUzqXxyUQVRATEmmPcwsJCkZaLzWGq38qckWB7xfc7CF,0.0007316385767923894,Spain,0.00011059631171976886,0.0001796010078389489,0.00024860570395812904,0.000317610400077309,0.0003866150961964891
28.7,-81.3,0.0002620418749676673,16Uiu2HAmEhmQM4HYuCpAp7M3qiXj4VVkhK1nwJJJCSaF4gA62KcP,0.0013205309506888368,United States,0.0003678907825397842,0.00047373969011190115,0.0005795885976840182,0.0006854375052561351,0.000791286412828252
28.7,77.2,7.348341978902616e-05,16Uiu2HAmCgNR5GFuKxVHapqd91pFnQbK5dZdmsFBKBNXbaJUaQvV,0.0010167488691255862,India,0.00016780996472268216,0.00026213650965633813,0.00035646305458999426,0.00045078959952365023,0.0005451161444573061
28.9,-82.0,1.4402750278649129e-05,16Uiu2HAm2DQDhbz7oELFtXyMzR5UMnvb7tBxuA6oHMr1RccwHBQx,0.0013180990912245864,United States,0.00014477238437324283,0.00027514201846783656,0.00040551165256243036,0.0005358812866570241,0.0006662509207516177
28.9,-81.3,2.895246739687631e-05,16Uiu2HAkurDbxMNxWiCL1N7HSt5uJtHYYfXTg91SzF9dpmZzwem4,0.0013160282489520227,United States,0.00015766004555239094,0.00028636762370790557,0.0004150752018634203,0.0005437827800189349,0.0006724903581744495
29.0,-82.7,1.4696683957805232e-05,16Uiu2HAmTJvchMcuYmax9zUo6o9hpzqzVVfAhWaqBgfFnRQUjp5W,0.001318473485088762,United States,0.0001450743640709009,0.00027545204418399655,0.0004058297242970923,0.000536207404410188,0.0006665850845232836
29.3,-94.8,5.878673583122093e-05,16Uiu2HAmFkrHGmgpWNAC9KcJmc4aasU184uWi19uqUU4MNZGY4Sm,0.0013674510151573131,United States,0.0001896531637638301,0.0003205195916964393,0.0004513860196290486,0.0005822524475616578,0.000713118875494267
29.3,-81.1,2.8217633198986046e-05,16Uiu2HAmBTxTgpdaQR9yQ8kFHRESacUULUmgibq8B4HxHKgX9ECN,0.0013066742405978646,United States,0.00015606329393887388,0.00028390895467876175,0.00041175461541864965,0.0005396002761585375,0.0006674459368984253
29.3,48.0,7.348341978902616e-05,16Uiu2HAm62ZPxSpt882o1ia4kEM6EjAbRGAZHPse9rkDp5e7qVFD,0.0008778182911213957,Kuwait,0.00015391690692226307,0.0002343503940555,0.00031478388118873706,0.000395217368321974,0.00047565085545521094
29.4,-98.5,0.00012991868618699825,16Uiu2HAmQb6XMwjcbsnmVsJzjtnPBjBkMtBw3rZuKRK8CWHUb2z1,0.0013285455577484169,United States,0.00024978137334314007,0.00036964406049928194,0.0004895067476554239,0.0006093694348115657,0.0007292321219677075
29.6,-98.7,1.4696683957805232e-05,16Uiu2HAmE7SzWRPYaSLxNQ5pFmELC7LrExFeLfv2EMLTwKdejbA9,0.0013196846399080096,United States,0.00014519547955282565,0.00027569427514784607,0.0004061930707428666,0.000536691866337887,0.0006671906619329074
29.6,-95.7,1.4696683957805232e-05,16Uiu2HAmRNCh3JJqXAPWaf7EgdTXwdmWTP244bDVqAcNtWx4BUxC,0.001360030869934523,United States,0.00014923010255547697,0.0002837635211531487,0.00041829693975082064,0.0005528303583484924,0.0006873637769461641
29.7,-98.1,2.8805500557298257e-05,16Uiu2HAmFUNc6AcWBFZC4bABdFhHXqiJamNBpZNtta79sRpYATTh,0.0013247786386789747,United States,0.00015840281436946588,0.0002880001281816335,0.0004175974419938012,0.0005471947558059689,0.0006767920696181365
29.7,-95.9,4.173858244016686e-05,16Uiu2HAm7oBULRRFRCYgA8bjXnToy4wRRpW39eApoGtrjDpG7gF8,0.0013529897149372706,United States,0.0001728636956898772,0.00030398880893958756,0.00043511392218929806,0.0005662390354390085,0.0006973641486887187
29.7,-82.3,1.205128084540029e-05,16Uiu2HAmLcsZXXCQj3RyoFYmwnHbd82HShL3P2zDX5JQy234eWbd,0.0013014529626204216,United States,0.0001409914490229024,0.0002699316172004045,0.0003988717853779067,0.0005278119535554088,0.0006567521217329109
29.8,-95.5,0.0005793432816166823,16Uiu2HAkwULiwjksGVGGyzVPLmmRfSLDrKCZTbathjr7dsCy9qU9,0.0013535992777546613,United States,0.0006567688812304801,0.0007341944808442781,0.0008116200804580761,0.000889045680071874,0.0009664712796856718
29.9,121.5,5.878673583122093e-05,16Uiu2HAmR1reusqJZuMFF6rKWr7C2dtrsuV4KENto7RibVWPwmAP,0.0016740788580876806,China,0.00022031594805686685,0.0003818451602825128,0.0005433743725081589,0.0007049035847338049,0.0008664327969594508
30.0,-95.7,5.805190163333067e-05,16Uiu2HAmCDtW1iRXxh2nEABahP3eQZD4eYQ81Ra1sCckAv1yVMos,0.0013445148751022838,United States,0.00018669819898022594,0.00031534449632712123,0.0004439907936740167,0.000572637091020912,0.0007012833883678072
30.0,-95.4,2.9393367915610465e-05,16Uiu2HAkvfNmpZqebLHi6dfGSkgVGusSxMgrubW3EHuZDzZ6ZjEs,0.0013483497977119655,United States,0.00016128901089524592,0.00029318465387488137,0.00042508029685451703,0.0005569759398341526,0.000688871582813788
30.0,-90.1,8.862100426556555e-05,16Uiu2HAmBC3BvJUFNHvXpscWB3V6XN5xjmuZfhTJcKWtrmterEUv,0.0013593495174026862,United States,0.0002156938555792776,0.0003427667068929896,0.0004698395582067018,0.0005969124095204138,0.0007239852608341259
30.1,-81.4,2.9393367915610465e-05,16Uiu2HAkvAmf6QLsSX6jXGkq2UAXpjz9a51kZpkWa4UtzuQYzma7,0.001290047540794423,United States,0.0001554587852034917,0.00028152420249137296,0.00040758961977925426,0.0005336550370671356,0.0006597204543550168
30.2,-97.9,0.0009593995287655256,16Uiu2HAkz4BGL1qB6kVNJGU5Sw6RpyeAX6t8N84pd83n7dhSMU5Q,0.001305131808753393,United States,0.0009939727567643123,0.001028545984763099,0.0010631192127618858,0.0010976924407606727,0.0011322656687594592
30.2,-92.0,2.9393367915610465e-05,16Uiu2HAmK3JmEFvwhDzRxkHUqHw87NVjTgp3z3DxGE8WaqnrVp4E,0.00134828778247041,United States,0.00016128280937109036,0.0002931722508265703,0.0004250616922820504,0.0005569511337375304,0.0006888405751930102
30.2,-85.7,1.4696683957805232e-05,16Uiu2HAm2BPz2LMVewAekxtSRNBSBqSwkXAks8CEmtLwpDXfw2Ta,0.0013142946410424476,United States,0.00014465647966626944,0.00027461627537473364,0.000404576071083198,0.0005345358667916623,0.0006644956625001263
30.2,53.2,2.9393367915610465e-05,16Uiu2HAmAL388Csojyzvvavzv1L759YJHWArJzeG3sjYhbJEqWfU,0.0009162658579746416,Iran,0.00011808061692151356,0.00020676786592741667,0.00029545511493331983,0.00038414236393922297,0.00047282961294512605
30.3,-95.5,6.084427158531366e-05,16Uiu2HAm8i9tH5qNQQb63pjEmHB6HZHCskv2Xpz159JbkybDoYhJ,0.0013362094667991298,United States,0.00018838079110669527,0.00031591731062807684,0.0004434538301494585,0.0005709903496708402,0.0006985268691922218
30.3,-81.7,4.40900518734157e-05,16Uiu2HAmMzKLZcZT2GqMjpCj8ZPCSVRjGHiZ5CeL3LW6BM1uQwka,0.0012866126878055253,United States,0.00016834231546662663,0.00029259457905983754,0.00041684684265304864,0.0005410991062462596,0.0006653513698394705
30.3,75.2,0.0016914413567038044,16Uiu2HAmKkZ9uRu8SnVEowLVVhX3r1gmVx4AyX3c1XgPV78zNRXq,0.0009844028939297682,India,0.0016207375104264007,0.0015500336641489972,0.0014793298178715935,0.0014086259715941898,0.0013379221253167863
30.3,120.2,0.00011580986958750524,16Uiu2HAmMggEZYEkumAdwmoGrLh5nXdzTGY6uReW9KWAzUc12CsM,0.0015559647141203288,China,0.00025982535404078756,0.0004038408384940699,0.0005478563229473523,0.0006918718074006348,0.000835887291853917
30.4,-97.6,4.40900518734157e-05,16Uiu2HAm7ByVX2ugF4sXaKJmNzdgSvu1Yp4srYharNoDFxGevRhG,0.0013083809531963242,United States,0.00017051914200570654,0.00029694823213799736,0.00042337732227028826,0.0005498064124025791,0.0006762355025348699
30.4,-91.2,1.4696683957805232e-05,16Uiu2HAkzDvuFDYc3WeomQubthy6XG13yMscoQvLV6Me14Kybjq8,0.0013469379432999122,United States,0.0001479208098920159,0.00028114493582622656,0.0004143690617604374,0.0005475931876946481,0.0006808173136288587
30.4,-87.0,5.878673583122093e-05,16Uiu2HAmUQq5Kea2PKTQjHhj1Xvoq7TR4SMJz1VrG3AoEgPEgZMH,0.0013221500633165241,United States,0.00018512306857975124,0.0003114594013282815,0.00043779573407681197,0.0005641320668253422,0.0006904683995738725
30.4,-84.3,0.0001763602074936628,16Uiu2HAm3ohJ6WwT44H7mE34bWcrf9CznAm7xxRZKReRhEtQtqaa,0.0012985510187450715,United States,0.0002885792886188036,0.0004007983697439445,0.0005130174508690854,0.0006252365319942263,0.0007374556131193672
30.5,-97.8,0.00039151966063593143,16Uiu2HAmQ4MUs9Cuqy7PRTTQWZUAQ6HFEMmyTbsJM3qZiQeBYBJh,0.001298083942319644,United States,0.0004821760888043027,0.000572832516972674,0.0006634889451410452,0.0007541453733094165,0.0008448018014777877
30.7,-96.4,1.4696683957805232e-05,16Uiu2HAkvJVMf6cQ8CQwTgoZMU3Ro1qeUq9kYG1Pp5QNbVvjv4RK,0.0013063906750497222,United States,0.00014386608306699692,0.0002730354821761886,0.00040220488128538037,0.0005313742803945721,0.0006605436795037637
30.7,-88.0,2.9393367915610465e-05,16Uiu2HAmLMugmSYTgVkb1JSQt6ep2Tj4nnMPRmqNnS5U4CKBXDxK,0.0013199187040796468,United States,0.00015844590153201406,0.0002874984351484177,0.0004165509687648214,0.000545603502381225,0.0006746560359976286
30.7,-81.5,1.4696683957805232e-05,16Uiu2HAmH4bUDyKmLM5U86ZFa66j5cjJyJaPyMQVVjDwQ5FSQ2Wf,0.0012744387126576342,United States,0.00014067088682778812,0.000266645089697771,0.00039261929256775396,0.0005185934954377369,0.0006445676983077197
30.7,104.1,8.23014301637093e-05,16Uiu2HAmMxQ1or8ZinXJsFPZjJZiTz3y43uwC1mH4uzQhqy339L5,0.0012202180394301988,China,0.00019609309109035823,0.0003098847520170071,0.00042367641294365616,0.0005374680738703052,0.000651259734796954
30.8,120.8,1.4696683957805232e-05,16Uiu2HAmUrWuwSZC99Y9KQArTEsigKJo1kexWE7yuDrF8oXNz9QP,0.0016005315904400355,China,0.00017328017460602823,0.0003318636652542512,0.0004904471559024744,0.0006490306465506974,0.0008076141371989203
30.9,-97.0,2.9393367915610465e-05,16Uiu2HAm1Jn6dgAY3hv33FSdA54AjjPsG6ociX86XXkXiLSY9KfK,0.0013023521730534614,United States,0.00015668924842939552,0.0002839851289431806,0.0004112810094569658,0.0005385768899707509,0.000665872770484536
31.1,-97.4,1.1169479807931976e-05,16Uiu2HAm6KbSx7D5XFLK4PKDVKoLhz69emqiHntRckB9dR5qSY9y,0.001278404168328592,United States,0.00013789294865999797,0.00026461641751206395,0.00039133988636413003,0.000518063355216196,0.000644786824068262
31.1,-85.6,1.4696683957805232e-05,16Uiu2HAmGyZSAGhLXCRKVUzLgo5vkLqpDneBmqWheXMM2XwweVL5,0.001294532158680156,United States,0.0001426802314300403,0.00027066377890227534,0.0003986473263745105,0.0005266308738467456,0.0006546144213189805
31.2,121.5,0.000637689116929169,16Uiu2HAkyZA9H4nQhjBqypYSsgxP7dveUDLisZpCSU28LN8jJp5L,0.0016628500721813377,China,0.0007402052124543859,0.0008427213079796028,0.0009452374035048196,0.0010477534990300365,0.0011502695945552533
31.7,34.6,4.232644979847907e-05,16Uiu2HAmDfgGeKsuxNt9CjFYzBvoCXJo9cdGgXkVi13XW7NzoU4f,0.0007073826532088894,Israel,0.00010883207013952009,0.00017533769048056112,0.0002418433108216022,0.0003083489311626432,0.00037485455150368423
31.8,-106.4,8.81801037468314e-05,16Uiu2HAmGZj7XHGbf9knJ5abuhHLY2KcHWz1ExVJMFMWDXehpH6V,0.0011926526799280043,United States,0.00019862736136494865,0.0003090746189830659,0.0004195218766011833,0.0005299691342193006,0.0006404163918374179
31.9,-116.6,1.4696683957805232e-05,16Uiu2HAmGp9y9wRc6P5aYJNY4AXbMs8m7mzfk5S8W8yYsLzbcN6o,0.0011162711322463647,Mexico,0.00012485412878666117,0.0002350115736155171,0.00034516901844437313,0.00045532646327322906,0.0005654839081020849
31.9,35.0,5.6876166916706255e-05,16Uiu2HAm4Pa7Yr7wX2HJDrxMtZNZ5yEcYUcNdpHCzdYVYpFXE4x2,0.000707192192482289,Israel,0.00012190776947326452,0.00018693937202982278,0.0002519709745863811,0.0003170025771429394,0.00038203417969949764
31.9,117.3,5.878673583122093e-05,16Uiu2HAmCX8UFpf9swiBM7WUFTw7EaRwhqjPH9q1skc5N5qQjeqY,0.0014415531188829874,China,0.00019706337413639752,0.00033534001244157414,0.0004736166507467509,0.0006118932890519275,0.0007501699273571042
32.0,34.8,0.0001322701556202471,16Uiu2HAm2KAidxn2ZvLkWTiVRjC9zT5qb3taQatqAsntuLn9mNWH,0.000704061590966238,Israel,0.0001894492991548462,0.00024662844268944525,0.0003038075862240444,0.0003609867297586435,0.0004181658732932426
32.1,-81.1,1.4696683957805232e-05,16Uiu2HAmCuvBgATQoEPYp9JvRhprWLcAcoj78ExiGv5ZkrKjTaeg,0.0012448981770643926,United States,0.00013771683326846396,0.0002607369825791227,0.00038375713188978146,0.0005067772812004402,0.0006297974305110989
32.1,118.8,0.00015960598778176483,16Uiu2HAm79jpCMopEJfTEzSQX64uNxnVwyEnjaTYM9r9vMT8uyTz,0.0014894675683933525,China,0.00029259214584292356,0.00042557830390408226,0.0005585644619652412,0.0006915506200264,0.0008245367780875586
32.3,-106.8,1.3520949241180814e-05,16Uiu2HAmPo77iUKpH2Znr2PF7BDcsLBrUD1UiA9T5Wz2Hfs6UcWe,0.0011675849019237945,United States,0.00012892734450944217,0.0002443337397777035,0.00035974013504596497,0.0004751465303142263,0.0005905529255824877
32.5,-92.6,1.2492181364134448e-05,16Uiu2HAm8eY6bAwJspN9yN4NJBiWvKjdCMqRnzwU3UZhpt1XYYY9,0.0012709468298732333,United States,0.00013833764621504433,0.0002641831110659542,0.0003900285759168641,0.0005158740407677741,0.0006417195056186839
32.5,-85.9,2.8805500557298257e-05,16Uiu2HAmVpfrkoepE1NbUyDMfR3dgh9h7XK6BzCCqCorfPg71FZT,0.0012616077585773063,United States,0.00015208572635929903,0.0002753659521612998,0.00039864617796330073,0.0005219264037653015,0.0006452066295673023
32.7,-117.2,0.0007767197471700066,16Uiu2HAkx5CoLBcNS45Q7iczwt9T3Co4rrSifjkqHe2VGB9Evr5A,0.0010588102862246845,United States,0.0008049288010754743,0.0008331378549809421,0.00086134690888641,0.0008895559627918777,0.0009177650166973455
32.7,-116.9,1.4108816599493023e-05,16Uiu2HAkyVa1Kvfce5GrM6UFeR4QH2Jo9xQv2YPfH8NMmsssESBQ,0.0010661154784656728,United States,0.00011930948278611097,0.00022451014897272893,0.00032971081515934696,0.00043491148134596494,0.0005401121475325829
32.7,-97.3,6.510630993307718e-05,16Uiu2HAm6T6Fw4pZU2VowWgh5zYH3WPijk7okmv6pVc8RpWc59jM,0.0012207948598038352,United States,0.00018067516492015296,0.00029624401990722873,0.00041181287489430463,0.0005273817298813804,0.0006429505848684562
32.7,-16.9,1.4696683957805232e-05,16Uiu2HAm82ENuKqR8Gndkw4uTy4atnmxikt1LJ1GhGRxm5ZQkS14,0.0006726827616928903,Portugal,8.049529173131372e-05,0.00014629389950482222,0.00021209250727833077,0.00027789111505183926,0.00034368972282534775
32.7,35.3,1.4696683957805232e-05,16Uiu2HAkx1XJ4d3cvEW9bryRoKTJduUtHjsf5HWJkDJbXd7eoWwS,0.0006969425671562118,Israel,8.292127227764588e-05,0.00015114586059748655,0.00021937044891732723,0.0002875950372371679,0.00035581962555700854
32.8,-96.8,0.002280925350251372,16Uiu2HAkxQfs6Nxt2bapK11Skyzu7A4GpFbA4mtzMmFEgeBWtYDz,0.0012168520729228909,United States,0.002174518022518524,0.0020681106947856758,0.0019617033670528273,0.0018552960393199793,0.0017488887115871313
32.8,35.0,1.9105689145146802e-05,16Uiu2HAm8MhH3gMCPgtbNzHpcztabXAr7CgaioTiDeecdU4nTGpY,0.0006930361474180587,Israel,8.649873497243797e-05,0.00015389178079972915,0.00022128482662702042,0.0002886778724543116,0.0003560709182816028
32.8,35.5,1.4696683957805232e-05,16Uiu2HAkutWs4etSeUDGz3uyhQ8ywMVF4jzx8MUs2Qombp2xTANV,0.000697004355124462,Israel,8.29274510744709e-05,0.00015115821819113658,0.0002193889853078023,0.00028761975242446797,0.00035585051954113364
32.8,130.7,1.4696683957805232e-05,16Uiu2HAmNSF5mrbxFvmMkMK4sGvTWYhaPiDTVzJCuLFSXnmRjuJV,0.001975585972660005,Japan,0.00021078561282802515,0.00040687454169824507,0.0006029634705684651,0.0007990523994386851,0.000995141328308905
32.9,-117.2,5.5847399039659886e-05,16Uiu2HAkx8Sj3R5KPwoHB3wasBiXu81a2irtkBXzoC3opLhmWoP5,0.0010558089813690777,United States,0.00015584355727260165,0.0002558397155055434,0.00035583587373848525,0.000455832031971427,0.0005558281902043688
32.9,-97.1,7.348341978902616e-05,16Uiu2HAmG1hNragCwQF2oX4uVGDscwo8MmmoqeP8zz2zCAZRghwD,0.0012151309927653277,United States,0.00018764817708665627,0.0003018129343842864,0.0004159776916819167,0.0005301424489795467,0.0006443072062771769
32.9,-96.6,0.00031641960561154666,16Uiu2HAmF7XDnBCo6tURbYzKvLCxZ8wwFnjfrrLKQGZj8EN2WNVD,0.0012129352842641578,United States,0.00040607117347680777,0.0004957227413420689,0.00058537430920733,0.0006750258770725911,0.0007646774449378523
32.9,-80.0,0.01640149929691064,16Uiu2HAm2WT4yKh5tPjoR4ZxfBAvm2UCRE4YuAvHeoahqbiazS7T,0.0012052597080099668,United States,0.014881875338020571,0.013362251379130505,0.011842627420240436,0.01032300346135037,0.008803379502460303
33.1,-95.8,1.4255783439071075e-05,16Uiu2HAm3o6XirQ7VcBTyUYU6FF6iNyWbF5CMMjhYJqnAEtmKn4D,0.0012112384082873873,United States,0.00013395404592390269,0.00025365230840873425,0.00037335057089356603,0.0004930488333783976,0.0006127470958632292
33.2,-117.3,0.0002698311174653041,16Uiu2HAmLUoDKSXZm7QnUERUjjaoRz4iyMS4SLyGpiT7iD1eA8aa,0.00103394233049828,United States,0.00034624223876860165,0.0004226533600718992,0.0004990644813751969,0.0005754756026784944,0.000651886723981792
33.2,-96.6,1.4696683957805232e-05,16Uiu2HAmBwbiGNbV1FuU3VN7k9poAjCRS8Q1H3yWocZRmt5rZCAK,0.0012080038595023795,United States,0.00013402740151226264,0.00025335811906672005,0.00037268883662117753,0.000492019554175635,0.0006113502717300923
33.4,-112.1,0.0006278423386774395,16Uiu2HAmNmNQJmXGmyK89mz6p4NBeXXz91mmJvgvuRaqcf2JNYVE,0.001114326773740709,United States,0.0006764907821837664,0.0007251392256900933,0.0007737876691964203,0.0008224361127027473,0.0008710845562090743
33.4,-86.8,2.9393367915610465e-05,16Uiu2HAmH4pSGYXcorpP6SmbPjv18YzrgDaQQjqPVd8koFxkFtGu,0.0012474656082874873,United States,0.00015120059195279813,0.0002730078159899858,0.00039481504002717355,0.0005166222640643613,0.0006384294881015489
33.5,-117.1,1.4696683957805232e-05,16Uiu2HAmGg4Dbirgigpj9srbwgRthUKGAwKwqnH9ae3hCL3Q7GzT,0.001023295297370105,United States,0.00011555654529903518,0.00021641640664026512,0.0003172762679814952,0.00041813612932272516,0.000518995990663955
33.5,-82.0,1.4696683957805232e-05,16Uiu2HAmTpzUPcCik8XhdcLWDU3EaGfA4Be8WmhZS1utYj3E1tZH,0.0012171982965382695,United States,0.00013494684521585165,0.00025519700647389805,0.00037544716773194454,0.000495697328989991,0.0006159474902480373
33.5,126.5,7.627578974100917e-05,16Uiu2HAmERXb6kgragJW1iTGq3SbhSuiEeUCvgcp3bvm9eMqrxvu,0.0018757186548340207,South Korea,0.00025622007625031025,0.00043616436275961137,0.0006161086492689127,0.0007960529357782138,0.0009759972222875149
33.6,-117.9,0.004132266628416098,16Uiu2HAmJqEDHgtJWiBqmESeqTcrKVHTifRYjb5UfcopNnbW386f,0.0010175584617973324,United States,0.0038207958117542212,0.0035093249950923448,0.0031978541784304683,0.002886383361768592,0.002574912545106715
33.6,-117.6,0.0004992463540466437,16Uiu2HAmHMeyjM8hirCTCdkJS7yuM5er71eaaEVjN7yj59DDuu7f,0.0010210130977991872,United States,0.0005514230284218981,0.0006035997027971524,0.0006557763771724069,0.0007079530515476612,0.0007601297259229155
33.6,130.4,1.4696683957805232e-05,16Uiu2HAkzGHAM9AYPkqoTa8mDEjghKQAzxZofEXUcVhEAe8twjnt,0.001971650356059388,Japan,0.00021039205116796345,0.00040608741837812166,0.0006017827855882801,0.0007974781527984383,0.0009931735200085965
33.7,-84.4,0.0008643119835585257,16Uiu2HAkvbZEqcpKNdatPQBm6MJMwyGADdsp8PgMx4W3BSeAgEeU,0.001223546485263051,United States,0.0009002354337289782,0.0009361588838994307,0.0009720823340698833,0.0010080057842403356,0.0010439292344107884
33.8,-118.4,0.0002943745796748388,16Uiu2HAkxiXCpVzEbguJBFZzzhSxH42mN9XwmhoxfwJgGzymTPBK,0.0009991262674374551,United States,0.00036484974845110046,0.00043532491722736205,0.0005058000860036238,0.0005762752547798853,0.0006467504235561469
33.8,-83.9,1.4696683957805232e-05,16Uiu2HAmVVmnydQ6wPCx9JxjvdqT7x9FcC2yBYjxFCCrwginHGhV,0.0012191999680683215,United States,0.00013514701236885685,0.00025559734077990846,0.00037604766919096015,0.0004964979976020118,0.0006169483260130633
33.9,-117.5,9.920261671518532e-05,16Uiu2HAmUooHa5XbntBzUVmkAuihNjjV2tVReuU99z8AhLUHsdz3,0.0010118532292047273,United States,0.00019046767796413952,0.00028173273921309366,0.000372997800462048,0.00046426286171100215,0.0005555279229599563
33.9,-84.7,8.81801037468314e-05,16Uiu2HAmQkacbAwvPjq2rQ21w9maUyXx5doW38HPvY9Fw5bjMBv5,0.0012215538102687798,United States,0.0002015174743990262,0.000314854845051221,0.000428192215703416,0.0005415295863556108,0.0006548669570078056
33.9,-81.2,1.3520949241180814e-05,16Uiu2HAm9BjF21jGvxeG4YJ3t59WTLtqB53FT4FbwNM8nqZbskwr,0.0011888990986787737,United States,0.00013105876418494008,0.00024859657912869933,0.00036613439407245875,0.000483672209016218,0.0006012100239599773
34.0,-118.5,0.0026993399425300868,16Uiu2HAm7L3d5GubBpwTGTJ7A2hR2nHRiCEHjRPrYXAVwGbPb8hA,0.0009903294981933495,United States,0.0025284388980964132,0.0023575378536627393,0.0021866368092290653,0.0020157357647953918,0.0018448347203617182
34.0,-118.0,0.0005627360287443623,16Uiu2HAm1Y5mipW3Q8sGdbMMuGq9K8Vuxkqw6x4WiQTRgzSkv93G,0.0009985241693752584,United States,0.0006063148428074519,0.0006498936568705416,0.0006934724709336312,0.0007370512849967207,0.0007806300990598103
34.0,-84.2,0.00011757347166244186,16Uiu2HAm8Rwj33qaauS7mpD24NVTdF44ihyqWGjc983A8Y1JF4Sn,0.0012138913763040055,United States,0.0002272052621265982,0.00033683705259075455,0.000446468843054911,0.0005561006335190673,0.0006657324239832237
34.0,-80.9,2.9393367915610465e-05,16Uiu2HAmPYkoHDhYtLst53BxYPQd7rbeEyuZBJfBVC7ced4S9CbW,0.0011863730974656594,United States,0.00014509134087061531,0.0002607893138256202,0.0003764872867806252,0.00049218525973563,0.0006078832326906349
34.1,-117.4,0.0001011131856297,16Uiu2HAmSbDXfhxxcdMXTYFWrkweY1u6QcxK5DkC3GMetRAAgznY,0.0010078933877030267,United States,0.00019179120583703266,0.00028246922604436534,0.00037314724625169807,0.0004638252664590307,0.0005545032866663634
34.1,-84.0,2.9393367915610465e-05,16Uiu2HAmLLVAozyQMVdVF1GkVmo5kkGP8qYxPdcc13H6JmVXhU7r,0.001207944899144697,United States,0.00014724852103851908,0.0002651036741614277,0.00038295882728433644,0.0005008139804072451,0.0006186691335301537
34.1,-77.9,1.4696683957805232e-05,16Uiu2HAmTazj9c2DUDjk1H4n6VAwvQCf21mDWpBcfavTeYq9bzp7,0.0011722667100509008,United States,0.00013045368656711476,0.0002462106891764243,0.00036196769178573393,0.00047772469439504354,0.000593481697004353
34.2,-119.0,2.9393367915610465e-05,16Uiu2HAm2FLsxXXrWEAS6efjRGjgdQTwbKLm8jhZSAEZa4KNxBdf,0.0009870649972434336,United States,0.00012516053084839275,0.00022092769378117505,0.00031669485671395744,0.00041246201964673974,0.000508229182579522
34.2,-118.6,0.00010287678770463663,16Uiu2HAmBmKCAcMdRwMvXkRNSAAm7GmjpVEZ8xzdV6bD91bhaJva,0.0009816033019725647,United States,0.00019074943913142945,0.00027862209055822223,0.00036649474198501513,0.0004543673934118079,0.0005422400448386006
34.4,-119.7,1.4696683957805232e-05,16Uiu2HAmKtBVqiZK1N9WXqWcBhbPD7owfJRv5VKbTjv2PqYWcv9W,0.0009941672741712163,United States,0.00011264374297914632,0.00021059080200048743,0.0003085378610218286,0.0004064849200431697,0.0005044319790645107
34.4,-118.5,0.00011757347166244186,16Uiu2HAmLabvm3kBhk8Bq4LgJeGxYUU7Au2EcZZQvcck12qQRqho,0.0009739838448055315,United States,0.00020321450897675078,0.0002888555462910598,0.00037449658360536877,0.0004601376209196777,0.0005457786582339866
34.4,-84.1,1.4696683957805232e-05,16Uiu2HAmJrvKcC5KAne64X6kzYY1T3TynxriWzmC8cnZjXVouwae,0.001203180213391973,United States,0.00013354503690122198,0.00025239338984463873,0.00037124174278805564,0.0004900900957314723,0.0006089384486748891
34.4,-77.7,1.4696683957805232e-05,16Uiu2HAmM4pJRST7daS8L2vYBQ7PMAxHNxRGHFP3rLVeCYx5gLpJ,0.0011609229339956941,United States,0.0001293193089615941,0.00024394193396538297,0.00035856455896917197,0.00047318718397296086,0.0005878098089767496
34.5,-112.5,2.9393367915610465e-05,16Uiu2HAm7f4Er3wvUFZZnYUS8Ba77YbcveaFDFEswjFdFrifEqse,0.0010635593474411628,United States,0.00013280996586816568,0.00023622656382072088,0.0003396431617732762,0.00044305975972583144,0.0005464763576783866
34.6,-118.2,2.8658533717720205e-05,16Uiu2HAkzuXZkgZSeUUFUeD9yookLwL1oxXkYsvSkTFL4xvqD2Va,0.0009675116385862764,United States,0.0001225438442045758,0.0002164291546914314,0.00031031446517828707,0.0004041997756651427,0.0004980850861519983
34.6,-87.0,5.5553465360503775e-05,16Uiu2HAmAZ3HDvAUQW4fQjdS5CTk7conLMnGyz7AVXpKirjAdwXn,0.0012210791599785871,United States,0.00017210603482231208,0.00028865860428412037,0.0004052111737459288,0.0005217637432077372,0.0006383163126695454
34.7,-92.3,1.4696683957805232e-05,16Uiu2HAmJy3ZZYxfkqpn2gEXNXUX6ympb8BHqcYXhGjMgSMwY3pb,0.0011935873639064446,United States,0.00013258575195266914,0.00025047481994753304,0.0003683638879423971,0.000486252955937261,0.0006041420239321248
34.7,-86.7,4.40900518734157e-05,16Uiu2HAmMzFRvbKQg4stsArzYZzri3BHydNmZfpTyvJzLqpTacyh,0.0012139566181455408,United States,0.0001610767085006282,0.00027806336512784067,0.00039505002175505325,0.0005120366783822657,0.0006290233350094782
34.7,-82.3,1.4696683957805232e-05,16Uiu2HAmGrocYek84XnytgA2qoWNPPkZPTumPJ1yWHeHw58JhEfd,0.0011842189020561942,United States,0.0001316489057676441,0.00024860112757748296,0.000365553349387322,0.00048250557119716085,0.0005994577930069997
34.7,133.9,1.4696683957805232e-05,16Uiu2HAmRmhKdhyYC577acg2gx7nhsgPgQkXPnZeQfaQs8h9XtdM,0.0018790543206591323,Japan,0.00020113244762793792,0.0003875682112980706,0.0005740039749682034,0.0007604397386383362,0.0009468755023084687
34.7,135.5,4.40900518734157e-05,16Uiu2HAmUkHbjTeyFgXYD9hyRZy4TaAehtRuHYNT3bj44Db8U6dx,0.001909011028891039,Japan,0.000230582149575178,0.00041707424727694027,0.0006035663449787028,0.000790058442680465,0.0009765505403822273
34.7,137.7,1.4696683957805232e-05,16Uiu2HAmS4HMsCvX9sTBsCEGg4p6vdaRbayQGJRXbwAspz2ZLkhh,0.0019462051024975082,Japan,0.00020784752581177549,0.00040099836766574573,0.0005941492095197162,0.0007873000513736864,0.0009804508932276567
34.9,-86.6,1.4696683957805232e-05,16Uiu2HAmQ32FenVS1kNhDE64h8HiAEWFpnS4NEuRdkfBy22254mZ,0.0012066792066462654,United States,0.00013389493622665123,0.00025309318849549723,0.00037229144076434334,0.0004914896930331893,0.0006106879453020353
35.0,-120.4,1.4696683957805232e-05,16Uiu2HAmVK18pzzLy2CzqzvQ4USHD66dvrY29UZx7Y4UXsoNELfL,0.0010037963201506978,United States,0.00011360664757709446,0.0002125166111963837,0.00031142657481567304,0.0004103365384349623,0.0005092465020542515
35.0,-86.8,7.348341978902616e-06,16Uiu2HAmVfbX78SiFLy2pZafHYLDJxpYigdDCpcbZ3iy63cJLoit,0.0012032548407981583,United States,0.00012693899186082814,0.00024652964174275366,0.00036612029162467937,0.0004857109415066049,0.0006053015913885304
35.0,-85.3,5.878673583122093e-05,16Uiu2HAmEUsGahLf4zQL1LFG8E3KRo4eyi9FrSwJy54GsLn2kouS,0.0011933629570779322,United States,0.00017224435795589203,0.0002857019800805631,0.0003991596022052344,0.0005126172243299055,0.0006260748464545766
35.0,127.5,0.0001834146157934093,16Uiu2HAm7gB8G2rVPJqY4KzUnTi7gjeSPA2oKTuECGKm4ufRDtdx,0.0018825083415805943,South Korea,0.00035332398837212774,0.0005232333609508462,0.0006931427335295649,0.0008630521061082833,0.0010329614786870017
35.0,135.8,4.40900518734157e-05,16Uiu2HAmCriMwwEqMRHbwdmovMGEKRaEmTBi6A2idYrK44yzQNzs,0.0019179383591772883,Japan,0.0002314748826038029,0.0004188597133341901,0.0006062445440645775,0.0007936293747949647,0.000981014205525352
35.0,137.2,1.4696683957805232e-05,16Uiu2HAkwypdEEGQWLBvo79tfy6yri8tvSg91hWypaviPuzxwYWt,0.0019343215535477735,Japan,0.00020665917091680202,0.0003986216578757988,0.0005905841448347958,0.0007825466317937926,0.0009745091187527893
35.1,-106.7,0.00017239210282505538,16Uiu2HAkzvVb3nuFvbgc4WBfy4kTExbWf1cTJfS4ZXeNEK74J936,0.0010953975698366988,United States,0.0002646926495262197,0.000356993196227384,0.00044929374292854846,0.0005415942896297127,0.000633894836330877
35.1,129.0,0.00011478110171045886,16Uiu2HAmJaCLs2QsU8c6G11GD4eJ8hHeD3HJjaCjVraVbkFqiKHw,0.0019557663051324027,South Korea,0.0002988796220526532,0.00048297814239484755,0.0006670766627370421,0.0008511751830792365,0.0010352737034214309
35.2,-111.7,7.818635865552385e-05,16Uiu2HAm3MBoE39x4gotQ3L9ggLDsbmjHAJosJwWTwC5PS12JPFd,0.0010474050538755502,United States,0.00017510822817752645,0.00027203009769952906,0.00036895196722153183,0.0004658738367435344,0.000562795706265537
35.2,-80.8,0.00013021261986615436,16Uiu2HAm9pjSPwrbV3zzF4KEUW3QmF4P6BWziAzZuFqRAx9tYiWq,0.0011560294191780315,United States,0.00023279429979734204,0.0003353759797285297,0.0004379576596597175,0.0005405393395909052,0.0006431210195220929
35.2,33.4,7.3042519270292e-05,16Uiu2HAm7KBArCycX5eE22obxhVpLpKbydnLh9iHsjs8S9ULPGeg,0.0006842071555699326,Cyprus,0.00013415898290025603,0.0001952754465302201,0.0002563919101601842,0.0003175083737901483,0.0003786248374201123
35.2,126.9,5.878673583122093e-05,16Uiu2HAm6LJYntV64Rr9zBWfqcP44bFhR4YARFLpD2vF3btGHW8g,0.001855091586086621,South Korea,0.00023841722085676088,0.00041804770588230086,0.000597678190907841,0.000777308675933381,0.000956939160958921
35.2,128.7,1.4696683957805232e-05,16Uiu2HAm5PY1DPMKXecpUNUr45EQEB9FdSwioJQUCCcvHfpvtGwL,0.0019239856066945052,South Korea,0.00020562557623147518,0.00039655446850514513,0.0005874833607788153,0.0007784122530524852,0.0009693411453261552
35.2,129.2,2.9393367915610465e-05,16Uiu2HAmPEXdrEgtC4QPQe9rTen42JDosUCVUz2XUuv4oyiFX9LT,0.001959583697284285,South Korea,0.00022241240085247788,0.00041543143378934533,0.0006084504667262129,0.0008014694996630804,0.0009944885325999476
35.2,136.9,5.878673583122093e-05,16Uiu2HAmUXAJ56xQvJAdJwUiJuVKcCXtF5gutZZeJTVJPu1gG5fV,0.0019213876586937646,Japan,0.00024504682811747527,0.0004313069204037296,0.0006175670126899841,0.0008038271049762384,0.0009900871972624928
35.3,-120.7,0.00011184176491889782,16Uiu2HAmRDcpzuYdkcqppnq9bsUfHTF7sYx6PsRntZ4BRHcjH6PY,0.0010043033239319,United States,0.000201087920820198,0.0002903340767214982,0.00037958023262279854,0.0004688263885240987,0.0005580725444253989
35.3,-119.1,2.9393367915610465e-05,16Uiu2HAmUK6mtm1kPxFzwxBRLizFX9ZNRMuJpXiPtkTppaUDXDKo,0.0009637755773585336,United States,0.00012283158885990276,0.00021626980980419505,0.0003097080307484874,0.00040314625169277974,0.0004965844726370721
35.3,-82.5,6.099123842489172e-05,16Uiu2HAm69dm6Jm7849pAexbE2XrsDy6wrr3joyuer1wzCcNnjxM,0.0011748645850040802,United States,0.00017237857308281053,0.0002837659077407294,0.0003951532423986483,0.0005065405770565671,0.0006179279117144859
35.4,-86.2,1.4696683957805232e-05,16Uiu2HAkyYV99NK1HzQnARF7Vp4GMAbbJjDRWTVXkiKScZCDCF7X,0.0011925908199991344,United States,0.00013248609756193812,0.000250275511166071,0.000368064924770204,0.000485854338374337,0.0006036437519784698
35.4,139.7,0.00010287678770463663,16Uiu2HAkuwTvCrbh37Ewkoq98s3umtNFiYZbmyznabDRKKSjkvdj,0.0019543349915484448,Japan,0.0002880226080890174,0.00047316842847339814,0.0006583142488577791,0.0008434600692421598,0.0010286058896265408
35.4,140.4,5.878673583122093e-05,16Uiu2HAmJRtaaNdquZhsbxvMFcvzukWur9AhXiE2ygFf2EHTdu9y,0.0019704198420788382,Japan,0.0002499500464559826,0.0004411133570807443,0.0006322766677055062,0.0008234399783302678,0.0010146032889550296
35.5,-97.5,2.9393367915610465e-05,16Uiu2HAmQWRjjEWhaKxfzSPb3Gh9W44SgvYxYNsBEHrh86Hkxt5v,0.0010884202793168536,United States,0.00013529605905573475,0.00024119875019585905,0.00034710144133598343,0.00045300413247610774,0.000558906823616232
35.5,-82.5,5.6876166916706255e-05,16Uiu2HAm5SYtfxSMZLDJu2WtLkTngxZVDTmoARQouKRcYcj1SxAd,0.001168543692474043,United States,0.0001680429194724399,0.00027920967202817355,0.00039037642458390726,0.000501543177139641,0.0006127099296953746
35.5,139.5,4.3796118194259595e-05,16Uiu2HAm6tzjLSV5CsAn9AynkXTEYSmWqvCwQoeECYhKEkKPFcR1,0.0019395985449362138,Japan,0.00023337636086845497,0.00042295660354265037,0.000612536846216846,0.0008021170888910413,0.0009916973315652368
35.6,139.7,0.01288737519575983,16Uiu2HAm6BkKVYMhrMDpTiV3RfmbEBP4m6cMLaX4oszcQFFoAMZW,0.0019510493152765842,Japan,0.011793742607711506,0.010700110019663181,0.009606477431614855,0.008512844843566531,0.007419212255518207
35.6,140.1,7.348341978902616e-05,16Uiu2HAmFUm1QRvWYqcwsrxNhw6T7Kuz2nRgmCaFaw8E4uWgsUjx,0.001961331164172844,Japan,0.0002622681942274079,0.00045105296866578963,0.0006398377431041715,0.0008286225175425533,0.001017407291980935
35.7,-105.9,1.4696683957805232e-05,16Uiu2HAmCkCquysBTDwdTsAoEupttoaFLfmmv5DxnVMyAjUj2AKE,0.0010739408673260528,United States,0.00012062110229462996,0.0002265455206314547,0.00033246993896827954,0.0004383943573051043,0.000544318775641929
35.7,-88.8,4.40900518734157e-05,16Uiu2HAm48Ck7AJeuAtW6suGSDHqC82CaHvkkmGnLpH2fisnGpRB,0.0011726253991279436,United States,0.00015694358659886848,0.00026979712132432125,0.00038265065604977413,0.0004955041907752269,0.0006083577255006796
35.7,-81.4,2.9393367915610465e-05,16Uiu2HAmFsEuST1CBAzxyNf7VaFBA3MNPj6B1gxBYxtskxUz7tfR,0.0011433877696355897,United States,0.00014079280808760837,0.0002521922482596063,0.0003635916884316043,0.0004749911286036022,0.0005863905687756001
35.7,-78.9,4.217948295890102e-05,16Uiu2HAmDGt2E6YAxwvYNThCkGseQ7bp2U51KCfn7hTo9Hex57QD,0.0011386408057002311,United States,0.000151825615233034,0.000261471747507167,0.0003711178797813001,0.0004807640120554331,0.0005904101443295661
35.8,-86.4,2.9393367915610465e-05,16Uiu2HAmQHLng8Z9ZUDpqT5iKMRiP447HiJze98J24Tfa2QyGytc,0.0011781944640013847,United States,0.00014427347752418785,0.0002591535871327653,0.00037403369674134275,0.0004889138063499202,0.0006037939159584976
35.8,-84.0,4.849905706075727e-06,16Uiu2HAmAzCxNuPhDPZyysorHhbi5usom2kFaDZ4FUs8iDKRChcn,0.001170335633736988,United States,0.00012139847850916692,0.00023794705131225812,0.0003544956241153495,0.0004710441969184407,0.0005875927697215319
35.8,-78.6,7.348341978902616e-05,16Uiu2HAm3RKuXrUJ5HPi6tHqgp7pZXKyoPaNqQWnTdWBLaAy89Wu,0.0011368151201560095,United States,0.00017981658982572446,0.0002861497598624228,0.00039248292989912123,0.0004988160999358195,0.0006051492699725178
35.8,104.1,2.9393367915610465e-05,16Uiu2HAm5uo7Q8vwJkkz8Q9dmXjzz4L85PuqKDiQAQi4c36k12T6,0.0011551769243919017,China,0.00014197172356323956,0.00025455007921086864,0.0003671284348584979,0.00047970679050612697,0.0005922851461537561
35.8,139.9,1.4696683957805232e-05,16Uiu2HAmKGWTBuPxLSCaziKU5Mq1vXWp13fHSLDcefQo9y63BZwi,0.0019569026336916577,Japan,0.00020891727893119043,0.00040313787390457563,0.0005973584688779611,0.0007915790638513462,0.0009857996588247314
35.9,-86.9,2.704189848236163e-05,16Uiu2HAm5eU5qz77KMv4dBgCEHB3Tf76BdYHkb4Jnm8RDVkaJnWi,0.001170690114012607,United States,0.00014140672003538614,0.00025577154158841064,0.0003701363631414353,0.0004845011846944598,0.0005988660062474843
35.9,-84.2,1.4696683957805232e-05,16Uiu2HAm49ykrsLEM2gBER22QFm5nW2tP7uJQ98EVxwZEDmRrZuj,0.0011698166232470284,United States,0.00013020867788672753,0.0002457206718156498,0.0003612326657445722,0.0004767446596734945,0.0005922566536024168
35.9,-79.1,1.4696683957805232e-05,16Uiu2HAmMWx2AL1fGQLSMZehcbDXiyg9FfqepEfRNYNNE6KeYvbP,0.0011355682211756585,United States,0.00012678383767959054,0.00023887099140137584,0.0003509581451231613,0.0004630452988449466,0.0005751324525667318
35.9,14.4,0.07776368202489736,16Uiu2HAm6ZQyXfvmCLUfNgJEvaFZgyH5WDj3HhrFxFAsFmLiRgwo,0.0005827424308173461,Malta,0.07004558806548936,0.06232749410608136,0.054609400146673356,0.04689130618726535,0.03917321222785736
35.9,128.6,5.7611001114596514e-05,16Uiu2HAmLN2q6qTKxPLgLmoW2qvbXgqkN6tbvdAVYBxMptpNA4Rm,0.0019039539055174777,South Korea,0.0002422452915548846,0.00042687958199517267,0.000611513872435461,0.000796148162875749,0.0009807824533160372
35.9,139.7,8.81801037468314e-05,16Uiu2HAm6UXJBkuYWyyUbdhzZZDfvWLdVm5V1rxAsS4fezy4dWfw,0.001946207671242716,Japan,0.0002739828604964198,0.0004597856172460082,0.0006455883739955969,0.0008313911307451853,0.0010171938874947736
36.0,-78.8,0.00011478110171045886,16Uiu2HAmLTEJDjqpgmRJbrc6qjnhRPogdV6y4K1KY9cmPQsfNtUp,0.0011307276653581143,United States,0.00021637575807522438,0.0003179704144399899,0.00041956507080475556,0.000521159727169521,0.0006227543835342866
36.1,-79.8,0.00041150715081854654,16Uiu2HAmSC5UJq1uahkJubbdtCAn8pnTxCpX6w7Ygq6SqupcJLGy,0.0011303788275874042,United States,0.00048339431849543234,0.000555281486172318,0.0006271686538492039,0.0006990558215260896,0.0007709429892029753
36.1,120.4,5.878673583122093e-05,16Uiu2HAmAf7T8waqKJhtUHn7hPLoSuPA5DSGHgayYGhd8c8BeiR2,0.0015747183855942875,China,0.00021037990080752754,0.0003619730657838342,0.0005135662307601409,0.0006651593957364476,0.0008167525607127542
36.1,140.2,4.40900518734157e-05,16Uiu2HAmEgT26YCxFgEpWGY49Kw8jbTB8Bn2aPKbmfNL6yHWETxv,0.0019617731500455983,Japan,0.0002358583616906339,0.0004276266715078521,0.0006193949813250706,0.0008111632911422887,0.001002931600959507
36.2,-115.1,0.002089721491960326,16Uiu2HAm14v1NcJqRMZzbpp3Qe5XAs2ktPEUH8ZkN8PZNLCW7RWV,0.0009384517580334306,United States,0.0019745945185676364,0.001859467545174947,0.0017443405717822574,0.0016292135983895677,0.0015140866249968782
36.2,-86.8,0.0023771886301749965,16Uiu2HAm1duEjhXyn9zDsNXgQCUiizWXhQVA4Tn5rrqrEPK3n3DB,0.0011655618018762228,United States,0.002256025947345119,0.0021348632645152416,0.0020137005816853646,0.001892537898855487,0.0017713752160256097
36.2,-86.3,6.569417729138939e-05,16Uiu2HAmMYefu77nJqeYFr8zhLjLNCnEaNeQhRXWhYHFbZo21Jw5,0.0011684138521630952,United States,0.00017596614477855994,0.00028623811226573053,0.00039651007975290115,0.0005067820472400718,0.0006170540147272422
36.2,-82.8,2.909943423645436e-05,16Uiu2HAmRPzP6uPQmmcatbBqaQyCW6PKmmf8inApNZxHtP8YBmNa,0.001158875837970539,United States,0.0001420770746098628,0.00025505471498327127,0.00036803235535667986,0.00048100999573008824,0.0005939876361034967
36.4,-6.1,2.9393367915610465e-05,16Uiu2HAmFpTCUBmgiq7E2ANJL1ahnak4277r52LFEcY73CP8KqKV,0.0005596800588702731,Spain,8.242203701107672e-05,0.00013545070610654299,0.0001884793752020093,0.00024150804429747555,0.0002945367133929418
36.4,128.2,2.7482799001095787e-05,16Uiu2HAmDcvucpkPejCrVRYgNgN4hPbTSdKdcrs7e2eBAhHLSDgj,0.0018772052379265362,South Korea,0.00021245504289363977,0.0003974272867861838,0.000582399530678728,0.0007673717745712719,0.000952344018463816
36.4,139.7,1.1610380326666135e-05,16Uiu2HAm8ZFN7zwGySuiMheRtisq4m4CFyzWwp2a9GgeWmyzcD3K,0.0019383072269906682,Japan,0.0002042800649930663,0.00039694974965946646,0.0005896194343258668,0.000782289118992267,0.0009749588036586672
36.5,-87.4,9.920261671518532e-05,16Uiu2HAmNQSjfYbxNyz6SKu7mU5tupw8Y7r5taNv23B2nwu6rKsD,0.0011593977496709147,United States,0.00020522213001075826,0.00031124164330633114,0.00041726115660190423,0.0005232806698974771,0.00062930018319305
36.6,127.3,4.40900518734157e-05,16Uiu2HAmVFdF6dwTpd4L6YGiyHwk9gEqb6GrYUGKsHeyN6NVGNke,0.0018437630187395225,South Korea,0.00022405734856002633,0.00040402464524663694,0.0005839919419332478,0.0007639592386198584,0.0009439265353064691
36.6,136.6,2.0428390701349272e-05,16Uiu2HAkwNnXXJXPEFdD6t2wVzevWXsGZnugP71NVrEpNWQBrAkJ,0.0018781126813342663,Japan,0.00020619681976464092,0.0003919652488279326,0.0005777336778912245,0.0007635021069545161,0.0009492705360178077
36.6,139.9,1.3373982401602762e-05,16Uiu2HAmFY4SMKY33pjUPU7TPx7Cofgidtj1fVNwBtMynCU3f7Fz,0.0019521038900680288,Japan,0.00020724697316824533,0.0004011199639348879,0.0005949929547015307,0.0007888659454681732,0.0009827389362348157
36.7,-121.7,1.4696683957805232e-05,16Uiu2HAm1JhStqeizMtYTJgqxU3hJb2AoSB6WeNAQ7YgNq3qoTJr,0.0009982571353259135,United States,0.00011305272909461604,0.00021140877423142686,0.0003097648193682377,0.0004081208645050486,0.0005064769096418593
36.7,-108.2,2.9393367915610465e-05,16Uiu2HAmKcah3YN7Xq7trr7PSALeb9cqSh4JyKDbqKnVLckFS9bd,0.001044634694055616,United States,0.00013091750052961098,0.00023244163314361152,0.00033396576575761214,0.0004354898983716127,0.0005370140309856132
36.7,-78.4,2.851156687814215e-05,16Uiu2HAkwF64tPAtuMx4mwz9ZjiJvQoXUnaesoEbp2p1gFoTfU7L,0.0011195914278224388,United States,0.0001376195529725718,0.0002467275390670014,0.0003558355251614312,0.00046494351125586083,0.0005740514973502905
36.8,-119.7,8.81801037468314e-05,16Uiu2HAm5fRbFY5nPxHLdcoZgoPbDWAhTSHwnR1kARSKo9MRqAMJ,0.0009624654015925639,United States,0.00017560863353140464,0.00026303716331597786,0.0003504656931005512,0.0004378942228851244,0.0005253227526696977
36.8,-76.3,5.878673583122093e-05,16Uiu2HAmUvHi2cDM14VyU7JZj9baFuwieEpG4Wiu69DREECCUUko,0.0011190230341471612,United States,0.00016481036566281493,0.00027083399549440897,0.0003768576253260031,0.0004828812551575971,0.0005889048849891911
36.8,127.0,4.40900518734157e-05,16Uiu2HAmSrqoMmUvDgzrPpUkeL77etVGMhbWUNGtLLrFswEJC2i5,0.001830663056836617,South Korea,0.0002227473523697358,0.0004014046528660559,0.0005800619533623761,0.0007587192538586963,0.0009373765543550163
36.9,-76.0,2.9393367915610465e-05,16Uiu2HAm1UYnYM9a1RHiTXppUHC5hjCvbZok4Bh1Z2BL6DikeW59,0.001117949417172113,United States,0.0001382489728412607,0.00024710457776691097,0.0003559601826925613,0.0004648157876182115,0.0005736713925438618
36.9,30.7,2.9393367915610465e-05,16Uiu2HAm6BNx1ng6aRL9PpPd65qswueL9QhuizypsqrpqCG55UU1,0.0006687025287694341,Turkey,9.332428400099282e-05,0.00015725520008637517,0.0002211861161717576,0.0002851170322571399,0.0003490479483425223
37.0,-122.0,0.00015681361782978183,16Uiu2HAmBki8j4rBPEbTmWaToMrBqNYMH1ct3DCT2QHq8TAKJkGT,0.0010065435507440853,United States,0.00024178661112121217,0.0003267596044126425,0.0004117325977040729,0.0004967055909955032,0.0005816785842869336
37.0,-121.6,0.0006714914900321211,16Uiu2HAm9r9Gkb9gFdJg9aEFy9zwjDM7Xm9dqf3LjmrKWPtAQYFz,0.0009971870556513707,United States,0.0007040610465940461,0.000736630603155971,0.0007692001597178961,0.000801769716279821,0.0008343392728417459
37.0,-94.5,1.4696683957805232e-05,16Uiu2HAmArpM53yWjTwrQ3hqSCgSyZkZqYGHPMpM8MuZpxHw9Mi7,0.0010878114984976344,United States,0.00012200816541178812,0.00022931964686577104,0.000336631128319754,0.00044394260977373694,0.0005512540912277198
37.1,-8.7,1.4696683957805232e-05,16Uiu2HAmVrAXvt9z3NSG8348UGZESVsjvoZxT3TFjjF6DnUi6WfM,0.0005613725468125406,Portugal,6.936427024327876e-05,0.0001240318565287523,0.00017869944281422587,0.0002333670290996994,0.00028803461538517294
37.1,-8.3,1.4696683957805232e-05,16Uiu2HAm4nhikCaCDjSJgwWuCvDB5gnBdrNskMBhjQbjZB98JvYU,0.000560709355170293,Portugal,6.9297951079054e-05,0.00012389921820030276,0.00017850048532155158,0.00023310175244280033,0.0002877030195640491
37.2,-122.0,0.0034222698264145266,16Uiu2HAkvKSodWFMP1BZPgodaAJM5ZF4DRBRKZUmHzehpQ48NdSb,0.0010043520786035978,United States,0.0031804780516334337,0.002938686276852341,0.002696894502071248,0.002455102727290155,0.002213310952509062
37.2,-93.3,1.3080048722446657e-05,16Uiu2HAmMvPRRSmbdxRUVy8A8PtEjiXjkxZSFz8aSubEPaASfGgn,0.0010962724219383702,United States,0.00012139928604403898,0.0002297185233656313,0.0003380377606872238,0.0004463569980088161,0.0005546762353304084
37.2,126.8,1.4696683957805232e-05,16Uiu2HAmJiTkFNbYaYUVKSk4D8vojYZ4RFU8CqmQEAvs2GyXgLVV,0.0018192516073072132,South Korea,0.000195152176292746,0.00037560766862768677,0.0005560631609626278,0.0007365186532975685,0.0009169741456325092
37.2,127.1,0.0005352532297432666,16Uiu2HAkzFUpjxMRGVf1rpUr6ZYh1VqWbEL7nPDWKo8Ae6b5DWC8,0.0018253203781830804,South Korea,0.000664259944587248,0.0007932666594312293,0.0009222733742752108,0.0010512800891191922,0.0011802868039631734
37.3,-120.5,1.1022512968353925e-05,16Uiu2HAmMumZJVUjhTX8jvQSnmeL445ihiUCSC37AST5evi3Cvdy,0.0009679705510790414,United States,0.00010671731677942265,0.00020241212059049138,0.00029810692440156026,0.00039380172821262897,0.0004894965320236976
37.3,-76.5,1.4696683957805232e-05,16Uiu2HAmQSuXh9g3X6yYafGPTapPS7pfCMX4QJVe7f6HCwEyo2y3,0.0011112187865133802,United States,0.0001243488942133627,0.00023400110446892018,0.0003436533147244778,0.0004533055249800353,0.0005629577352355927
37.4,-122.1,0.0037832203844182233,16Uiu2HAmUBChh6UiqS7Ze4d5PFeN849Prv1mZbADLqKBpssr6wcc,0.0010036476035596407,United States,0.003505263106332365,0.003227305828246507,0.002949348550160648,0.00267139127207479,0.002393433993988932
37.4,-79.9,1.2786115043290553e-05,16Uiu2HAm2HNLeELiYmn8VPt87nTNBphiiWDH4cutBa3LfiBPwrSN,0.001111434554817721,United States,0.00012265095902073357,0.00023251580299817658,0.0003423806469756197,0.00045224549095306275,0.0005621103349305057
37.4,-6.0,1.3961849759914971e-05,16Uiu2HAkyJGUS4MxS3qhuvDmgQymCHu46csxnzbx7N1fTzqDVK7n,0.0005420510937949506,Spain,6.677077416341852e-05,0.00011957969856692208,0.00017238862297042567,0.00022519754737392926,0.0002780064717774328
37.4,127.3,2.9393367915610465e-05,16Uiu2HAmNA9bbkia9AcUzquuznXxuzDqQUgtaLQeDTDNPs7hzh6L,0.001831551870613239,South Korea,0.00020960921818537326,0.0003898250684551361,0.0005700409187248991,0.0007502567689946619,0.0009304726192644247
37.4,127.9,0.00010140711930885612,16Uiu2HAmUoqYvKXZnj2cg8JkX88i2FzTU2VQzCe7UUFzFGQMQDCp,0.0018477308547682043,South Korea,0.0002760394928547909,0.00045067186640072567,0.0006253042399466607,0.0007999366134925955,0.0009745689870385302
37.5,-122.4,0.00044383985552571805,16Uiu2HAmPo9GPBNcQKKvUhmoFPEig89S2sYxBtAzNKGgXKzHjuhD,0.001006939184588996,United States,0.0005001497884320459,0.0005564597213383736,0.0006127696542447015,0.0006690795871510293,0.0007253895200573571
37.5,-77.6,0.00016019385514007704,16Uiu2HAmTmGqHaBzGEjX3FAHRpmLU15183QWL4dboqRDzK2cDT5c,0.0011076373089521604,United States,0.00025493820052128536,0.00034968254590249365,0.00044442689128370205,0.0005391712366649104,0.0006339155820461187
37.5,126.7,0.010468888883663402,16Uiu2HAmMKjgYLvKT9un6FkvXGWB8SzJvvdtUbJ9cMGV519iqqDT,0.0018140661176047183,South Korea,0.009603406607057535,0.008737924330451665,0.007872442053845796,0.007006959777239928,0.0061414775006340605
37.6,127.0,0.0032172510852031436,16Uiu2HAkwurDAkKjoaJdMWQXL61Bkbq5mT1DR4BWALXW39vithMT,0.0018186437835973647,South Korea,0.0030773903550425654,0.002937529624881988,0.00279766889472141,0.0026578081645608318,0.002517947434400254
37.7,-122.5,0.0013250530256357198,16Uiu2HAmS5zHrq4VQd21fZYwBTqGLsp2ccqDwK5JuqassgFEWeY4,0.0010063296569501144,United States,0.0012931806887671593,0.0012613083518985986,0.0012294360150300382,0.0011975636781614775,0.001165691341292917
37.7,-121.9,7.186678455366759e-05,16Uiu2HAmNSUq8GDVSv36zp79YBa3bxEt8irpMg1qDHs69wjtg62K,0.0009977026198162427,United States,0.00016445036807992509,0.00025703395160618257,0.00034961753513244013,0.00044220111865869764,0.0005347847021849551
37.7,-97.3,0.00011757347166244186,16Uiu2HAm4QuaqKDs6Yek2C5nMSgsQVTgQ84dN9ACfH6im5D8i8Sw,0.0010268929477174964,United States,0.0002085054192679473,0.00029943736687345273,0.0003903693144789583,0.0004813012620844637,0.0005722332096899692
37.7,126.6,0.00010816759392944651,16Uiu2HAkvv6UfacfYip2CPsMJQkQFS29CPbH2LCehiK7y4sLVZpm,0.0018104213021441357,South Korea,0.00027839296475091536,0.00044861833557238425,0.0006188437063938533,0.0007890690772153222,0.0009592944480367911
37.8,-79.4,0.0001069918592128221,16Uiu2HAmQ8pNAuqwYw9zSFVcAXE4eV6WZnz9Vq672ura2WZZ9Pgh,0.0011050723008059328,United States,0.00020679990337213314,0.0003066079475314442,0.00040641599169075537,0.0005062240358500664,0.0006060320800093774
37.9,-122.1,9.80268819985609e-05,16Uiu2HAmVrLYop1NX8bXqF1bELH2YA3XfK7HcdFJ1BztdBhSkMec,0.0009985461810155674,United States,0.00018807881190026154,0.00027813074180196216,0.0003681826717036629,0.0004582346016053635,0.0005482865315070642
37.9,-121.7,5.878673583122093e-05,16Uiu2HAmMwnStqQpjne6qE43fnoKDaDttr4DuoayYxzo65pXskfi,0.000989267129173705,United States,0.0001518347751654693,0.0002448828144997177,0.00033793085383396616,0.00043097889316821457,0.000524026932502463
37.9,23.6,0.00022177296092328096,16Uiu2HAkwfrLSkChB22kPMWGcG32ETHQbmfwvHHJ7FpirN2a4ukc,0.0006540492078385849,Greece,0.00026500058561481135,0.0003082282103063417,0.00035145583499787214,0.0003946834596894025,0.00043791108438093293
37.9,127.7,2.895246739687631e-05,16Uiu2HAmCUL414qgbxML83V8o6pbYaJ4iiguosACQ418wJW5wBAq,0.0018349147509996884,South Korea,0.00020954869575715747,0.00039014492411743864,0.0005707411524777201,0.0007513373808380011,0.0009319336091982823
37.9,139.0,4.40900518734157e-05,16Uiu2HAmKpZPhzzj2AP278wGvqo2CLMZax634F36mDrBvb9GeLWz,0.001887881325121637,Japan,0.0002284691791982378,0.00041284830652305987,0.0005972274338478822,0.0007816065611727042,0.0009659856884975263
38.0,-87.6,1.3667916080758868e-05,16Uiu2HAm6n66pkCvWYuKhewzw6GxuVWEEkFr6j5EpyJWLw7oTLGx,0.0011166276106598625,United States,0.0001239638855386692,0.00023425985499657957,0.00034455582445449005,0.0004548517939124004,0.0005651477633703108
38.0,-78.5,2.9393367915610465e-05,16Uiu2HAm51TjKUPCjw7FmwB1R2uB84s33ia6L4AQDw6MKhsCwtrN,0.0011011827500399323,United States,0.00013657230612804263,0.00024375124434047478,0.00035093018255290704,0.00045810912076533924,0.0005652880589777714
38.0,114.5,1.4696683957805232e-05,16Uiu2HAm27sNbapFvdu9d91LUyx9YFh3Ei8d2VemWXL5TZsTErsj,0.0013504201797501212,China,0.0001482690335370368,0.0002818413831162684,0.0004154137326955001,0.0005489860822747316,0.0006825584318539632
38.1,-122.6,0.00010831456076902455,16Uiu2HAkwgt5sJo1fKXD41gPRLj3K8QMXcX3qZUH2WmnzJ8XhqsR,0.0010001622787373366,United States,0.00019749933256585573,0.00028668410436268694,0.0003758688761595182,0.0004650536479563494,0.0005542384197531805
38.1,-92.5,1.4696683957805232e-05,16Uiu2HAkwpv2nfxf49fCYZjUy5crRqTZNHKfvEN9LRebkh1Q3ZGt,0.0010783580258488953,United States,0.0001210628181469142,0.0002274289523360232,0.0003337950865251323,0.00044016122071424127,0.0005465273549033502
38.1,-0.7,0.0002204502593670785,16Uiu2HAm264mKTXgB7QJgXBvipezGmD9xBf1d5cjKer61znP3JdW,0.0005111783081857954,Spain,0.00024952306424895016,0.00027859586913082186,0.00030766867401269357,0.00033674147889456527,0.0003658142837764369
38.2,21.7,0.00011639773694581744,16Uiu2HAkymevR12h6M48StFwEjwhEE5qWRp3h3JF72fcpXuUgHHn,0.0006175525285172589,Greece,0.00016651321610296159,0.0002166286952601057,0.00026674417441724987,0.00031685965357439405,0.0003669751327315382
38.3,-122.5,2.7188865321939684e-05,16Uiu2HAkx4udJADX3wZWYSPJ6yp2mE4e2bjT4guf9uxNKG9U9Pb7,0.000996808381416825,United States,0.0001241508169314282,0.00022111276854091673,0.00031807472015040535,0.0004150366717598939,0.0005119986233693824
38.3,-104.6,1.4696683957805232e-05,16Uiu2HAkv6fp8hhxY85wVvAsikPBWGN3cQAWtUG9QEUFFws5dCh4,0.0010181782368160876,United States,0.00011504483924363344,0.00021539299452946167,0.00031574114981529,0.0004160893051011182,0.0005164374603869464
38.3,-85.8,5.746403427501846e-05,16Uiu2HAkx4sWdbMBS1oNjGCiyZNBuFDmui6Juv71T7cxqkKTN8fj,0.001116184589597172,United States,0.0001633360898072338,0.0002692081453394491,0.00037508020087166454,0.0004809522564038799,0.0005868243119360952
38.4,-122.7,1.4696683957805232e-05,16Uiu2HAmSezSBeu3Dob6A1y5CxQoPqaGPsibkPsVZkrKkvnu5ATb,0.0009951426811178163,United States,0.00011274128367380631,0.00021078588338980739,0.00030883048310580857,0.0004068750828218097,0.0005049196825378107
38.4,27.1,4.217948295890102e-05,16Uiu2HAmMZs2c7wJyh3eb4rAZ41piN796F9LhLBu1fPiPYEgi87N,0.000723090915128424,Turkey,0.00011027062617585332,0.0001783617693928056,0.0002464529126097579,0.0003145440558267102,0.0003826351990436625
38.5,-121.4,0.00023514694332488372,16Uiu2HAmQL4K8dpGHyuwxKbBAyaQE7vvNwrVSQhjZM6ujEBnDMoP,0.0009794989362816038,United States,0.0003095821426205557,0.0003840173419162277,0.00045845254121189977,0.0005328877405075717,0.0006073229398032438
38.6,-90.5,0.00011566290274792718,16Uiu2HAm1d3t5tmnDmGv8CweJyRFzh2FYcdxnXofsJr2yMn8VgwJ,0.0010834831283097904,United States,0.0002124449253041135,0.0003092269478602998,0.0004060089704164862,0.0005027909929726725,0.0005995730155288587
38.6,-90.2,0.0002943745796748388,16Uiu2HAkxP5m3tMdYkb7yHs742YqMfiE1AtLAuex9B1dhfKPGBYA,0.0010871747893986638,United States,0.0003736546006472213,0.00045293462161960377,0.0005322146425919864,0.0006114946635643688,0.0006907746845367513
38.6,-77.3,2.9393367915610465e-05,16Uiu2HAkveYhLUAJX3TuzRT9xFXCjSB7bABJxiTd3vztf4uiymny,0.0010928374920235102,United States,0.00013573778032640042,0.00024208219273719037,0.00034842660514798043,0.0004547710175587704,0.0005611154299695603
38.6,-76.9,1.4696683957805232e-05,16Uiu2HAmSb6V5UJjpKGkbdSaSy3Hr1kf8mrnQCPmJtBCkqjyJpXf,0.0010929601473643746,United States,0.00012252303029846215,0.00023034937663911906,0.0003381757229797761,0.00044600206932043305,0.0005538284156610899
38.6,-8.9,5.878673583122093e-05,16Uiu2HAm3aV1TctDKY5gyGzBnDPRdjNPUdg1xiSJKeNGMThFRvL2,0.0005392912802370827,Portugal,0.00010683719027180709,0.00015488764471239326,0.00020293809915297947,0.00025098855359356563,0.0002990390080341518
38.7,-83.0,1.4696683957805232e-05,16Uiu2HAmE8TiK3Yyqo46YWsrh1JSVzBrvKdk2XHhE1yaqXMRbqgc,0.0011146774958401382,United States,0.0001246947651460385,0.00023469284633427176,0.0003446909275225052,0.00045468900871073844,0.0005646870898989716
38.7,-78.5,9.12664073779705e-05,16Uiu2HAmLkosD9xAWvYDsqyDMuVaqTGChVwF12uRgWGPEmjFVKL2,0.0010923770244393026,United States,0.0001913774690841037,0.00029148853079023686,0.0003915995924963702,0.0004917106542025034,0.0005918217159086366
38.7,-9.4,0.0008572575752587792,16Uiu2HAmJa6MpE7a5EGPnDd5TH7dhZYvsgD4J83KmbHtkM43hFbH,0.000541878934126017,Portugal,0.0008257197111455031,0.0007941818470322268,0.0007626439829189506,0.0007311061188056743,0.000699568254692398
38.7,-8.5,2.9393367915610465e-05,16Uiu2HAkycWQL2kAEHqSEXeoeHRdzDWaHCEXGzk2fosASeMiKUrn,0.0005369111731794257,Portugal,8.014514844199197e-05,0.0001308969289683735,0.00018164870949475507,0.00023240049002113658,0.0002831522705475181
38.8,-121.2,8.568166747400452e-05,16Uiu2HAmCSgvbyuWcWMU7G9PdjA6DPvRKPY5UYdV55DKhF8ybvht,0.000974119288175188,United States,0.00017452542954412285,0.0002633691916142412,0.00035221295368435964,0.00044105671575447793,0.0005299004778245962
38.8,-104.8,0.0001788586437664897,16Uiu2HAmJJM7qzmMDefRH5oKiXnLuE9P7ZoFY6gYqg6eUwuTWTUb,0.0010089300111047297,United States,0.0002618657805003137,0.0003448729172341377,0.0004278800539679617,0.0005108871907017857,0.0005938943274356096
38.8,-94.7,4.40900518734157e-05,16Uiu2HAmBj7oiYx9zWKtJEDDHu8pHHAEWdsW5xSGfpQTM4hmEdzo,0.0010157346406834595,United States,0.00014125451075442007,0.00023841896963542442,0.00033558342851642886,0.0004327478873974333,0.0005299123462784376
38.8,-90.8,1.4696683957805232e-05,16Uiu2HAmHDP5S1gpytNxkRheDKA1jSgegsADzUeURcTER5dP8utE,0.0010746806578225986,United States,0.00012069508134428455,0.00022669347873076389,0.0003326918761172433,0.00043869027350372264,0.0005446886708902019
38.8,-77.6,0.0983034735906468,16Uiu2HAmS2yj4YjNueRg5oJ7iHpusDe1qKiCzw5regq4h3WoMHxg,0.0010904273752507508,United States,0.08858216896910719,0.07886086434756759,0.06913955972602799,0.05941825510448838,0.049696950482948775
38.8,-77.1,0.013899388853094299,16Uiu2HAm3i6di8zBaLAgiX1cV1uVWhvs1HkumGS5wPMKZ8u16gy3,0.0010903860219794793,United States,0.012618488569982817,0.011337588286871337,0.010056688003759851,0.008775787720648371,0.007494887437536889
38.9,-9.0,1.4696683957805232e-05,16Uiu2HAkzCSWT9j8JEi4zWkd8REQ6J9tPadrpxCQ1z3ztUSqgLky,0.0005378762962517198,Portugal,6.701464518719668e-05,0.00011933260641658813,0.00017165056764597962,0.00022396852887537108,0.00027628649010476254
39.0,-96.8,1.4696683957805232e-05,16Uiu2HAm1e8kCBCyfwKCf7a8q3GMCbhmyMHhyuVaHmkjaiLZoB1b,0.0009963060578649704,United States,0.00011285762134852173,0.00021101855873923824,0.0003091794961299548,0.00040734043352067136,0.0005055013709113878
39.0,-94.7,0.00014637897221974014,16Uiu2HAmVQR3S2Zp7YzH7K4SevNu9woEJhXFAon8q9wSS5LUcV7r,0.0010075601150056892,United States,0.00023249708649833505,0.0003186152007769299,0.00040473331505552486,0.0004908514293341197,0.0005769695436127147
39.0,-92.3,1.4696683957805232e-05,16Uiu2HAmFNcknAhVDg4GZJ8t9PkWhbZLLoxXZfAz4ETkukqL6pXP,0.0010485099838024293,United States,0.0001180780139422676,0.00022145934392673,0.0003248406739111925,0.00042822200389565487,0.0005316033338801172
39.0,-84.4,7.18667845536676e-05,16Uiu2HAmSQ5ogAnoPhvEDoAB1foqgUbSvUNXLvaxTyKjRP8T6o2e,0.0011093370278960127,United States,0.0001756138088879021,0.00027936083322213656,0.0003831078575563712,0.0004868548818906056,0.0005906019062248401
39.0,-77.0,0.0001603408219796551,16Uiu2HAkxGUCpRmUSMVPvvVP1yv77dnfj8zjp2ASBhXRSrZkmUYP,0.001088020582472441,United States,0.00025310879802893367,0.0003458767740782123,0.0004386447501274909,0.0005314127261767695,0.000624180702226048
39.1,-108.6,1.4696683957805232e-05,16Uiu2HAmCvsPSFHpvwuQ3bZfvnQb7N6pjB7hyf8W2zGi6ejhJRYe,0.0009698529365186219,United States,0.00011021230921388687,0.00020572793446996853,0.00030124355972605026,0.00039675918498213193,0.0004922748102382136
39.1,-84.7,1.4696683957805232e-05,16Uiu2HAm3nXSXDYXd2tibw9rfrBTdXfWtRiSpztVYCErh1PcQu4d,0.0011099611558133627,United States,0.00012422313114336095,0.00023374957832891666,0.00034327602551447253,0.00045280247270002824,0.0005623289198855839
39.1,-77.7,0.0003077485620764416,16Uiu2HAmMjRd9ZA4Ky7KdWRwKV3vu3bnEe7Z1m94cL7od9W3mx53,0.0010869840199425748,United States,0.0003856721078630549,0.00046359565364966816,0.0005415191994362816,0.0006194427452228949,0.0006973662910095082
39.1,-77.4,0.00015945902094218677,16Uiu2HAkzT6LzXpd3TSmExVih7p6f7o1gM2Kr2ZVgyjoAVKrFFsc,0.0010840289513558156,United States,0.00025191601398354965,0.0003443730070249125,0.00043683000006627547,0.0005292869931076383,0.0006217439861490012
39.1,-76.5,1.4696683957805232e-05,16Uiu2HAmRJbKXEmEgY4LWbxEi8FaeT6fKDj7bzuuPVXrhcQNKfew,0.0010843179308814169,United States,0.00012165880865016637,0.00022862093334252752,0.0003355830580348888,0.0004425451827272499,0.000549507307419611
39.2,-123.2,1.4696683957805232e-05,16Uiu2HAmLg7K1gvWfF79V3ris7ZfDzb3opuLzoEtpjQ1EBPRd4R8,0.0009989212586922606,United States,0.00011311914143125074,0.00021154159890469628,0.0003099640563781419,0.0004083865138515874,0.0005068089713250329
39.2,-119.8,4.40900518734157e-05,16Uiu2HAmCMSHkMeX5C5wP9nUaj3nrqBFTK59ta7PPnk72eC22aPs,0.0009272468756946328,United States,0.00013240573425553738,0.00022072141663765906,0.00030903709901978083,0.00039735278140190256,0.00048566846378402423
39.2,-106.9,2.645403112404942e-05,16Uiu2HAmCwYCjNZVey3bu1rDKNxDkhBY4XBQGd4EzFpq2Dnk5Sqw,0.0009861116775758299,United States,0.00012241979576922744,0.00021838556041440548,0.0003143513250595836,0.0004103170897047616,0.0005062828543499397
39.2,-78.2,2.9393367915610465e-05,16Uiu2HAm9ZdXMqsXy3C9kGkKPdcyW9ceTsujVLi9M1CTnQdBDE18,0.0010863022827891575,United States,0.00013508425940296514,0.0002407751508903198,0.0003464660423776746,0.0004521569338650293,0.000557847825352384
39.3,-94.9,4.40900518734157e-05,16Uiu2HAm1mZHyr4u2r8Sz7mqB1wkxYCudSqHnseRWi8LQi9AyHW6,0.001003740185722048,United States,0.0001400550652582789,0.0002360200786431421,0.00033198509202800536,0.0004279501054128686,0.0005239151187977318
39.3,-84.3,4.40900518734157e-05,16Uiu2HAmDBorUf1htQWv58A68AHZJFA2pcpA1vVaKTgnLXmuZLeG,0.0011057272845282423,United States,0.0001502537751388983,0.00025641749840438097,0.0003625812216698637,0.0004687449449353464,0.0005749086682008289
39.3,-81.6,1.4696683957805232e-05,16Uiu2HAm2N2z3Fp2P1zSJYk64Yy2YgkW35wn6uwNnwz6g15235b8,0.001096443525435467,United States,0.00012287136810557137,0.0002310460522533375,0.0003392207364011038,0.00044739542054887,0.000555570104696636
39.3,-76.6,0.00014873044165298894,16Uiu2HAmKDBnstmqWPiWoNQqWygcAEM317broSn4HP7AEXaphCD9,0.0010819383451309273,United States,0.00024205123200078275,0.00033537202234857656,0.0004286928126963704,0.0005220136030441643,0.000615334393391958
39.3,-9.3,1.3667916080758868e-05,16Uiu2HAmHtdjYFVd4TmYww2vup4QU9C2XkPxRXngCMAvZD4L9jBu,0.0005344964795439672,Portugal,6.57507724270797e-05,0.00011783362877340051,0.00016991648511972138,0.00022199934146604222,0.00027408219781236304
39.4,-119.7,3.585990885704477e-05,16Uiu2HAm8fBmkSxjajkZPqC5EWedcC3QkAtMvmrHdZUkboNkP1fN,0.0009243914358170782,United States,0.00012471306155304807,0.00021356621424905138,0.00030241936694505486,0.0003912725196410581,0.0004801256723370615
39.4,-104.9,0.00023514694332488372,16Uiu2HAm71gtU3fGA9sW1XwmMLPErjKx6sQyAnCCDPxDoaTnWfkA,0.0009913799206039881,United States,0.00031077024105279413,0.0003863935387807046,0.0004620168365086151,0.0005376401342365255,0.000613263431964436
39.4,-76.8,4.40900518734157e-05,16Uiu2HAmFS7rryPACeTtoRGyzSGr7xU6GLHe3Z82JYmQ6KsZKMRg,0.0010807350319620988,United States,0.00014775454988228396,0.00025141904789115227,0.0003550835459000206,0.000458748043908889,0.0005624125419177572
39.4,-75.7,1.4696683957805232e-05,16Uiu2HAmJqSd8rvAQJ3kKtw5io2QuuEingsvpRTHvxXbDbRRPETb,0.0010818190993487182,United States,0.0001214089254968965,0.00022812116703598776,0.00033483340857507914,0.00044154565011417045,0.0005482578916532617
39.4,-74.5,2.9393367915610465e-05,16Uiu2HAm8jsRvSaaZviMpWR4G16bTAtFnkg14V5K6toXTeY1PPA8,0.0010844601194498326,United States,0.00013490004306903266,0.00024040671822245485,0.0003459133933758771,0.0004514200685292993,0.0005569267436827215
39.5,-121.6,1.4696683957805232e-05,16Uiu2HAmASyadKdUhzz2DAVALhQ5bLojPbEfY8ousTo1FmJMf9sx,0.0009666153765014241,United States,0.00010988855321216709,0.00020508042246652894,0.0003002722917208909,0.0003954641609752528,0.0004906560302296146
39.5,-120.0,1.4696683957805232e-05,16Uiu2HAm9dm6gakHn8GEVGbHJo9Jce7JDtKNtigKRVjtFCHpV7d7,0.0009310623924237784,United States,0.00010633325480440253,0.00019796982565099981,0.0002896063964975972,0.00038124296734419455,0.00047287953819079184
39.5,-78.0,1.4696683957805232e-05,16Uiu2HAkzonBXHUcqhRMrenodFGbKVSQHKY9qW5biFQkADUt4jjN,0.001082904899908053,United States,0.00012151750555282998,0.00022833832714785473,0.0003351591487428796,0.0004419799703379044,0.0005488007919329291
39.5,-0.5,4.40900518734157e-05,16Uiu2HAmNDdW8bz93QJpur6UVohgPp2u9aW7Zuzjh3KduafGTSnM,0.0004889295814749767,Spain,8.857400483357178e-05,0.00013305795779372788,0.00017754191075388404,0.0002220258637140401,0.0002665098166741962
39.6,-105.1,0.0009279486250958224,16Uiu2HAmJdL4pMWrDdSj9FZ1Jb95k4KM9Ki689kRW4DvqwFvcRVk,0.000985327918322362,United States,0.0009336865544184764,0.0009394244837411304,0.0009451624130637842,0.0009509003423864382,0.0009566382717090922
39.6,-84.3,2.9246401076032413e-05,16Uiu2HAmEaZc2ApMdN3JgeSjbBYFRVKp9unw25UZrZhM4VKZ58uL,0.0010998410332484793,United States,0.0001363058642932771,0.00024336532751052177,0.0003504247907277666,0.0004574842539450112,0.0005645437171622558
39.6,-78.8,1.4696683957805232e-05,16Uiu2HAmPxYwxLmG18W6mmLF245G53CVmy6jVGyjPLwDDcuHCoZR,0.0010801005615758523,United States,0.00012123707171960991,0.00022777745948141458,0.00033431784724321937,0.0004408582350050241,0.0005473986227668287
39.6,2.7,2.6894931642783577e-05,16Uiu2HAmQj88aWuRtDPhws9n8DNuiHmJJ2zc7gmFFpKJBF9JSxVk,0.00047606432106276475,Spain,7.181187058478168e-05,0.0001167288095267798,0.00016164574846877795,0.00020656268741077607,0.00025147962635277415
39.6,19.9,8.81801037468314e-05,16Uiu2HAkxwUHSeEAg3j7ZM5GezFGyqk262UwWouhJZuVDYczpXKS,0.0005616906988220719,Greece,0.00013553116325435544,0.0001828822227618795,0.0002302332822694036,0.0002775843417769276,0.0003249354012844517
39.7,-121.8,4.40900518734157e-05,16Uiu2HAm8TRC77z1mEYy2mEoVhBaY67pdeFjxKK7XNFhBgmA8bhC,0.0009677944240104902,United States,0.00013646048908712313,0.00022883092630083054,0.0003212013635145381,0.00041357180072824554,0.0005059422379419529
39.7,-89.9,2.9393367915610465e-05,16Uiu2HAmGD2bSe2PhcssLFow3mFihHTwLmYCSuWDaK9ps79tkZ74,0.0010557113504993177,United States,0.00013202516617398118,0.00023465696443235188,0.0003372887626907227,0.0004399205609490934,0.0005425523592074641
39.7,-76.4,2.8217633198986046e-05,16Uiu2HAm1W7HPFL1TDgYS5ViKjjgRmQ6yhzmSMJ8LsNni92Qf6XE,0.0010777557850496786,United States,0.00013317144838405527,0.0002381252635691245,0.00034307907875419385,0.00044803289393926306,0.0005529867091243323
39.7,-75.6,4.2032516119322966e-05,16Uiu2HAmMm4HKZhYAu3iu81ffg7EMSQXSssApYP3Hs4QCyPWj7BK,0.0010786381232741943,United States,0.00014569307683481007,0.0002493536375502972,0.0003530141982657844,0.0004566747589812715,0.0005603353196967587
39.8,-86.2,0.00019678859819501207,16Uiu2HAm5BTjuEbUWMqPZeC3YBg6PTzBwBnxLzsBXJUK88XxL3kp,0.001082351905125383,United States,0.00028534492888804914,0.00037390125958108617,0.00046245759027412336,0.0005510139209671604,0.0006395702516601975
39.9,-105.1,0.0001671012966002455,16Uiu2HAmT3GVcTzX9JjLrZGV7y69RtW4zLdYepLFRBeA8HUYFz72,0.0009796451259301724,United States,0.0002483556795332382,0.00032961006246623085,0.0004108644453992236,0.0004921188283322163,0.000573373211265209
39.9,-82.9,0.023689437904746678,16Uiu2HAmSpoxvCA7rrq6mEExKwoDQ6CxnurLVv3SiaKyo1M6GoMb,0.0010753404217463491,United States,0.021428028156446646,0.019166618408146614,0.016905208659846578,0.014643798911546544,0.012382389163246514
39.9,-75.4,0.00013065352038488853,16Uiu2HAmUnS9ctqYX99py5B6eR9kT81iCcg9AnDXDuHfHqLUndbo,0.001076843762274859,United States,0.00022527254457388555,0.0003198915687628826,0.0004145105929518797,0.0005091296171408767,0.0006037486413298737
39.9,-75.0,9.288304261332908e-05,16Uiu2HAmLxyoArk6R9qmWiW9Gh6cZPbUtvse5eBz4W8FFF5e1SBC,0.001074871247160977,United States,0.00019108186306809384,0.0002892806835228586,0.0003874795039776235,0.0004856783244323883,0.0005838771448871531
39.9,-0.1,1.4696683957805232e-05,16Uiu2HAmKUpJQNkgqGPBiJ2HfsVkEdRdQnEGMJTpFMFQYQuQSKCn,0.0004805650949584778,Spain,6.128352505787248e-05,0.00010787036615793973,0.00015445720725800702,0.00020104404835807427,0.0002476308894581415
39.9,32.9,4.40900518734157e-05,16Uiu2HAmVgHhhFAezpRnZDZv4UwmDEqSLDQkgWcXw2RUXgMTpyaN,0.0006680104278399812,Turkey,0.00010648208947007223,0.00016887412706672879,0.0002312661646633854,0.00029365820226004197,0.0003560502398566985
39.9,116.4,0.0005690556028462186,16Uiu2HAmP2zPEdmoZjALHQtshkXi7iC2YrdWrqgJdfcZzGwuqqRC,0.001359098818878012,China,0.000648059924449398,0.0007270642460525773,0.0008060685676557567,0.000885072889258936,0.0009640772108621153
40.0,-105.3,4.3796118194259595e-05,16Uiu2HAmQGgx3eUudwJ3Rhf9THHZvNYPUkVaMg5fqYTMbng1vMDR,0.0009778357858115918,United States,0.0001372000849559928,0.000230604051717726,0.0003240080184794593,0.0004174119852411925,0.0005108159520029257
40.0,-86.1,4.40900518734157e-05,16Uiu2HAmJ5xa1Ru9HQmX4696EkNzUrfgUa5NKS9ZPtqqZFBBd2sP,0.0010769929786857502,United States,0.00014738034455464912,0.00025067063723588253,0.0003539609299171161,0.0004572512225983495,0.0005605415152795829
40.0,-83.2,0.0004118010844977026,16Uiu2HAm25TDb9SofdQtpDm4X6Mdv7zatbJyXGdApLC97FAkeq3p,0.0010758283600119975,United States,0.0004782038120491321,0.0005446065396005615,0.0006110092671519911,0.0006774119947034205,0.0007438147222548501
40.0,-76.7,1.4696683957805232e-05,16Uiu2HAm4oBNi4CWwmshNUMiuHZPe7sfu8xW3ujdgXYNdWnDMPQw,0.0010746617167961636,United States,0.00012069318724164105,0.00022668969052547688,0.0003326861938093128,0.00043868269709314864,0.0005446792003769844
40.0,-76.4,4.364915135468154e-05,16Uiu2HAmEAyxCV3V48kvyCQP3s4BQCB2u2JQaxjQjZHgjr5dARFM,0.0010747690800353871,United States,0.0001467611442227521,0.0002498731370908226,0.00035298512995889325,0.0004560971228269638,0.0005592091156950344
40.0,-75.2,0.0002546935329887647,16Uiu2HAmU6AfyQQ8U9jjesRwfLckXiGANPmUFgbvociXFusMSLma,0.0010761726308649092,United States,0.0003368414427763791,0.00041898935256399355,0.0005011372623516081,0.0005832851721392225,0.000665433081926837
40.1,-111.7,7.216071823282369e-05,16Uiu2HAmReRTkmH6J4ZteVgfaxyuZpCoMM5VvyWctKvnvCTiALW3,0.0008864852555829416,United States,0.00015359317196783547,0.00023502562570284726,0.00031645807943785916,0.0003978905331728709,0.0004793229869078827
40.1,-88.2,0.00011757347166244186,16Uiu2HAmNixMzVXs7KRMdgv8GPUot49gCEE8tqt6RoJi6DjuuZ8d,0.0010574977323912628,United States,0.00021156589773532394,0.000305558323808206,0.0003995507498810882,0.0004935431759539703,0.0005875356020268523
40.1,-75.4,8.333019804075567e-05,16Uiu2HAm997ULXxta4iGioN2N8T2d5x41VRHapjT2anoEHwprxsH,0.00107483564351904,United States,0.0001824807425885841,0.0002816312871364125,0.000380781831684241,0.00047993237623206945,0.0005790829207798978
40.1,113.3,2.704189848236163e-05,16Uiu2HAm8MgL5kstPNAxEbuq6n7TxbmGD7Fg3gChLHL8CuQLNg9B,0.0012996395238630111,China,0.00015430166102042657,0.0002815614235584915,0.00040882118609655653,0.0005360809486346215,0.0006633407111726864
40.2,-105.1,0.0001168386374645516,16Uiu2HAm9X9tSYmSKEWu2tq6XibxkA1Qjj9sHnYmGiF2vS54j9gm,0.0009741299442013336,United States,0.0002025677681382298,0.000288296898811908,0.00037402602948558624,0.0004597551601592644,0.0005454842908329425
40.2,-83.4,4.40900518734157e-05,16Uiu2HAm5F7c9EmNsSQcP5tmDr8tA9VcAGmAfX5HV85guwybjirk,0.0010750958558077882,United States,0.00014719063226685292,0.0002502912126602902,0.0003533917930537275,0.00045649237344716476,0.0005595929538406019
40.2,-83.1,1.4696683957805232e-05,16Uiu2HAmEuhoL15iqnDDfBoDBi9ykwWQyHaUmdWC7JyKDG2fd5sG,0.0010736583045103517,United States,0.00012059284601305986,0.00022648900806831448,0.00033238517012356924,0.0004382813321788239,0.0005441774942340784
40.2,-76.9,2.645403112404942e-05,16Uiu2HAmHyRCiVDx6k358cquSoFrb4CZo1ezS2Q5XWYHiLkMhdxP,0.0010728259028342257,United States,0.00013109121829506704,0.00023572840546608463,0.00034036559263710234,0.00044500277980811994,0.0005496399669791376
40.2,-76.2,4.232644979847907e-05,16Uiu2HAmLWau23ryX6AyN74Lo6KyACZ6B6bfgtCHQVuoB41Cxfrq,0.00107302837952582,United States,0.00014539664277121316,0.0002484668357439472,0.0003515370287166814,0.00045460722168941546,0.0005576774146621496
40.2,-75.6,1.4696683957805232e-05,16Uiu2HAmJiTjUgHcR6ed114AdmFRVDiPowcVWYqQrEMTeb2Rvunk,0.001073601153868209,United States,0.00012058713094884557,0.00022647757793988594,0.0003323680249309264,0.00043825847192196675,0.000544148918913007
40.2,-74.8,0.017988741164353606,16Uiu2HAmQoDprR3AvCr2qsEYsDrbqiaHt8nFJegWeBYHq3eizkwE,0.0010750035153737135,United States,0.016297367399455618,0.014605993634557628,0.012914619869659638,0.011223246104761648,0.00953187233986366
40.2,-74.3,8.700436903020698e-05,16Uiu2HAkwNXfAXuecRkrhqeq1ETYZTJdcJF4pm4fgpEFgVucB7H3,0.00107353980674515,United States,0.00018565791280170124,0.0002843114565731955,0.0003829650003446899,0.0004816185441161842,0.0005802720878876784
40.2,44.5,2.9393367915610465e-05,16Uiu2HAm32dyxs5M1HAEeVWsEd9Mn3HdoV3yz6TD4jNLFiofCAU2,0.0007428139055968448,Armenia,0.00010073542168373387,0.0001720774754518573,0.0002434195292199808,0.00031476158298810423,0.00038610363675622766
40.3,-111.9,0.00014652593905931818,16Uiu2HAkykqgqgKqBHiatBtkmibLe8sCkz5zkSTzew9SvJqbj9vC,0.0008806871404438876,United States,0.0002199420591977751,0.00029335817933623203,0.0003667742994746891,0.000440190419613146,0.0005136065397516029
40.3,-104.9,1.4696683957805232e-05,16Uiu2HAm9GodNSkKMsFBR7Q8ToNkj6Mo1RWnT2TT7fh1s6MwccBg,0.0009712112696196626,United States,0.00011034814252399094,0.00020599960109017666,0.0003016510596563625,0.0003973025182225482,0.0004929539767887338
40.3,-80.1,0.0003794683797905311,16Uiu2HAmUHWqbgZamEhY9JrwVkFvVMBQuZ2CR9LjqEPq9nJQ5Ung,0.001079271964232546,United States,0.0004494487382347326,0.000519429096678934,0.0005894094551231355,0.000659389813567337,0.0007293701720115385
40.4,-79.8,2.9393367915610465e-05,16Uiu2HAmDyVyyPGUt8R2MnpLm9fq1BYYZyX9xju2meovNa7DMdZK,0.0010748151220046276,United States,0.00013393554332451216,0.00023847771873341384,0.0003430198941423156,0.0004475620695512173,0.000552104244960119
40.4,-3.7,0.0005468636100699327,16Uiu2HAm2yWBjw6XUNk6B1qZcBkttP76aDXSwQr7w9Hy65xsyB7R,0.00048678899438649864,Spain,0.0005408561485015893,0.0005348486869332458,0.0005288412253649025,0.0005228337637965591,0.0005168263022282157
40.5,-78.4,1.3814882920336918e-05,16Uiu2HAmNsnEX5RrnSF2FEHLwJrSFUu2gnHjjE3NYq1wNXiguUph,0.0010713932867265818,United States,0.00011957272330096139,0.00022533056368158585,0.0003310884040622104,0.0004368462444428349,0.0005426040848234594
40.5,-74.4,0.0001446153701448035,16Uiu2HAmHN6TibSxumXX2bgCMR4dMNRJfbT4gsKjpFREpyMua3sy,0.0010730852325298314,United States,0.00023746235638330627,0.00033030934262180906,0.0004231563288603119,0.0005160033150988147,0.0006088503013373175
40.5,-3.9,5.5112564841769627e-05,16Uiu2HAm54pRRHxxu1ChkHixsQoiFeXA6Rqn5cNTf56b7jP8Hxqs,0.0004865493857369073,Spain,9.825624693128338e-05,0.00014139992902079715,0.00018454361111031094,0.0002276872931998247,0.00027083097528933845
40.6,-111.8,0.0005365759312994691,16Uiu2HAkzBd94DcnjVtMmPuHAeVnkQ5J599C12t6Ep5MXEvyAJ2h,0.0008742405197507238,United States,0.0005703423901445946,0.00060410884898972,0.0006378753078348455,0.000671641766679971,0.0007054082255250965
40.6,-111.3,2.6747964803205525e-05,16Uiu2HAmKYUDJofXLMSNvCN8UeuY87C2jcTQm9Mm1hxcW5UtSFUk,0.0008786091843506499,United States,0.00011193408675794995,0.00019712020871269435,0.00028230633066743887,0.0003674924526221833,0.00045267857457692774
40.6,-105.1,0.00023441210912699344,16Uiu2HAkyuozoZqCJxQQEGg4YLiXpt11UvboecHYk4RsFpdLv7bq,0.0009648439637355846,United States,0.0003074552945878526,0.00038049848004871167,0.0004535416655095708,0.0005265848509704299,0.000599628036431289
40.6,-80.1,4.40900518734157e-05,16Uiu2HAmQJbAb1YEF3KdgGwPQaZhbYF3wmz2LgjJXnNEocWH5FLQ,0.0010768129661453722,United States,0.0001473623433006113,0.00025063463472780695,0.00035390692615500265,0.00045717921758219835,0.0005604515090093939
40.6,-75.4,2.8805500557298257e-05,16Uiu2HAmLuC9itxD7Lc2uJPmg6V4naZeBcJ3H5SnFnSwaMD4xXeA,0.0010703192971400616,United States,0.00013295688021557457,0.00023710825987385088,0.0003412596395321273,0.0004454110191904036,0.00054956239884868
40.6,-74.6,0.00019825826659079258,16Uiu2HAmNzLprXQxSy8TxnXusMepcQ67eYeNhgHYsf3sHvfFmbQb,0.0010717153270483218,United States,0.00028560397263654546,0.0003729496786822984,0.0004602953847280514,0.0005476410907738042,0.0006349867968195572
40.6,-74.2,0.01194355415198958,16Uiu2HAmBnm1gW1NkKKjzkbd5bzuowTJLDp8KY4PJ77k9mrxF7Nb,0.0010699905164473738,United States,0.010856197788435358,0.009768841424881138,0.008681485061326918,0.007594128697772697,0.006506772334218477
40.6,-73.9,0.00014373356910733518,16Uiu2HAkyNBSjQsussvQE8Bpyr1GEke6LjF9MeJoNHxuSTWNmgZF,0.0010708581184460766,United States,0.0002364460240412093,0.0003291584789750834,0.0004218709339089576,0.0005145833888428317,0.0006072958437767058
40.6,22.9,1.4696683957805232e-05,16Uiu2HAmV4gdyZAtaVMZ9j84APK71DmicqKxVQVTuMKvKm5avG1x,0.0005909535104033647,Greece,7.232236660236117e-05,0.0001299480492469171,0.0001875737318914731,0.0002451994145360291,0.000302825097180585
40.7,-89.6,1.4696683957805232e-05,16Uiu2HAmBbqQQhrQQZ91e152Gee1ZwpVEG6PUKQveC6MZsvgDjfG,0.0010274220809309688,United States,0.00011596922365512156,0.00021724176335243792,0.00031851430304975434,0.0004197868427470707,0.000521059382444387
40.7,-73.7,0.0003561006522976208,16Uiu2HAmSbMeFzriH9yJFuLYeyYSMESjMqm9y1csuycvbMHV1RFb,0.0010705797962439016,United States,0.0004275485666922489,0.000498996481086877,0.000570444395481505,0.0006418923098761331,0.0007133402242707613
40.8,-96.7,1.4696683957805232e-05,16Uiu2HAmSet9hGgvteCGcVUuh68cR3NNzW4mmRXnSd7aZhD84ALd,0.0009630673386494962,United States,0.0001095337494269743,0.0002043708148961434,0.00029920788036531256,0.00039404494583448167,0.0004888820113036507
40.8,-75.0,4.40900518734157e-05,16Uiu2HAkvVaC5RL42fW29zU2YXmUS3x7co7doCbsrTrc2SgrAPX7,0.0010692661805705036,United States,0.00014660766474312447,0.0002491252776128332,0.0003516428904825421,0.0004541605033522509,0.0005566781162219596
40.8,111.7,2.704189848236163e-05,16Uiu2HAm9dgm3zQE3GxBHbHvoEgwLoAMEnEqNiuUVGQrzmXcXGtU,0.0012754772846224228,China,0.0001518854370963677,0.00027672897571037384,0.00040157251432438,0.0005264160529383861,0.0006512595915523922
40.9,-90.3,2.9393367915610465e-05,16Uiu2HAm9o1yaSBdrNXGH8EGFAuPabtXzBT5kSNJn61DrA9r3AUW,0.001013538184559947,United States,0.00012780784958004408,0.00022622233124447772,0.00032463681290891146,0.00042305129457334507,0.0005214657762377787
40.9,-81.4,2.9393367915610465e-05,16Uiu2HAmF7goJ22qeMXHD4FyvWutfs4GPdkZ1eDNw5X5FYWecmcN,0.0010699933271125614,United States,0.00013345336383530554,0.0002375133597550006,0.00034157335567469577,0.0004456333515943909,0.0005496933475140859
40.9,-77.7,1.4696683957805232e-05,16Uiu2HAmPFhXYA6LfjyULQRkcmAjjDsZa4xo4FZY9JHKRpfCsspH,0.0010647995542706836,United States,0.00011970697098909304,0.00022471725802038087,0.00032972754505166877,0.0004347378320829566,0.0005397481191142443
40.9,-74.3,0.00010287678770463663,16Uiu2HAmFCnLbqeKGaVK7bJ8sCQBDR821tPA59xY3PX8w2Apghoo,0.0010698666035837954,United States,0.0001995757692925525,0.00029627475088046833,0.0003929737324683843,0.0004896727140563001,0.000586371695644216
40.9,-74.0,0.0005208504794646174,16Uiu2HAmENEifdREvHTRNHVRmytfsmWH8LABaf3gpcj4WQKLaCw3,0.0010706340944741362,United States,0.0005758288409655693,0.0006308072024665211,0.0006857855639674732,0.000740763925468425,0.0007957422869693768
40.9,-73.4,5.055659281485e-05,16Uiu2HAm2HEv2XdmeHDXPsrirvo9DJCVz7aduYVq42PJgDYZAmhi,0.0010698242655888624,United States,0.0001524833600922512,0.0002544101273696524,0.00035633689464705377,0.00045826366192445496,0.0005601904292018561
40.9,-73.1,4.40900518734157e-05,16Uiu2HAmFTpp6JJSBL5pydRVibQZku2CnjkuVDvknwRXL9zmUDAC,0.0010709135899548499,United States,0.00014677240568155908,0.0002494547594897025,0.00035213711329784597,0.00045481946710598944,0.0005575018209141327
40.9,-8.5,1.4696683957805232e-05,16Uiu2HAm4smmCMM2b9Kjx5goq9SfNn9vhZ5Vm52o6h8RE3zjBWj3,0.0005077659281002311,Portugal,6.400360837204781e-05,0.00011331053278629038,0.000162617457200533,0.00021192438161477559,0.00026123130602901816
41.0,-80.7,4.291431715679128e-05,16Uiu2HAmDrCG2mQQhAzC3cbqAVFZDyZvDcpzJvrHHftKjErPFoFF,0.0010755606505406957,United States,0.0001461789504951817,0.0002494435838335721,0.0003527082171719626,0.0004559728505103531,0.0005592374838487435
41.0,-75.2,1.4696683957805232e-05,16Uiu2HAmM79CF8qZTdxn6QFN5yb8xpnJcjGcsrG8n1JfE4jotUFL,0.0010674227865759454,United States,0.00011996929421961922,0.0002252419044814332,0.00033051451474324733,0.00043578712500506135,0.0005410597352668753
41.0,-5.7,1.4696683957805232e-05,16Uiu2HAm2sE2egGcp9CAZQxCBuKw8V1gmT5A4MQcFHeHqnwwDpax,0.00048682644823541086,Spain,6.190966038556578e-05,0.00010912263681332633,0.00015633561324108694,0.00020354858966884748,0.000250761566096608
41.0,28.9,7.333645294944812e-05,16Uiu2HAmRW6pq79Rs5rtJeoCetDdCjN9TLT861ThaMzzj6JBtTHJ,0.0006767816223844571,Turkey,0.000133680969892949,0.0001940254868364499,0.0002543700037799508,0.0003147145207234517,0.00037505903766695263
41.0,29.2,1.3373982401602762e-05,16Uiu2HAm9VSzpWS3T8E77PtA5at2vSbSUywpxJemfwXjDhZhXPwP,0.0006597014358320935,Turkey,7.800672774465182e-05,0.0001426394730877009,0.00020727221843074999,0.00027190496377379905,0.0003365377091168481
41.1,-8.6,8.729830270936309e-05,16Uiu2HAmFWuemdtDKYP8n6YUuT7Rco5HSf65cg8Yvz5BdmgTWfhN,0.0005059660324321947,Portugal,0.00012916507568164624,0.0001710318486539294,0.00021289862162621257,0.00025476539459849576,0.0002966321675707789
41.1,-8.0,4.40900518734157e-05,16Uiu2HAmUyiExN4ctSdjAxgCSEkAHrJTwkTgWN5GWCXBEkaqigby,0.0005009572240622961,Portugal,8.977676909230372e-05,0.00013546348631119176,0.00018115020353007985,0.00022683692074896785,0.0002725236379678559
41.2,-122.3,1.4696683957805232e-05,16Uiu2HAmGbLCNhZ8iMeyZWyNrGieLpeefvbcWVt54memACzUEzkd,0.0009673484424281757,United States,0.00010996185980484226,0.00020522703565187928,0.00030049221149891644,0.0003957573873459535,0.0004910225631929904
41.2,-96.0,0.0005346653623849544,16Uiu2HAm5faDX2mbmSTt14B2LfeaW9iLkydBq4rpPz6DsriaGkKN,0.000954113233706349,United States,0.0005766101495170939,0.0006185549366492333,0.0006604997237813729,0.0007024445109135122,0.0007443892980456518
41.2,-73.8,5.878673583122093e-05,16Uiu2HAm9L8BorfiHLsSQ7qCYZxumQNXPkfX1VmQTus5rPEDEUv4,0.0010688104557424263,United States,0.00015978910782234144,0.000260791479813462,0.0003617938518045826,0.0004627962237957031,0.0005637985957868236
41.2,-73.2,4.40900518734157e-05,16Uiu2HAmNfH2fxqWLyMfunXegr7opftDVGyaCmxjjm4BShA71ESv,0.0010680484783625406,United States,0.00014648589452232816,0.0002488817371712406,0.0003512775798201532,0.0004536734224690657,0.0005560692651179781
41.2,-8.3,7.083801667662123e-05,16Uiu2HAmVSrZJ6sWCRmvHjgDSrwg9L7xk3vH7TwW3aECC1UNozxx,0.0005021223847310772,Portugal,0.00011396645348206683,0.0001570948902875124,0.00020022332709295802,0.00024335176389840362,0.00028648020070384925
41.2,27.8,1.3814882920336918e-05,16Uiu2HAmRdZzN8QbTh9nXY3hKf9sgEPJ9BsCT6PMksBGrMHSJCmu,0.000640173838545084,Turkey,7.645077848281162e-05,0.00013908667404528632,0.00020172256960776107,0.0002643584651702358,0.00032699436073271046
41.3,-112.0,2.9393367915610465e-05,16Uiu2HAm8R4TNStTKTCfrDr3h5Psme1VjmR3Edb1VW3h2ATNwKEW,0.0008324040193181597,United States,0.00010969443305586536,0.00018999549819612028,0.00027029656333637527,0.0003505976284766302,0.0004308986936168851
41.3,-72.9,0.0009226578188710126,16Uiu2HAm7UfdV8Q5FC9RPKDJoRM951DmatyC3XXuBsg4qoLY7wXp,0.0010683738983681048,United States,0.0009372294268207218,0.000951801034770431,0.0009663726427201402,0.0009809442506698495,0.0009955158586195587
41.3,2.0,1.4696683957805232e-05,16Uiu2HAkzTz8BtR4EgZEQ2HrxdTbWcRtzDqmWBjJvbt1mxzhHa8L,0.0004524910390029746,Spain,5.8476119462322156e-05,0.00010225555496683909,0.00014603499047135605,0.000189814425975873,0.0002335938614803899
41.3,69.2,4.335521767552544e-05,16Uiu2HAkyMH2jxzY5Ja9iuQ4fRUrra4w8sgV6m3xz6TR9Zk4DBhT,0.0008980462954573847,Uzbekistan,0.00012882432545371136,0.00021429343323189725,0.00029976254101008327,0.0003852316487882692,0.00047070075656645505
41.4,-81.5,5.658223323755015e-05,16Uiu2HAmHyyE9Zc4tyLAC9kWfoGdvjJQoVb3wg119syPQuaHUMxh,0.0010584574634995283,United States,0.00015676975626374793,0.0002569572792899457,0.00035714480231614364,0.00045733232534234146,0.0005575198483685392
41.4,-73.6,1.4696683957805232e-05,16Uiu2HAmFTWbhA9YY1YeABBHwWYmC1E1ZeLksJLSkmmEKYREG6G7,0.0010679112925965754,United States,0.00012001814482168222,0.00022533960568555923,0.0003306610665494363,0.00043598252741331334,0.0005413039882771903
41.4,-73.3,2.9393367915610465e-05,16Uiu2HAmK5vihFBpBEK4HAnYNXrNcU8e9XdKfG9dBzbPmN6kiBu9,0.0010688433924513447,United States,0.00013333837036918388,0.00023728337282275728,0.0003412283752763308,0.0004451733777299042,0.0005491183801834776
41.4,-71.5,2.8217633198986046e-05,16Uiu2HAmLw4EXFeNfcZn4thwvS2VPjcTVLnJ4kYcJWPwiSHCmTiu,0.0010736040972309105,United States,0.00013275627960217847,0.0002372949260053709,0.0003418335724085634,0.0004463722188117558,0.0005509108652149482
41.4,2.2,8.612256799273866e-05,16Uiu2HAkzCMeqQYpPbUcxq8gHRkZcZKhipZsroeyKoaoToWBRwin,0.00045026358406903067,Spain,0.00012253666960036785,0.00015895077120799703,0.00019536487281562626,0.0002317789744232555,0.00026819307603088467
41.5,-87.1,2.9393367915610465e-05,16Uiu2HAmCeprJyn5YchhiQCTDcn9V1PyeBMbgUANoK1R8rG45PpG,0.001037370542214806,United States,0.00013019108534553,0.00023098880277544953,0.00033178652020536916,0.0004325842376352887,0.0005333819550652082
41.5,-81.7,0.00014285176806986687,16Uiu2HAmRUc8Yt5o37wECbtYB14vTpVvaTRnHWUy6sd28itMmTfq,0.0010586009078354462,United States,0.0002344266820464248,0.0003260015960229827,0.00041757650999954066,0.0005091514239760986,0.0006007263379526565
41.5,-75.7,4.40900518734157e-05,16Uiu2HAmLg9zhAqRtRy56siSg8jgp7Js2hAHBfLmQcCmoxAmtWsf,0.0010635191768927845,United States,0.00014603296437535256,0.0002479758768772894,0.0003499187893792263,0.00045186170188116323,0.0005538046143831
41.5,-74.3,1.3814882920336918e-05,16Uiu2HAmL5xsf9Un96xqSC7zh7Wxrbqg5wHLhMA5RKBwVLAPiuLW,0.0010654809582579948,United States,0.00011898149045410268,0.00022414809798786844,0.0003293147055216343,0.0004344813130554001,0.0005396479205891659
41.5,-73.1,1.4696683957805232e-05,16Uiu2HAmLFryKr9oJhTDjnJFLB1PHzJ3bVW2SjGLHfCAh6iy4Y4K,0.0010661585823108141,United States,0.00011984287379310609,0.00022498906362840694,0.00033013525346370793,0.00043528144329900887,0.0005404276331343096
41.5,2.0,1.4696683957805232e-05,16Uiu2HAm2rBUdyjgNevJLWoHhtVaPXK3CdLNz3U24addE5oL53A6,0.0004493455538212128,Spain,5.816157094414598e-05,0.00010162645793048674,0.00014509134491682752,0.0001885562319031683,0.00023202111888950903
41.6,-93.6,0.00011331143331467834,16Uiu2HAkvmLCv1rW3WBaEQx9btj3DCT7DAvQEAAD9iRpgcwgDKeo,0.0009581648165446376,United States,0.00019779677163767425,0.00028228210996067015,0.00036676744828366615,0.00045125278660666204,0.000535738124929658
41.6,-87.5,4.40900518734157e-05,16Uiu2HAm4iDQUZSGpK4FzG2JhrAuCzZySaH8qTg7nsHd7uwk9htR,0.0010276544151347424,United States,0.00014244648819954834,0.00024080292452568098,0.0003391593608518137,0.0004375157971779464,0.000535872233504079
41.6,-81.1,2.9393367915610465e-05,16Uiu2HAmPJYtKbLS4mhu1TrobY3cBMC3gLcLpCz8P5xETa2M2PWB,0.0010559503294596626,United States,0.00013204906407001565,0.00023470476022442084,0.00033736045637882615,0.0004400161525332313,0.0005426718486876365
41.6,45.0,9.582237940489012e-05,16Uiu2HAm8ALowXTCDE4LWpeZ2K4UHL4NrKrJuVzkBTRJT9TcivBQ,0.0007386388708872559,Georgia,0.00016010402855312668,0.00022438567770136325,0.00028866732684959984,0.00035294897599783643,0.000417230625146073
41.7,-87.8,0.0006844245719149898,16Uiu2HAm8v4Z5Sr9C4PbMDNHMW6iUS7ti1CxEcmX7mLUU6YGo8Lh,0.0010291805837898819,United States,0.0007189001731024789,0.0007533757742899682,0.0007878513754774574,0.0008223269766649466,0.0008568025778524359
41.7,-86.2,1.4696683957805232e-05,16Uiu2HAm8qrEBfRnWK5u9keAaYKFJRkhLqNTDVM5K9R1kdhDwsWv,0.0010395326542241433,United States,0.00011718028098443902,0.0002196638780110728,0.0003221474750377067,0.0004246310720643405,0.0005271146690909742
41.7,-83.7,1.4696683957805232e-05,16Uiu2HAmRA2T6AavojZwRUHnBd6kzoo1m3CUZbjeVtGQDkQ286KX,0.0010431895504161442,United States,0.0001175459706036391,0.000220395257249473,0.000323244543895307,0.00042609383054114085,0.0005289431171869747
41.7,-73.9,1.4696683957805232e-05,16Uiu2HAm9YGG8x1f6VvY5Cx9LayistVFcJ7nKA3cpJhFnULZFHyd,0.0010651066597536594,United States,0.00011973768153739062,0.000224778679116976,0.0003298196766965615,0.00043486067427614693,0.0005399016718557323
41.7,-8.7,1.4696683957805232e-05,16Uiu2HAmKfNvWs5YYA4pFutEXTvu8bJKs9DRmx9TCNZaLGHFkN8m,0.0004991911072666203,Portugal,6.314612628868674e-05,0.00011159556861956824,0.0001600450109504498,0.0002084944532813313,0.0002569438956122128
41.7,-4.7,4.159161560058881e-05,16Uiu2HAmUvLmUcV8WXREK6NtbkBT3c8rcG3KcHh5dvecEiAckTrs,0.00047007073515870773,Spain,8.44395275564007e-05,0.00012728743951221258,0.0001701353514680245,0.0002129832634238364,0.0002558311753796483
41.7,-0.9,4.320825083594739e-05,16Uiu2HAm3pyMoPWP1koxXawqVXFqdM5XtunZ46zd6jPbYZPHzFwf,0.0004563353656996737,Spain,8.452096232232001e-05,0.00012583367380869262,0.0001671463852950653,0.00020845909678143793,0.00024977180826781057
41.7,21.8,5.5112564841769627e-05,16Uiu2HAmTibbHLwhn7NummQDw9zFk7sswnTiM6XPi1k1cQesbFRQ,0.00056197414991565,North Macedonia,0.00010579872334915765,0.0001564848818565457,0.00020717104036393377,0.00025785719887132176,0.00030854335737870984
41.8,-88.1,0.0005609724266694258,16Uiu2HAmPYiBgtvB64YLcVBCM2b46R7qxRxAjVmK5DpLbKMneH9d,0.0010159893277294101,United States,0.0006064741167754241,0.0006519758068814226,0.0006974774969874211,0.0007429791870934195,0.000788480877199418
41.8,-73.1,1.4696683957805232e-05,16Uiu2HAmNnes8rPkra2WARqS1tAH7E1Bsxgq9aGPh8Jx9t6EUqVN,0.001066791240260077,United States,0.00011990613958803238,0.00022511559521825952,0.0003303250508484868,0.00043553450647871396,0.000540743962108941
41.8,-71.4,0.00010434645610041715,16Uiu2HAmFHxR3x9NYPdRrAvrfQ6TisrnZhxiJxoBWWL9NjDj7byy,0.0010710148411236318,United States,0.0002010132946027386,0.00029768013310506005,0.0003943469716073816,0.0004910138101097031,0.0005876806486120245
41.9,-87.6,7.318948610987007e-05,16Uiu2HAm9qMfDqDykDTTnWKge93cawWfXkM6en6nnHer9dQyyrrE,0.001026879161072429,United States,0.00016855845360612594,0.0002639274211023818,0.00035929638859863775,0.00045466535609489363,0.0005500343235911495
41.9,-74.0,2.895246739687631e-05,16Uiu2HAkxKtXQ2cYZHCwCKEB7QPtmS3oxvgHW4vYLmA5ffm9XSUT,0.00106102340786383,United States,0.00013215956144357167,0.000235366655490267,0.0003385737495369625,0.0004417808435836578,0.0005449879376303532
41.9,12.5,4.40900518734157e-05,16Uiu2HAkvrZ1t1PVGRx9LXQJv4kxcjxX3sLmgdmL723zLJDmRTA7,0.000459728790295566,Italy,8.565392571563071e-05,0.00012721779955784574,0.00016878167340006082,0.00021034554724227582,0.0002519094210844908
42.0,-93.6,1.4696683957805232e-05,16Uiu2HAmRNubaZtSry5Wnhe9NPKRaUDvjX37ZraLtwTqasY1S4fG,0.0009503172206885858,United States,0.00010825873763088326,0.00020182079130396128,0.0002953828449770394,0.0003889448986501175,0.0004825069523231955
42.0,-71.5,1.4402750278649129e-05,16Uiu2HAmACA9oDJsJ19MURx3CrQJ5nMvU1c86xBpcQJA9zwo3Phg,0.001069156263095234,United States,0.00011987810156030759,0.00022535345284196604,0.00033082880412362465,0.0004363041554052831,0.0005417795066869415
42.0,24.9,1.3080048722446657e-05,16Uiu2HAmRxN4sYoWow1eETgGLR2q2KM3kuJNqFuDYz3vodA7W4AC,0.000604605692647497,Bulgaria,7.223261311495168e-05,0.0001313851775074567,0.00019053774189996178,0.0002496903062924668,0.00030884287068497186
42.1,-88.0,5.658223323755015e-05,16Uiu2HAmNVMJqFmqKPkMjHvXjEpnZ9H4X3nnQ25o9MxkaVWagGBX,0.0010081141545702414,United States,0.00015173542537081925,0.00024688861750408835,0.0003420418096373576,0.0004371950017706267,0.0005323481939038957
42.1,-86.5,2.410256169080058e-05,16Uiu2HAmUQXjeoNRgNqs9a1KJZxBNu2ymPxJPNqWWmS4wsv1q347,0.0010307662686072751,United States,0.000124768932382448,0.00022543530307409543,0.000326101673765743,0.0004267680444573904,0.0005274344151490379
42.1,-72.0,1.4696683957805232e-05,16Uiu2HAmUqCHhbKWhwTqBH5KshsaqsfUAaDTeyndCneW3iYzgQ7G,0.0010663544605281283,United States,0.00011986246161483751,0.0002250282392718698,0.0003301940169289022,0.0004353597945859345,0.0005405255722429667
42.1,-70.9,2.7776732680251888e-05,16Uiu2HAm94NvaETKX7egkT8c3XWqFNm4SHjBSB1ntY3nu6422m52,0.0010713825328357793,United States,0.0001321373126958046,0.00023649789271135732,0.00034085847272691017,0.00044521905274246286,0.0005495796327580156
42.1,21.5,0.0006639961812136404,16Uiu2HAm9uWM4pGtaSDGeHQQwDMLXECSGkRUJyBSSnDumVtJVBzh,0.0005473929986239298,North Macedonia,0.0006523358629546693,0.0006406755446956983,0.0006290152264367271,0.0006173549081777562,0.0006056945899187851
42.2,-84.4,2.9393367915610465e-05,16Uiu2HAm6HwMW7PKc3w32sQJS893sdSHY6yodQcV8vDEnpBRTa7c,0.0010358257686279267,United States,0.00013003660798684206,0.00023067984805807368,0.00033132308812930535,0.000431966328200537,0.0005326095682717686
42.2,-83.6,0.0001322701556202471,16Uiu2HAmTp1uMcxF467bCmVDDCy3QUqpSUGMFCUswoD6tewARuSd,0.0010346248288890453,United States,0.00022250562294712692,0.00031274109027400676,0.0004029765576008866,0.0004932120249277665,0.0005834474922546462
42.2,-71.5,0.0005955096339702681,16Uiu2HAmLnJj3vvHGEFVQiNkFhSVGajDcyFMeTT1cXB9sB6M5Mik,0.0010678687111868388,United States,0.0006427455416919253,0.0006899814494135823,0.0007372173571352394,0.0007844532648568965,0.0008316891725785535
42.2,-8.7,2.9393367915610465e-05,16Uiu2HAm7S6HhAsGUsxvRJEawjA4xbsacwjPrkd4cQix3VNB5EHW,0.0004931229523427149,Spain,7.576632635832091e-05,0.00012213928480103134,0.00016851224324374183,0.00021488520168645226,0.0002612581601291627
42.2,24.8,1.4696683957805232e-05,16Uiu2HAmTKtDLff5XBrrCZxMcR363etZVaKcdT2rtrzX6Va17inG,0.0005911973056517533,Bulgaria,7.234674612720002e-05,0.0001299968082965948,0.00018764687046598965,0.0002452969326353845,0.00030294699480477925
42.3,-88.3,1.3373982401602762e-05,16Uiu2HAkyjtYoqWVrizwJPFkVXModwJog4vrwdpuAAjzbMJRq2eC,0.001003543910901658,United States,0.00011239097525160828,0.0002114079681016138,0.0003104249609516194,0.00040944195380162495,0.0005084589466516304
42.3,-85.6,1.4696683957805232e-05,16Uiu2HAkyNRjKbNgtrahsSUqGrz9MUNnCY8BXQbUajg8NFfudDiH,0.001024740704002487,United States,0.00011570108596227339,0.00021670548796674154,0.0003177098899712098,0.000418714291975678,0.0005197186939801461
42.3,-83.2,0.0001233051784059859,16Uiu2HAm1398hz5ULB9bAicKeXa7tpB3vsc58WDV5hoEU9u4HwTk,0.0010323680519671854,United States,0.00021421146576210582,0.00030511775311822575,0.0003960240404743458,0.00048693032783046574,0.0005778366151865857
42.3,-71.8,0.00011095996388142951,16Uiu2HAmKqHf9BgYhhVK2kiyVis3oMcfGqvMw2XFw4wmMwtDzqHt,0.0010659714548457704,United States,0.00020646111297786357,0.00030196226207429767,0.0003974634111707318,0.0004929645602671659,0.0005884657093635999
42.4,-88.8,1.4696683957805232e-05,16Uiu2HAm75tdfdpP5oVrSci2BJ6GUWnmkL4tjzEDJpv13Jyf6y4k,0.0009919814888788637,United States,0.00011242516444991105,0.00021015364494201687,0.0003078821254341228,0.00040561060592622867,0.0005033390864183344
42.4,-83.5,7.260161875155786e-05,16Uiu2HAmTLZJxLmJzs43Wyt9nrzknacc8DdXA7MrwLkZkyVqXihU,0.0010333831794577823,United States,0.0001686797748221803,0.0002647579308928027,0.00036083608696342524,0.00045691424303404764,0.0005529923991046701
42.5,-90.8,1.4696683957805232e-05,16Uiu2HAm76y1xaAe4HMmMATjnJWmWo1cTpAqpCkPHQpbBNtYTfTU,0.0009560215432116839,United States,0.00010882916988319307,0.00020296165580858093,0.0002970941417339689,0.0003912266276593567,0.00048535911358474457
42.5,-83.2,0.00045500933533365004,16Uiu2HAmHoBovey72uvTkQemHejaobGoKgqsqAVjWxdcsNmAmFpW,0.0010316540808102408,United States,0.0005126738098813091,0.0005703382844289681,0.0006280027589766273,0.0006856672335242863,0.0007433317080719454
42.5,-82.9,8.81801037468314e-05,16Uiu2HAmU3nebUxutCZ5UP2UU8QFJo4zXsc6mtE7Uvzy8L35NQPz,0.001033186424937994,United States,0.00018268073586594764,0.0002771813679850639,0.00037168200010418025,0.00046618263222329644,0.0005606832643424127
42.5,-71.7,7.348341978902616e-05,16Uiu2HAmJCfBuAyqj1i3Nqp8xxzASJe5rq777cWPvnH4C4u1HjoR,0.0010652788487942443,United States,0.00017266296268954795,0.00027184250559006976,0.0003710220484905917,0.00047020159139111344,0.0005693811342916352
42.5,-70.9,0.00010287678770463663,16Uiu2HAmPC5P8bjPUkawqww2HAGs2RiwxDUFaadWT44bnSkxm6He,0.0010689283426580528,United States,0.00019948194319997824,0.0002960870986953198,0.0003926922541906615,0.0004892974096860031,0.0005859025651813447
42.5,1.5,3.953407984649608e-05,16Uiu2HAkzqufmA9CZny2XMMip1SPBsaFCNvXE4U8bigEEPD9Geve,0.0004361290240567032,Andorra,7.919357426751679e-05,0.00011885306868853748,0.00015851256310955823,0.00019817205753057892,0.00023783155195159964
42.5,27.5,1.4696683957805232e-05,16Uiu2HAmCJEcww2BZ7Cj93Rvzkj8cf19pAmi2kiFw4qj9X5vw7AU,0.0006462715068051378,Bulgaria,7.785416624253847e-05,0.00014101164852727173,0.00020416913081200503,0.0002673266130967383,0.0003304840953814715
42.6,-73.8,2.9393367915610465e-05,16Uiu2HAkzGNf7R3WUZ7vNe8u1GUUFKLxP3jugzjbowX5aGKJRkvh,0.0010579877372971103,United States,0.00013225280485376043,0.00023511224179191038,0.00033797167873006044,0.00044083111566821045,0.0005436905526063604
42.6,-72.6,2.9393367915610465e-05,16Uiu2HAmMUss93A1RLfCWV4Z43QVXwu7dqt2XJWQMQarWfse4XAi,0.0010639992034882004,United States,0.00013285395147286943,0.0002363145350301284,0.0003397751185873875,0.00044323570214464646,0.0005466962857019054
42.6,-71.4,7.348341978902616e-05,16Uiu2HAm6ikrfoF94JCvKvz1sVujCmWTm2QUZr9LJcykCfVodMyP,0.0010660433361180815,United States,0.00017273941142193167,0.0002719954030548372,0.00037125139468774284,0.0004705073863206483,0.0005697633779535538
42.6,21.9,2.9393367915610465e-05,16Uiu2HAmGsCUPwzbuWbVNRg5DBz7kG35Wy29t59MX7d4s4MJK7S3,0.0005468101843564428,Serbia,8.113504955969369e-05,0.00013287673120377692,0.00018461841284786017,0.0002363600944919434,0.0002881017761360266
42.7,23.3,0.00045162909802335484,16Uiu2HAkziZxKPAG9ooZSEWa9ts4euHRpnDzimP3gdqq3Aru5WVw,0.0005608867349452504,Bulgaria,0.0004625548617155444,0.00047348062540773393,0.0004844063890999235,0.0004953321527921131,0.0005062579164843026
42.8,-82.8,2.7188865321939684e-05,16Uiu2HAmAkQVanJdT5z1zA8S2MtvYFx6DKKz1UwtjsuvV4MXDjJn,0.0010290360915076755,United States,0.00012737358794051324,0.0002275583105590868,0.00032774303317766046,0.000427927755796234,0.0005281124784148076
42.8,-78.7,2.9393367915610465e-05,16Uiu2HAmUj4hDc6zo5KFg2eSb2JvzWNquTCXMuW6BzF6ZEg6dUVm,0.0010531246473240142,United States,0.0001317664958564508,0.00023413962379729115,0.0003365127517381316,0.00043888587967897194,0.0005412590076198123
42.8,-73.7,2.9393367915610465e-05,16Uiu2HAmB3eDRGT29Yuj8LTbSznrUDvfQHqcMzfPwxtbVs5ATau9,0.0010573924038471745,United States,0.00013219327150876684,0.00023499317510192324,0.0003377930786950797,0.0004405929822882361,0.0005433928858813925
42.8,-71.5,1.4696683957805232e-05,16Uiu2HAmARRYGNgZeD8wWRwFSvvPM1V1P5pTNSCnkB9NaZhynma5,0.001067190687145041,United States,0.00011994608427652877,0.0002251954845952523,0.00033044488491397597,0.0004356942852326996,0.000540943685551423
42.8,-71.1,2.9393367915610465e-05,16Uiu2HAmNCPvnPqkVmpiRmcaVfQG8USs79gEduGg7T3m4zrvfmvD,0.0010664030267073157,United States,0.00013309433379478096,0.00023679529967395146,0.00034049626555312205,0.00044419723143229256,0.0005478981973114631
42.9,-88.1,0.0005570043220008183,16Uiu2HAmAWSppkKBwtet6FxxJ2siHYdNpz1SQTzJK46hphZuvmT1,0.0009917021934643354,United States,0.00060047410914717,0.0006439438962935217,0.0006874136834398735,0.0007308834705862251,0.0007743532577325768
42.9,-85.6,4.40900518734157e-05,16Uiu2HAmQzCoqA2agzLYK7KNYXbedGiSyct8rnvpimVN4ebQ5Ht1,0.0010142939712578078,United States,0.0001411104438118549,0.00023813083575029408,0.0003351512276887333,0.00043217161962717256,0.0005291920115656117
42.9,-79.2,1.9840523343037065e-05,16Uiu2HAmLJGh8w8Ja4v84ScDmCmHaVopVkTWZcp4ND6gyJ4Xxwqn,0.001050902814494031,Canada,0.00012294675245813646,0.00022605298157323583,0.0003291592106883353,0.0004322654398034347,0.000535371668918534
42.9,-77.3,1.4696683957805232e-05,16Uiu2HAmQS49RRWrx6vQWURVMEp3EivrWcLcFRRYMPqCiGMGtphu,0.0010595382733602236,United States,0.00011918084289804705,0.00022366500183828886,0.0003281491607785308,0.00043263331971877265,0.0005371174786590144
42.9,-73.2,1.4696683957805232e-05,16Uiu2HAmJmB5DmAhkjvevYNXaAX9iQuYMSkoDHMeZHXHv3Fa9L7E,0.0010582735802444566,United States,0.00011905437358647034,0.00022341206321513547,0.0003277697528438007,0.0004321274424724658,0.0005364851321011309
42.9,-2.7,1.4696683957805232e-05,16Uiu2HAmNAdTWGXaCzBrBkCbdHm4Bu5L4d5ayvVtiXYFqKAsp35B,0.00045026083974617463,Spain,5.8253099536642166e-05,0.0001018095151154791,0.00014536593069431608,0.000188922346273153,0.00023247876185198993
43.0,-111.0,1.4108816599493023e-05,16Uiu2HAmTs1TWfoEtNjSt5hyXUgvrZxMzH2ueAkq8BkU7LgnDHJL,0.0008017913594014549,United States,9.287707087968919e-05,0.00017164532515988537,0.00025041357944008164,0.0003291818337202778,0.00040795008800047396
43.0,-89.5,0.000218980590971298,16Uiu2HAmTmgzmzV2bu539orwDqw9c99HB6tAdgr5UZD589aZ1BnN,0.0009600474721638326,United States,0.00029308727909055143,0.0003671939672098049,0.00044130065532905843,0.0005154073434483118,0.0005895140315675653
43.0,-84.2,1.4696683957805232e-05,16Uiu2HAm5Pwh3LWFV3xqyJwnB3HGc6S7vDgddNrR5y9sMmCp2amr,0.0010180310907153412,United States,0.0001150301246335588,0.00021536356530931237,0.00031569700598506605,0.00041603044666081967,0.0005163638873365732
43.0,-81.2,0.000129183851989108,16Uiu2HAmA8SqfxJW376JfjUeQhiCCTGJt17kx8ZKuVJ1aHtWzrYR,0.0010337464340721637,Canada,0.00021964011019741356,0.0003100963684057191,0.00040055262661402476,0.0004910088848223303,0.0005814651430306359
43.0,-78.8,8.685740219062893e-05,16Uiu2HAmKgmoEGyW3zsv6PrxkAJa7q7xumTS8JNE8d3tsmAKkE7j,0.001052635511267335,United States,0.00018343521309829953,0.00028001302400597014,0.0003765908349136408,0.0004731686458213114,0.000569746456728982
43.0,-71.5,8.81801037468314e-05,16Uiu2HAmRKEtgAZcZcFjiR3parcN3ofJ2bUvps2w7xwfwSw9BH9X,0.0010663053569995844,United States,0.0001859926290721067,0.00028380515439738196,0.00038161767972265734,0.0004794302050479326,0.0005772427303732079
43.1,-88.4,1.2786115043290553e-05,16Uiu2HAmNf1F48JCRQf9zpepSjjBgExB6Wc4y7MpYo1EkKfB3HVb,0.0009728602747867583,United States,0.0001087935310176373,0.00020480094699198406,0.00030080836296633094,0.00039681577894067765,0.0004928231949150244
43.1,-85.5,1.4696683957805232e-05,16Uiu2HAmPLaosogrvYnNAaMs6UWmkftMHW8L5Qe6USsho5mrKzTs,0.001001856716718301,United States,0.00011341268723385479,0.00021212869050990437,0.000310844693785954,0.0004095606970620036,0.0005082767003380531
43.1,-80.3,4.291431715679128e-05,16Uiu2HAkyUnGdUFMqv6E8LKcz9YtXfC12Z5D5JGCkSSiaSjBCeJv,0.0010418452824668932,Canada,0.00014280741368780147,0.00024270051021881163,0.0003425936067498219,0.0004424867032808321,0.0005423797998118422
43.1,-75.7,9.40587773299535e-06,16Uiu2HAmKKNZrVV56ChUZ9DkgmMrRhdq9yUMmyyrDFVZky6TjSGN,0.0010562129060719112,United States,0.00011408658056688692,0.00021876728340077849,0.00032344798623467014,0.0004281286890685617,0.0005328093919024533
43.1,-75.2,1.4696683957805232e-05,16Uiu2HAkw8NoiDaapJbBZwCgtRe6vYKpLwjMqipBkxqyRxY3f6xN,0.0010565956670299693,United States,0.00011888658226502161,0.00022307648057223799,0.0003272663788794545,0.0004314562771866709,0.0005356461754938872
43.1,-73.8,8.81801037468314e-05,16Uiu2HAmBQ6vXiPkUTTVZz5AXVwrkQucK1JUjQmRoQusFxU189Uk,0.0010561005202907661,United States,0.00018497214540122485,0.0002817641870556183,0.00037855622871001187,0.0004753482703644053,0.0005721403120187988
43.1,-70.8,2.9393367915610465e-05,16Uiu2HAm39wjyx1nnMbJAYuxfGSELRvjRfKqz1Cu3714nE1Naviw,0.001066440152794813,United States,0.00013309804640353068,0.00023680272489145092,0.00034050740337937123,0.00044421208186729146,0.0005479167603552117
43.1,-2.3,1.4696683957805232e-05,16Uiu2HAm7h7q2cnGi64RjE2ipSgaThcqzTy3KNfYfsoscE7n9czQ,0.00044516910697012393,Spain,5.774392625903709e-05,0.00010079116856026895,0.00014383841086150086,0.00018688565316273272,0.00022993289546396458
43.1,2.2,1.454971711822718e-05,16Uiu2HAkywP4DgoscFowAmDSJvqyJumnVJ48QdFC7ro6BmsBnZDX,0.0004249221277030171,France,5.5586958176706164e-05,9.662419923518514e-05,0.00013766144029366418,0.00017869868135214317,0.00021973592241062215
43.1,6.1,4.159161560058881e-05,16Uiu2HAmDeRuSYUEE6fh8ZTFWMffboyehn4BaaKsHNnreVAZzWXp,0.00042395300574759904,France,7.982775461528983e-05,0.00011806389362999084,0.00015630003264469189,0.00019453617165939293,0.0002327723106740939
43.2,-93.2,1.3520949241180814e-05,16Uiu2HAmL533LnmcGq1wEuSrezkNLdNG8iTFfVSS42ZgqCWgjBMz,0.000931278412193134,United States,0.00010529669553637611,0.00019707244183157142,0.00028884818812676685,0.00038062393442196213,0.0004723996807171574
43.2,-80.0,7.230768507240174e-05,16Uiu2HAmExCCmUEXsiEBZYii3kVAHZ2fpHesonoWcaFrMU8p4ATy,0.0010463193286163678,Canada,0.00016970884942679834,0.0002671100137811949,0.0003645111781355916,0.00046191234248998817,0.0005593135068443848
43.2,-77.7,4.291431715679128e-05,16Uiu2HAm9xTmVihuPiGHv2VzaGVkYXF8h7s2gQuxTpmp9vofqE46,0.0010589245181917885,United States,0.000144515337260291,0.0002461163573637907,0.0003477173774672905,0.0004493183975707902,0.0005509194176742899
43.2,-2.9,2.9393367915610465e-05,16Uiu2HAm6DYZmGNquG58ayjYKnNrCuCEHjq6GRtmUhZ1bSLyv7QZ,0.00044778615129168587,Spain,7.1232646253218e-05,0.00011307192459082553,0.0001549112029284331,0.00019675048126604062,0.00023858975960364817
43.2,27.9,1.2786115043290553e-05,16Uiu2HAm36StQiFYxEpYsGCCQ92dvuxiU5FxcS8FhroMn11goTCp,0.0006121637945759821,Bulgaria,7.27238829965597e-05,0.00013266165094982885,0.00019259941890309806,0.0002525371868563672,0.00031247495480963633
43.3,-88.7,8.81801037468314e-05,16Uiu2HAkzCiHuLzZooHGkjcH4Pt4CauHWAMs4WjcXxCCFxyZgvFM,0.0009628802307623562,United States,0.00017565011644838385,0.00026312012914993634,0.0003505901418514889,0.0004380601545530413,0.0005255301672545938
43.3,-72.6,7.098498351619928e-05,16Uiu2HAmVotzpkLpAZQm7VJuudRAZx3BLLEqwj6djVxpbXBLG3yo,0.0010586305233854121,United States,0.00016974953750312053,0.0002685140914900418,0.00036727864547696313,0.0004660431994638844,0.0005648077534508057
43.3,-4.0,1.4696683957805232e-05,16Uiu2HAm64UV2a5pEwfTSUPzdoqcSkbzGtyMPr42mb1egErSeUBU,0.0004494292033371729,Spain,5.8169935895741986e-05,0.00010164318783367875,0.00014511643977161554,0.00018858969170955231,0.00023206294364748906
43.3,-0.4,5.878673583122093e-05,16Uiu2HAmEv6LPHcrczBtTjdPQsR6Y2UbTkYqnmoLJwpVWcghJafj,0.00043400949004945556,France,9.630901125304438e-05,0.00013383128667486784,0.00017135356209669133,0.0002088758375185148,0.00024639811294033823
43.3,5.4,4.40900518734157e-05,16Uiu2HAmN6UL8z5aXbz14Ev21B39xskokUpSSDcJW7NUS9CNje63,0.00041651322086852337,France,8.133236877292646e-05,0.00011857468567243721,0.00015581700257194801,0.00019305931947145876,0.00023030163637096954
43.4,-80.5,2.9393367915610465e-05,16Uiu2HAm6CBz8UUJJ6MtV7YvuqDDyoxmUZwsj7w63T1sSFwveiip,0.0010334667089712888,Canada,0.0001298007020211783,0.0002302080361267461,0.000330615370232314,0.00043102270433788184,0.0005314300384434496
43.4,-3.2,4.40900518734157e-05,16Uiu2HAmAN6erdMDAVhYuuFhNQ8zA2SSXGM265N1PPKRbESfhVJn,0.0004449931807484135,Spain,8.418036476091548e-05,0.00012427067764841525,0.00016436099053591507,0.0002044513034234148,0.0002445416163109146
43.5,-116.6,1.4696683957805232e-05,16Uiu2HAm191wWvqfnc93gmWYKMYGq1texDVrt5qFKZix5Sx3PErH,0.0008489054898650652,United States,9.811756454853121e-05,0.00018153844513925718,0.00026495932572998324,0.0003483802063207093,0.00043180108691143524
43.5,-96.7,2.9393367915610465e-05,16Uiu2HAmFJFfHydN5kDFQvnrbKfRGjKJxVWsFgcQLRmHDYcBoye4,0.0009305217536013802,United States,0.0001195062064841874,0.00020961904505276436,0.00029973188362134143,0.00038984472218991836,0.00047995756075849534
43.5,-79.9,0.00017900561060606773,16Uiu2HAm4SGAyDgatKDRUzKptwmhsZA5nMtxkTr39RFjsKqCAxSE,0.001039935792458581,Canada,0.00026509862879131905,0.00035119164697657035,0.0004372846651618218,0.000523377683347073,0.0006094707015323244
43.5,-8.2,4.3061283996369336e-05,16Uiu2HAmLKaisvGnnLzm7ppkkvQm4HnHWJPUMoJpA41KnCGfRNFe,0.00047404054220558166,Spain,8.615920981729056e-05,0.0001292571356382118,0.00017235506145913304,0.00021545298728005427,0.0002585509131009755
43.5,-5.7,1.4696683957805232e-05,16Uiu2HAmVM1VRpoqDuRrhPRrx48chiX2kSMA15gDb1eDJeS2ZkRY,0.0004552892158348432,Spain,5.8755937145509024e-05,0.00010281519033321281,0.00014687444352091665,0.00019093369670862044,0.00023499294989632423
43.5,11.0,5.349592960641105e-05,16Uiu2HAm8sdYdAxmwwCaGgTWikrYHTi3kGx8N3wE5p3YPoXQ2qWr,0.00043293481020860057,Italy,9.143981766662999e-05,0.00012938370572684893,0.00016732759378706793,0.00020527148184728688,0.0002432153699075058
43.5,11.9,4.070981456312049e-05,16Uiu2HAmLboWP7uz1xsQcu2zJcevnVf7Ddnq9gaEqMkgBX6vnRgF,0.0004356328844843944,Italy,8.020212155524788e-05,0.00011969442854737526,0.0001591867355395027,0.00019867904253163005,0.00023817134952375745
43.5,16.4,1.4696683957805232e-05,16Uiu2HAm643duSxktAuSuRJc2HtW7ympK1oxRo21wh7VZhGZvrTN,0.00046910050265817357,Croatia,6.013706582784205e-05,0.00010557744769787887,0.00015101782956791575,0.00019645821143795256,0.0002418985933079894
43.6,-116.3,4.40900518734157e-05,16Uiu2HAmHy7YrAyfyATm1QNg8tNMn4ZbLdSFWjajnXqbor9YZ4tX,0.0008417408832772189,United States,0.00012385513501379601,0.00020362021815417632,0.00028338530129455667,0.000363150384434937,0.00044291546757531733
43.6,-72.0,2.909943423645436e-05,16Uiu2HAmMYbNojyDb9GX9jiKHXSpJrg3c76ziB4WtPVgVfRPcGoL,0.001059724659599398,United States,0.0001321619567727487,0.00023522447930904305,0.0003382870018453375,0.00044134952438163187,0.0005444120469179262
43.6,1.4,4.2620383477635173e-05,16Uiu2HAmQSvMcL3c1NLsLxhigmzacikFkwX2AQEFiEDuX9ns37sq,0.0004213203802020209,France,8.049038315007374e-05,0.0001183603828225123,0.0001562303824949509,0.00019410038216738948,0.00023197038183982803
43.6,2.2,1.4696683957805232e-05,16Uiu2HAkxGb1nmBM42dam5eoqgVHSx6tFum6BHbbSLBuuCAY52aw,0.0004180730460508846,France,5.503432016711316e-05,9.537195637642108e-05,0.00013570959258572905,0.00017604722879503698,0.00021638486500434492
43.6,3.9,2.9393367915610465e-05,16Uiu2HAkxCeviSypQ3TokEB3QSon6hb3oahWQ7dV4wWMQ5HPHW5k,0.0004126966605173447,France,6.772369717578388e-05,0.00010605402643595729,0.00014438435569613076,0.00018271468495630416,0.00022104501421647759
43.7,-79.8,1.4696683957805232e-05,16Uiu2HAm7v3QHdSEkSQaJeQHzLtedk4GmXGRoXP8K7QL41xovUEF,0.0010393974686828341,Canada,0.00011716676243030809,0.00021963684090281098,0.00032210691937531395,0.0004245769978478168,0.0005270470763203196
43.7,-79.4,0.0018641273932080158,16Uiu2HAmBz24KMrPBBna4FwpnXfAbemEox8Rnw1ZCdmx4y8T441R,0.0010412508137822498,Canada,0.0017818397352654392,0.0016995520773228625,0.001617264419380286,0.0015349767614377093,0.0014526891034951327
43.7,-70.3,5.878673583122093e-05,16Uiu2HAmMjfx53YqTXfeiphc75JFjfoAgzuJw9gpQW8X6WK7JVCg,0.0010689833043104893,United States,0.00015980639267914774,0.0002608260495270745,0.0003618457063750014,0.00046286536322292826,0.0005638850200708551
43.7,1.8,2.9393367915610465e-05,16Uiu2HAmRfeoAfMv71VbYpzV9rZEdanAV8c7PAsjHCDZqXVwrjTr,0.0004183171292438637,France,6.828574404843578e-05,0.0001071781201812611,0.00014607049631408644,0.00018496287244691175,0.00022385524857973708
43.7,7.3,8.626953483231672e-05,16Uiu2HAmEcUQrPEUKyi9ZDST4VQqommhkFw1aT1QpahDiYLcTBwE,0.00041438476804275955,France,0.000119081058153361,0.0001518925814744053,0.0001847041047954496,0.00021751562811649387,0.00025032715143753813
43.8,-71.7,1.4696683957805232e-05,16Uiu2HAmQBxbcxFgcijgxVXddB7NayFN3Vxdwe1VQYFGQqpXoG6H,0.001060274609096844,United States,0.00011925447647170909,0.00022381226898561296,0.00032837006149951693,0.0004329278540134208,0.0005374856465273246
43.8,11.2,1.4696683957805232e-05,16Uiu2HAkwPJcnCsPgsi25yLTaXkMqFCETbSCRMpf4ghnJbEPABrf,0.0004290634782055964,Italy,5.6133363382584344e-05,9.757004280736345e-05,0.0001390067222321426,0.00018044340165692172,0.00022188008108170083
43.8,26.0,1.4696683957805232e-05,16Uiu2HAmC1eu8VACebAydRjUvnPjwbEh8qfQAqeKgzoJ1UPNrwzC,0.0005988153687465444,Bulgaria,7.310855243667913e-05,0.00013152042091555305,0.000189932289394427,0.0002483441578733009,0.0003067560263521748
43.9,-80.1,1.4696683957805232e-05,16Uiu2HAmPv3vWb1B5CJtudEXJmwyGG7UfccXKcdhngArUTvMasfw,0.001029013173904244,Canada,0.00011612833295244908,0.00021755998194709295,0.00031899163094173687,0.0004204232799363808,0.0005218549289310245
43.9,-79.1,1.763602074936628e-05,16Uiu2HAmEvyZgfgDW1fv8uX5D1txN8LDLapvat6owrDNP8JwtrJn,0.00104045942826148,Canada,0.00011991836150057763,0.00022220070225178898,0.00032448304300300044,0.0004267653837542118,0.0005290477245054231
43.9,-78.8,1.4696683957805232e-05,16Uiu2HAmLwKxrhpoz4xMWVHxH5UBvX7w9qM5z1ncVWeqGjXQecjL,0.0010426734293816089,Canada,0.00011749435850018556,0.0002202920330425659,0.00032308970758494635,0.00042588738212732675,0.000528685056669707
44.0,-96.3,1.4696683957805232e-05,16Uiu2HAmVihQXeWvZCpRkM9uHnjigmVuAKfWxjPx5VD458Ypdia6,0.0009260794709884245,United States,0.00010583496266086713,0.00019697324136392903,0.00028811152006699107,0.000379249798770053,0.00047038807747311486
44.0,-78.2,2.9393367915610465e-05,16Uiu2HAmBtEpMMsGqXxrueYGDEZCHBMkkh2cCcx1H47KWcVEAnhr,0.001041792576189117,Canada,0.00013063328874296108,0.00023187320957031171,0.00033311313039766246,0.00043435305122501306,0.0005355929720523637
44.0,20.9,1.4402750278649129e-05,16Uiu2HAm5t466PVYKTnBGvXFrY1oKHs9t8DLJaUkybbhRwRCRv7A,0.0005138766344603315,Serbia,6.435013869681736e-05,0.00011429752711498558,0.00016424491553315387,0.00021419230395132208,0.00026413969236949034
44.1,-123.1,1.4696683957805232e-05,16Uiu2HAmGpM4yKXCBX2qWnms7sVoLXSPS4BRnh1D7fMEUwBzfy4C,0.0009679228765880258,United States,0.00011001930322082726,0.0002053419224838493,0.00030066454174687145,0.0003959871610098935,0.0004913097802729155
44.1,-121.3,0.00014255783439071074,16Uiu2HAkxGFUnbxRrjHnnneyjNsmqaGnShTbu1nqE4uC8E5rLozm,0.0009206771118268225,United States,0.0002203697621343219,0.00029818168987793306,0.0003759936176215443,0.00045380554536515543,0.0005316174731087666
44.1,-103.2,4.335521767552544e-05,16Uiu2HAmEpDJjnmJ6iNKGN1bLaABvkqoSE8yt3crFfKeyWSCdh4T,0.0009016426439022135,United States,0.00012918396029819423,0.000215012702920863,0.0003008414455435319,0.0003866701881662007,0.00047249893078886944
44.1,-92.4,1.4402750278649129e-05,16Uiu2HAm6HzrnHfMZ6cnFpzqPqKfxDTR9k5sikoMM6Sa7sHcGbBg,0.0009238765937372024,United States,0.00010535013462450444,0.00019629751897035975,0.0002872449033162152,0.0003781922876620705,0.0004691396720079258
44.1,-79.5,2.9393367915610465e-05,16Uiu2HAm94z2cScWzNbuiY2LYh93T3kEzaaGvAWQVSEPc3QyBWF4,0.0010329683150587855,Canada,0.00012975086262992795,0.00023010835734424542,0.000330465852058563,0.0004308233467728805,0.000531180841487198
44.1,12.6,1.4696683957805232e-05,16Uiu2HAm315bMkf9SnC3AgYcnypVwzmp6dd2RE9fNQvV4FQME43C,0.0004324104427057433,Italy,5.646805983259903e-05,9.823943570739283e-05,0.00014001081158218666,0.00018178218745698048,0.00022355356333177427
44.2,-81.0,1.4696683957805232e-05,16Uiu2HAmDz5sPduV9BLqPzn7opABHvdpSQ1Yp2rZjUSFWwZdc6qV,0.0010205570730554925,Canada,0.00011528272286757393,0.00021586876177734262,0.0003164548006871114,0.00041704083959688017,0.0005176268785066488
44.2,-76.5,4.10037482422766e-05,16Uiu2HAmQ4LPCDSDG5h5Ey5kn85WTfJ8RiiGKJXhio1NJHUBxLzZ,0.0010565850409383264,Canada,0.00014256187751188155,0.00024412000678148652,0.0003456781360510916,0.00044723626532069656,0.0005487943945903015
44.2,17.8,1.4255783439071075e-05,16Uiu2HAm388Aas5YDpH7HFq6V7EtpoKm3cU5ybUimKm639wz1X86,0.0004720164822702477,Bosnia and Herzegovina,6.003185332218872e-05,0.00010580792320530638,0.00015158399308842408,0.0001973600629715417,0.00024313613285465937
44.2,28.6,8.626953483231672e-05,16Uiu2HAmRnBjV9PzN1v9Xe2Lhv5SVoYX92Y4wD5yYkNvXh2MfbmB,0.0006373367094153024,Romania,0.0001413762522906153,0.00019648296974891381,0.00025158968720721245,0.000306696404665511,0.00036180312212380955
44.3,-88.4,2.6013130605315262e-05,16Uiu2HAmEBotg524Bogt6KeUrpM2CMY4puP31dk4LNo5LMj7CVCE,0.0009404245994949849,United States,0.00011745427749428221,0.00020889542438324915,0.00030033657127221617,0.00039177771816118314,0.0004832188650501501
44.3,-73.3,2.9393367915610465e-05,16Uiu2HAmJjQebmBu4RooFm1VDiTQKWKfTC9DhTZRDYvpPvenUZ9v,0.0010544733654320978,United States,0.00013190136766725918,0.0002344093674189079,0.0003369173671705567,0.0004394253669222054,0.0005419333666738541
44.4,-79.7,4.364915135468154e-05,16Uiu2HAmViQdfvwxH8JjJHNiW4k2aThNTbTi4YinptrPdk2EYDtw,0.0010252743539327293,Canada,0.00014181167161248632,0.00023997419187029106,0.0003381367121280959,0.0004362992323859007,0.0005344617526437055
44.4,8.9,1.4696683957805232e-05,16Uiu2HAm3aSju8qxu4fA6dXwMvMSuG9S39nApRYgnnYDfqEbhEM1,0.00041323485650088097,Italy,5.45505012121128e-05,9.440431846642036e-05,0.00013425813572072795,0.00017411195297503554,0.0002139657702293431
44.4,26.1,0.0002238304966773737,16Uiu2HAkvEMF2JyZhacMU2AJAHD3bSHzfqtR91e5DAPwoeN61Ef4,0.0005961686302859894,Romania,0.00026106431003823524,0.00029829812339909683,0.00033553193675995847,0.00037276575012082,0.00040999956348168154
44.5,-73.2,4.40900518734157e-05,16Uiu2HAmCdTqRob7sH2Ak2TUrKs93dQ9G9enYRSZBNvBVepKWADP,0.0010570214980119487,United States,0.00014538319648726896,0.00024667634110112226,0.0003479694857149756,0.000449262630328829,0.0005505557749426822
44.5,-64.2,8.759223638851919e-05,16Uiu2HAmQvQRH6DCzYqMgRZGMuCbNqS9hsx5rur1kRKxhQGXgpYj,0.0010923858407561684,Canada,0.0001880715968252841,0.000288550957262049,0.00038903031769881404,0.0004895096781355789,0.0005899890385723439
44.6,-123.3,2.9393367915610465e-05,16Uiu2HAmVUKd4ncH2oBZ2GT19WUaxCk2mLGTm4E6bCUzjb6fafe3,0.0009681868738223885,United States,0.00012327271850628825,0.00021715206909696602,0.0003110314196876439,0.0004049107702783217,0.0004987901208689994
44.6,-63.6,8.59756011531606e-05,16Uiu2HAmMBsS7F2L1jyhfwNdXpiB5CnKFUYULBcB8N4NuqeQNwrx,0.0010952121523405633,Canada,0.00018689925627190086,0.0002878229113906411,0.00038874656650938143,0.0004896702216281217,0.0005905938767468619
44.6,22.7,4.40900518734157e-05,16Uiu2HAm3p1ZqyR6pXwr78rQvZks8rBXXH16BFVJNUjM1hcpdzAj,0.0005319773879489945,Serbia,9.287878548097357e-05,0.00014166751908853143,0.00019045625269608938,0.00023924498630364724,0.0002880337199112051
44.7,-93.4,4.40900518734157e-05,16Uiu2HAm9qcn1rkJWRwEiMhduqRgz8ganZuYn7E7iZUWmVmGjW4Y,0.0009195377943239483,United States,0.00013163482611846893,0.0002191796003635222,0.0003067243746085755,0.0003942691488536288,0.000481813923098682
44.7,-64.0,2.542526324700305e-05,16Uiu2HAmT3BXH6d84FQtUfoKyshx1EJbuEj2xb4dYLZRsMmJae3E,0.001090266020247739,Canada,0.0001319093389470766,0.00023839341464715019,0.00034487749034722387,0.0004513615660472974,0.000557845641747371
44.7,26.3,1.4696683957805232e-05,16Uiu2HAmKkX6iK5wjXiVk8JwCJSyPM7XjsUXSXmznsYzDN4hBwks,0.0005949703472502684,Romania,7.272405028705153e-05,0.00013075141661629785,0.0001887787829455442,0.0002468061492747905,0.0003048335156040368
44.8,-0.6,0.00021780485625467355,16Uiu2HAmP5ro8hmMvJksJBgx3w4wMDpFzWYj6wB4JNL5Y1nbxj4H,0.00041705841418925423,France,0.00023773021204813162,0.0002576555678415897,0.00027758092363504777,0.00029750627942850584,0.00031743163522196386
44.8,4.8,2.5278296407425e-05,16Uiu2HAmJYzpNva1WCtbqs3UgD8GKF8h49ZxksJbE6F5VarqeqEY,0.0003971461157879038,France,6.246507834547287e-05,9.965186028352074e-05,0.00013683864222156867,0.00017402542415961654,0.00021121220609766442
44.8,20.4,0.00010023138459223169,16Uiu2HAmJzzdxyDrXd5kTMcRHny7atYJQbo6WEy2iP2HfA5QCpc2,0.0005001559765748614,Serbia,0.00014022384379049464,0.00018021630298875762,0.00022020876218702064,0.0002602012213852836,0.00030019368058354653
44.9,-123.0,8.524076695527035e-05,16Uiu2HAm36n2vEZ3zauG9L5dCydLjt38pyScFnX8jPDKRbAGJMLQ,0.0009594786052262765,United States,0.00017266455078237094,0.00026008833460947154,0.0003475121184365722,0.0004349359022636728,0.0005223596860907734
44.9,-93.5,0.0004217948295890102,16Uiu2HAmKLHRT4GkYcFvz3APDPzok8TcmwpHdT7cbc87nWAXZCpX,0.0009144998121782712,United States,0.0004710653278479363,0.0005203358261068624,0.0005696063243657884,0.0006188768226247146,0.0006681473208836406
44.9,-93.1,4.335521767552544e-05,16Uiu2HAmVAvwY7kR5rQ12wZHdMj7NK1PjEbwSdZWfwTvGnWbcTtH,0.0009173353176895938,United States,0.00013075322767693227,0.00021815123767833907,0.000305549247679746,0.00039294725768115283,0.0004803452676825596
45.0,-124.0,1.4696683957805232e-05,16Uiu2HAkygDKhzFhRudAv9xTJcmjME8fqJFM2fxuCp6JWCA4fQoG,0.0009758891038609287,United States,0.00011081592594811755,0.00020693516793842987,0.0003030544099287423,0.00039917365191905466,0.0004952928939093669
45.0,16.7,2.9393367915610465e-05,16Uiu2HAmH6SWfgYALBeXwFw92NefBGVQJ4RJQyuZ58v1WEqVHAkz,0.00045154347597526284,Bosnia and Herzegovina,7.160837872157569e-05,0.00011382338952754092,0.0001560384003335062,0.0001982534111394714,0.00024046842194543665
45.0,39.0,0.00011595683642708329,16Uiu2HAmULjR76u4H7Yz16yzQV5ppE3zpMjUJsQbhMaV9ah1cWAd,0.0006979674414312428,Russia,0.0001741578969274992,0.00023235895742791516,0.00029056001792833117,0.0003487610784287471,0.000406962138929163
45.1,-93.0,8.81801037468314e-05,16Uiu2HAmMmuCjDLeNJXPpbU8eGumiH2hShKEtYsVrHpj6nf12P8A,0.0009138299880284437,United States,0.0001707450921749926,0.0002533100806031538,0.00033587506903131513,0.0004184400574594763,0.0005010050458876376
45.1,17.3,2.9393367915610465e-05,16Uiu2HAmJUuUXPK52Ur3ZeNArxzPNUbyfUy6pUiBmBbeMp6tyr8G,0.0004574601682940373,Bosnia and Herzegovina,7.220004795345313e-05,0.00011500672799129582,0.00015781340802913855,0.0002006200880669812,0.0002434267681048239
45.2,9.2,1.4696683957805232e-05,16Uiu2HAkyNspQ2u6YikvxHmr5bUNaHhLWHrdj1o9uWk7WzV2kY4f,0.0004055516727383336,Italy,5.378218283585806e-05,9.286768171391088e-05,0.00013195318059196378,0.00017103867947001659,0.00021012417834806942
45.3,-75.7,0.0001322701556202471,16Uiu2HAmAuC97CF51JD9JEzBUHy9F7ZNHuPFfbwXNLJzacsj4wx4,0.0010460343410103675,Canada,0.00022364657415925912,0.0003150229926982711,0.0004063994112372832,0.0004977758297762952,0.0005891522483153072
45.3,-73.9,0.008627982251108716,16Uiu2HAkxjH545b6PWC2rhGgMiPA3Zv9kNXnZvkpMv6hg8ft1jgN,0.0010604232176389518,Canada,0.00787122634776174,0.007114470444414764,0.0063577145410677865,0.005600958637720811,0.004844202734373834
45.3,-73.3,4.40900518734157e-05,16Uiu2HAm1FAtp5UuzpAqNAjQzoLzipu5PwL2VdWSbagf2p7WesjZ,0.0010563814036038304,Canada,0.00014531918704645714,0.0002465483222194986,0.00034777745739254014,0.0004490065925655816,0.000550235727738623
45.4,-122.8,0.0057186266948215944,16Uiu2HAmS15wNCPwNbkxJWwqs5bfGqJ5oGRvU2kZFgNa92W1S3HM,0.0009515164708000208,United States,0.005241915672419438,0.00476520465001728,0.004288493627615122,0.003811782605212965,0.0033350715828108076
45.4,12.3,1.4696683957805232e-05,16Uiu2HAmHfn9oaLaMS4jGqx7EkiYua9B1AShCLCP5uLpVjrZc7gy,0.0004169469672064793,Italy,5.4921712282672634e-05,9.514674060754003e-05,0.00013537176893240745,0.00017559679725727488,0.00021582182558214227
45.5,-122.4,4.232644979847907e-05,16Uiu2HAky29F54wxb8Mcx2U53AVfaKMGWWNUrTcotXEeGuFCjJTh,0.0009459905451219208,United States,0.0001326928593308232,0.00022305926886316736,0.00031342567839551163,0.00040379208792785574,0.0004941584974602
45.5,-98.5,2.9393367915610465e-05,16Uiu2HAmD9yvko3dEHskyWjpGwyiksfMagdXmYFLzbVesJj4F1bU,0.0009085599936888707,United States,0.00011731003049293646,0.00020522669307026248,0.0002931433556475886,0.0003810600182249146,0.0004689766808022406
45.5,-75.7,1.4696683957805232e-05,16Uiu2HAm77RLDE1pcodrYV5fZBCTjDiau1U9TNagBnLy58rGnevd,0.001046220781821858,Canada,0.00011784909374421048,0.00022100150353061572,0.00032415391331702106,0.00042730632310342636,0.0005304587328898315
45.5,-73.6,0.01195251912920384,16Uiu2HAmHqTiRdr2mnLQBbFHyRDPoBZ2UtQH4HpivGFLmNZvdMs4,0.0010609563277931536,Canada,0.010863362849062773,0.009774206568921704,0.008685050288780635,0.007595894008639565,0.006506737728498497
45.5,-73.3,8.81801037468314e-05,16Uiu2HAmBFKBR2RyFpbNQw8ZUo4JX3hZewmCung8Pr1hf3MvuvaL,0.0010589729664592898,Canada,0.0001852593900180772,0.000282338676289323,0.00037941796256056896,0.0004764972488318148,0.0005735765351030606
45.5,9.1,0.00023514694332488372,16Uiu2HAkuibTRePPgX9STQ5W3kS5svVLV6xCB8f9YbM981ha7TVg,0.00040162509648350014,Italy,0.00025179475864074534,0.000268442573956607,0.00028509038927246864,0.0003017382045883303,0.00031838601990419194
45.5,11.6,2.8658533717720205e-05,16Uiu2HAmRJdygekbTZMzXCS4F3XL1hvFHPXufQpxosaSLV5iZgXG,0.00041312015034860005,Italy,6.710469538080818e-05,0.00010555085704389616,0.0001439970187069842,0.00018244318037007216,0.00022088934203316014
45.6,-122.7,2.9393367915610465e-05,16Uiu2HAmDFWXQYBFh8Tm3QGvgvvYSdXuq7ryUW5q3Qdb7nBugKZE,0.0009495146844385666,United States,0.00012140549956790605,0.00021341763122020166,0.00030542976287249734,0.00039744189452479295,0.0004894540261770886
45.6,-121.2,0.00047764222862867005,16Uiu2HAmHxLqLWqGQVBmrCu3xjTvaWX9rTwNpmapXKT4KV5p76zB,0.0009172698729881523,United States,0.0005216049930646182,0.0005655677575005665,0.0006095305219365147,0.000653493286372463,0.0006974560508084112
45.6,-75.3,1.4696683957805232e-05,16Uiu2HAmKnsP3AP8WTe4Gjn1sSqny2WVHn8VuLodvRxywLes5zse,0.0010464698193133081,Canada,0.0001178739974933555,0.00022105131102890575,0.0003242286245644561,0.0004274059381000064,0.0005305832516355566
45.6,-73.9,1.26391482037125e-05,16Uiu2HAmASsFTtvpYYbXsiTeYMLYNZqwzoSKzYHwNJL8EfVh9sDb,0.0010605538552596458,Canada,0.0001174306189093058,0.0002222220896148991,0.0003270135603204925,0.00043180503102608584,0.0005365965017316792
45.6,9.6,0.00010434645610041715,16Uiu2HAm4ZDT6xVZieMpXjWFoPjvpw7fsC67a7yxEu22DtzR8Q85,0.0004011424598895134,Italy,0.00013402605647932678,0.0001637056568582364,0.00019338525723714605,0.00022306485761605568,0.00025274445799496525
45.7,-111.0,4.335521767552544e-05,16Uiu2HAm9XbL6xDwTtBzHY19SxEHoHrWnZfkvGppw5oBxjBVf1dB,0.0007663450020287915,United States,0.00011565419611085203,0.0001879531745461786,0.00026025215298150527,0.0003325511314168319,0.00040485010985215846
45.7,-74.3,1.4696683957805232e-05,16Uiu2HAmT4uyqKftAJF8v7SJjecJoD9TyTwYxsFtmHfu7gydQnHx,0.00105760694564168,Canada,0.00011898771012619268,0.00022327873629458014,0.0003275697624629677,0.00043186078863135515,0.0005361518147997426
45.7,4.8,1.4696683957805232e-05,16Uiu2HAm8xEcpMKaNpoRSghviuJ3qsvWpmiBHxWi4m5pmotQZtQU,0.00038891107324400686,France,5.211812288642539e-05,8.953956181504555e-05,0.00012696100074366574,0.00016438243967228588,0.00020180387860090605
45.7,12.2,1.4696683957805232e-05,16Uiu2HAmPRE5rmS68629yy2DEv3USoGc3inGd6rAUtzXyE2z8hrB,0.00041296350449214806,Italy,5.452336601123951e-05,9.435004806467379e-05,0.0001341767301181081,0.00017400341217154236,0.00021383009422497665
45.7,19.0,5.878673583122093e-05,16Uiu2HAmCecYPiAMJwsxuxxGRx1KH6mjGKeeeDvJ1yaCsdS96YEv,0.0004697591246499317,Serbia,9.9883974713092e-05,0.00014098121359496307,0.00018207845247683417,0.00022317569135870525,0.0002642729302405763
45.8,-119.7,0.013850742829193964,16Uiu2HAkxy6J5AmKDwgCxLTf2zN7bgDnMHGMrFJTTiAu4qjvTTBM,0.0009283535091193511,United States,0.012558503897186503,0.011266264965179042,0.009974026033171579,0.008681787101164119,0.0073895481691566576
45.8,-74.0,2.9393367915610465e-05,16Uiu2HAm7weuGCVaFfKbT9yXWj1AAHputTMxKcpfvYxAv8BJVwBP,0.0010606112425310614,Canada,0.00013251515537715552,0.0002356369428387006,0.00033875873030024577,0.0004418805177617908,0.0005450023052233359
45.8,-73.4,1.4696683957805232e-05,16Uiu2HAmByaR5c48wTaeBXd77VpeDPBPkyavBcWkTcL3tWyhvT2m,0.0010615316386028118,Canada,0.00011938017942230586,0.00022406367488680647,0.0003287471703513072,0.0004334306658158079,0.0005381141612803085
45.8,3.1,1.4696683957805232e-05,16Uiu2HAm5JuoCAehpJAaKjSQ16D8K6y84k1vjhBxCPMWorXWceys,0.0003880817282989928,France,5.203518839192398e-05,8.937369282604274e-05,0.0001267121972601615,0.00016405070169428027,0.00020138920612839902
45.8,14.4,1.4696683957805232e-05,16Uiu2HAmGLXV9BcdrUYUYS4HWZs5tzsCwiGH5tRghVcrQSvuyE8H,0.00042236388259243494,Slovenia,5.5463403821268194e-05,9.623012368473115e-05,0.00013699684354819415,0.00017776356341165712,0.0002185302832751201
45.8,16.0,6.672294516843576e-05,16Uiu2HAm6xzJKP57XvnEuCSmi7w5WDjaK9swdSuHWEjuFstRKJrB,0.0004378182866641364,Croatia,0.00010383247931800582,0.00014094201346757587,0.000178051547617146,0.00021516108176671605,0.0002522706159162861
45.8,24.2,2.9393367915610465e-05,16Uiu2HAmKMRBet8WAAGqP2QopP8fxcYxaJ3YjJkRMAjc2PbSMUss,0.0005433635089584559,Romania,8.0790382019895e-05,0.00013218739612417955,0.00018358441022846414,0.00023498142433274867,0.0002863784384370332
45.9,-122.7,2.9393367915610465e-05,16Uiu2HAkutVV8Fin7ySrM3xHVF3HWoYef61T7RYccPhdprXMaHAR,0.0009485680931042283,United States,0.00012131084043447222,0.000213228312953334,0.00030514578547219585,0.0003970632579910576,0.0004889807305099193
45.9,6.1,7.348341978902616e-05,16Uiu2HAm78u7ehRzxsrv7Z5efx92c7ySBzvFQYT4U2BMyXPPEfdy,0.0003839913056156016,France,0.00010453420837168369,0.00013558499695434122,0.0001666357855369988,0.00019768657411965633,0.0002287373627023139
45.9,15.0,1.4696683957805232e-05,16Uiu2HAmTS4uqP5stjWTcjW29h7PTwhUnCF5fErKgfkAxwYm49LU,0.0004275796449224577,Slovenia,5.598498005427047e-05,9.72732761507357e-05,0.00013856157224720098,0.00017984986834366622,0.00022113816444013147
46.0,4.7,1.4696683957805232e-05,16Uiu2HAm7VSuoAxsYg3RwxJLexYQ5yfAGf9EJE5ESXkx4hotPfhv,0.00038584910090996963,France,5.181192565302166e-05,8.89271673482381e-05,0.00012604240904345455,0.000163157650738671,0.00020027289243388743
46.0,8.9,0.00012977171934742021,16Uiu2HAmQsopxb8d6kiegeqYn6WPnVfBUCpnoaki4jXkvXMeQsXp,0.00039270354140847117,Switzerland,0.0001560649015535253,0.0001823580837596304,0.0002086512659657355,0.00023494444817184063,0.0002612376303779457
46.1,-118.3,0.00013432769137433983,16Uiu2HAm8VrM8pNa4okKSpLhTpACDuHAzrAtHFFEgMTRT49uRYJ9,0.0008782034831553424,United States,0.0002087152705524401,0.0002831028497305403,0.0003574904289086406,0.00043187800808674087,0.0005062655872648411
46.1,11.1,1.3373982401602762e-05,16Uiu2HAkysnpNDcj2iH6EAZyjYHGvWdw9pD1CixV4wgwjqATHHmn,0.00040172811900132866,Italy,5.220939606157534e-05,9.104480972154793e-05,0.00012988022338152055,0.00016871563704149312,0.00020755105070146572
46.1,14.4,0.0002757097910484262,16Uiu2HAmFFYUSeujSSKTWYkKdWfgyawjdC4Vfba6yYeiGdYL4yRs,0.0004191122709486864,Slovenia,0.00029005003903845224,0.0003043902870284782,0.00031873053501850425,0.0003330707830085303,0.0003474110309985563
46.1,19.7,2.9393367915610465e-05,16Uiu2HAm6Xa7qrguEz9ydph8qwYGGcqBgXfciJKtGie68jXYCtSC,0.0004775795956055125,Serbia,7.421199068460065e-05,0.00011903061345359085,0.00016384923622258108,0.00020866785899157129,0.0002534864817605615
46.2,-123.9,1.4696683957805232e-05,16Uiu2HAmUxCbZVy1a7nhqCDX8u5nDSK4mHe6b57s9UseoJLNKn27,0.0009667757439586482,United States,0.0001099045899578895,0.00020511249595797377,0.00030032040195805817,0.00039552830795814247,0.0004907362139582267
46.2,-119.1,1.4696683957805232e-05,16Uiu2HAmJb9B5Jv52nKWC3mXtEp3dKy3bdpEDnDCpY9CdnHLEbjn,0.0009004951367536096,United States,0.00010327652923738565,0.00019185637451696607,0.0002804362197965466,0.000369016065076127,0.0004575959103557074
46.2,-95.9,1.4696683957805232e-05,16Uiu2HAmTF9eubeMKs4Yv8jRxKNtExcB2AMhRqHcjyWyZ1JmHxoB,0.0009023897690063572,United States,0.00010346599246266041,0.00019223530096751558,0.00028100460947237085,0.000369773917977226,0.0004585432264820812
46.2,-91.3,2.9393367915610465e-05,16Uiu2HAmGRsE7yyWHMgvLU3QhYiaxRKQHaNEdNe4M7ca5VRAWouJ,0.0009042992575079361,United States,0.000116883956874843,0.00020437454583407556,0.0002918651347933082,0.00037935572375254076,0.0004668463127117733
46.2,-1.2,2.9393367915610465e-05,16Uiu2HAm65CPMtwH1jsdbNMZw28xWBjLoX4FRePzenJUU1AbbZkV,0.0004065815321315705,France,6.711218433720646e-05,0.00010483100075880246,0.0001425498171803985,0.0001802686336019945,0.0002179874500235905
46.2,6.1,2.9393367915610465e-05,16Uiu2HAmStpQEtFppBbZZKmiGruQwrFf5AkNmHZkA2EaQtLqY62k,0.00038327110972333233,Switzerland,6.478114209638265e-05,0.00010016891627715482,0.00013555669045792705,0.00017094446463869923,0.0002063322388194714
46.2,7.3,2.9393367915610465e-05,16Uiu2HAm9xAkzvemc3HjwnWaF1qAmMWSs9NiRZnGhWS1KJQ6gXt1,0.0003872572624083434,Switzerland,6.517975736488375e-05,0.00010096614681415703,0.00013675253626343036,0.00017253892571270364,0.00020832531516197693
46.2,15.3,0.00010258285402548053,16Uiu2HAmLhwWcx923STWoZygPtFrtxhvTBmsGdH6aVTJN4DFw25E,0.0004262763600932007,Slovenia,0.00013495220463225253,0.00016732155523902455,0.0001996909058457966,0.00023206025645256862,0.0002644296070593406
46.3,18.5,2.7776732680251888e-05,16Uiu2HAmAYLcKQ2pkcjoRpuqnW1jViNRjFKdUNF1XbVeMkYyh1Nw,0.00045983062393479304,Hungary,7.098212180570599e-05,0.0001141875109311601,0.00015739290005661424,0.00020059828918206837,0.00024380367830752247
46.4,-117.0,1.4696683957805232e-05,16Uiu2HAmCPYeea7spsQmGySoMWNb9CJuwV9S3f33772xLAFcjacL,0.0008598103095190488,United States,9.920804651392957e-05,0.00018371940907005392,0.0002682307716261783,0.0003527421341823027,0.000437253496738427
46.5,6.6,0.00018973418989526555,16Uiu2HAm1Feeges3VuYuNmSzi66V9p7i2tzK6AjsqXAVVTt8bPLQ,0.00038201079313760844,Switzerland,0.00020896185021949986,0.0002281895105437341,0.0002474171708679684,0.00026664483119220276,0.000285872491516437
46.5,30.7,2.9393367915610465e-05,16Uiu2HAmDwKgsH9LDkpTvbYxpjvQqdu7LrMhPDGywwn1AKJKQM4K,0.0006401568011948481,Ukraine,9.04697112435342e-05,0.00015154605457145796,0.00021262239789938178,0.0002736987412273055,0.0003347750845552293
46.6,14.3,0.0001550500157548452,16Uiu2HAmCPuCZZ2QCEJDFVV2Bouqi7iB5r1H6ajqD1YYhAXfR2fS,0.00041353901336920276,Austria,0.00018089891551628095,0.00020674781527771672,0.00023259671503915246,0.0002584456148005882,0.000284294514562024
46.6,26.9,1.4108816599493023e-05,16Uiu2HAm9yTMcY5A8xEfVfmGw9AfZos7DnREtJ6E1KPibmvfu1qc,0.0005832904528306248,Romania,7.102698022260618e-05,0.00012794514384571935,0.00018486330746883258,0.00024178147109194572,0.00029869963471505887
46.7,7.9,7.260161875155786e-05,16Uiu2HAm6yabxbrv6BNGx1uNPJejJ4zxa7o2qa7TxeBj5wtEPUzS,0.00038442782001588176,Switzerland,0.00010378423887799025,0.00013496685900442264,0.00016614947913085504,0.00019733209925728743,0.0002285147193837198
46.8,-71.2,4.203251611932297e-05,16Uiu2HAm4NL9PqB9bcYt6Cq7E5baAk2V5cCvfgpa2UCc2pNTJCBw,0.0010652230146865982,Canada,0.00014435156597605045,0.00024667061583277794,0.0003489896656895056,0.0004513087155462331,0.0005536277654029606
46.8,9.5,1.4696683957805232e-05,16Uiu2HAmDPJN4QB2qMqBLY9ntsEJskPpqnkBMv7ZU4LYV2v4VLMc,0.0003902965552846426,Switzerland,5.225667109048896e-05,8.981665822317269e-05,0.00012737664535585646,0.0001649366324885402,0.0002024966196212239
46.8,11.7,0.00019105689145146803,16Uiu2HAmJYqvU1Q3Dgx9ee2hC3PfyWZa4LzFUr2ZFaB5EChRgjpE,0.00039926348365502387,Italy,0.00021187755067182362,0.0002326982098921792,0.00025351886911253476,0.00027433952833289037,0.000295160187553246
46.8,23.6,3.8211378290293605e-05,16Uiu2HAkwDiedgYiXnow7N9EmARRntypbBrp6bPiYoAgoUDnoeCt,0.0005286239851818157,Romania,8.72526389794458e-05,0.00013629389966859798,0.00018533516035775023,0.00023437642104690246,0.00028341768173605465
46.8,40.3,1.3667916080758868e-05,16Uiu2HAmQwtawiueoi2ncGrYhcZMWqpgzoGoyZ2sbaHXMjQWYVkk,0.0007282387519233772,Russia,8.512499966502068e-05,0.0001565820832492825,0.00022803916683354438,0.0002994962504178062,0.000370953334002068
46.9,-96.8,2.9393367915610465e-05,16Uiu2HAm6jkSvHAdpvNN8rsNG5xQHTkoBdsA9t3hw325AZ9LYRaL,0.0008933766141005508,United States,0.00011579169253410449,0.0002021900171525985,0.0002885883417710926,0.0003749866663895866,0.0004613849910080806
46.9,6.8,4.40900518734157e-05,16Uiu2HAmPKp9n397b6pJ57xykxD9XUHyKsqyyj7xiQPQxH4JtC5A,0.0003830217028702237,Switzerland,7.79832169730965e-05,0.00011187638207277729,0.0001457695471724581,0.0001796627122721389,0.0002135558773718197
46.9,7.4,0.0002185396904525638,16Uiu2HAmJkbg7PZifxSmQdcYLmVc6yFchGtfe2emC7a49yDUgtKb,0.0003825346580556427,Switzerland,0.00023493918721287168,0.00025133868397317956,0.0002677381807334875,0.0002841376774937954,0.00030053717425410325
47.0,-122.9,1.2198247684978343e-05,16Uiu2HAm9bonVk42mCH7biy5475jB5oU5SkY2eQ5r3kSgRGK12td,0.0009450996038736043,United States,0.00010548838330384091,0.00019877851892270349,0.00029206865454156617,0.0003853587901604287,0.0004786489257792913
47.0,-120.5,5.878673583122093e-05,16Uiu2HAkxbTcqkffAQwPdnsVTDCfepWxWcGSemXY7TMnbBWn8yYc,0.0008994540080307182,United States,0.00014285346305117062,0.00022692019027112034,0.00031098691749107017,0.00039505364471101984,0.00047912037193096956
47.0,8.3,6.878048092252849e-05,16Uiu2HAmVFdhiUCk4gBsMH9wt9gWgcH2KouFQpcuLWVZLb5MLhcL,0.00038423192305486997,Switzerland,0.00010032562513576263,0.00013187076934899675,0.00016341591356223094,0.00019496105777546508,0.00022650620198869922
47.0,28.9,9.582237940489012e-05,16Uiu2HAkvtuTHbw3zZ6GLTkRpsUEu1uT2dQgQREnnHjeCViUbp48,0.0006014201069952889,Moldova,0.00014638215216392997,0.00019694192492296985,0.0002475016976820098,0.00029806147044104963,0.00034862124320008954
47.1,-122.3,0.000137707928684635,16Uiu2HAm1ADa1HFXP1suJkJaD4M9Y7eTRt2Fb66F7x6S63W8qGLw,0.0009307878382559774,United States,0.00021701591964176924,0.0002963239105989035,0.0003756319015560378,0.000454939892513172,0.0005342478834703062
47.1,7.2,8.450593275738009e-05,16Uiu2HAkxSQduVAubwNL5fPxcQ4LLC7gnXqfEtV8MtYkAhnhzwmb,0.0003807760167751088,Switzerland,0.00011413294115915296,0.0001437599495609258,0.00017338695796269873,0.0002030139663644716,0.00023264097476624444
47.1,8.0,0.000188117554659907,16Uiu2HAkxJGN1kjtaNPyPCjSPoS5G5aD5ciCx3KiAM6ykuTxJTnM,0.0003805367474178372,Switzerland,0.00020735947393570002,0.00022660139321149304,0.0002458433124872861,0.0002650852317630791,0.0002843271510388721
47.1,8.6,0.011414914430027323,16Uiu2HAmDVwmzMu54yYWyFhW8iRKbVLv6XJ6BrGBwKD2sd8Yxhuf,0.00038348627508264833,Switzerland,0.010311771614532856,0.009208628799038387,0.008105485983543919,0.007002343168049453,0.0058992003525549855
47.1,9.3,6.554721045181133e-05,16Uiu2HAm91xMU5u8ix5GnWnjBrAr4192mm8SvpXYM9bS3LSbNmhE,0.00038436081195832744,Switzerland,9.742857060246293e-05,0.00012930993075311453,0.00016119129090376617,0.00019307265105441779,0.0002249540112050694
47.1,9.9,1.4696683957805232e-05,16Uiu2HAkxU19XJ3UHpyheBka4PwMHGi9PZqkfj2pDpLTmuziskHi,0.0003882248443798709,Austria,5.204950000001179e-05,8.940231604221835e-05,0.00012675513208442493,0.0001641079481266315,0.00020146076416883806
47.1,15.5,5.878673583122093e-05,16Uiu2HAkx4YAQh4KAnykLx3d89Exskzz5soXa223NVXEKAEbGtwL,0.00042211401988186185,Austria,9.5119464236285e-05,0.0001314521926413491,0.00016778492104641322,0.0002041176494514773,0.0002404503778565414
47.1,24.5,1.4696683957805232e-05,16Uiu2HAm7RYs4hLegqFVfssoY5c6aEbXy5ePztpDoAG9iHP955Tv,0.0005353345523524046,Romania,6.676047079726516e-05,0.00011882425763672509,0.00017088804447618506,0.000222951831315645,0.00027501561815510494
47.2,6.0,1.4696683957805232e-05,16Uiu2HAm7XAH3PbE1o9X2eeLg6veSVTfYrPo1g9LBU1DnGssuoxr,0.0003762230654643118,France,5.0849322108455875e-05,8.700196025910653e-05,0.0001231545984097572,0.00015930723656040787,0.0001954598747110585
47.2,8.9,2.9393367915610465e-05,16Uiu2HAmExD8DZuvStSxGD9pq1tj5bsp2rLUnNWkvKc2qVz5Zka4,0.00038287261498643344,Switzerland,6.474129262269276e-05,0.00010008921732977505,0.00013543714203685737,0.00017078506674393965,0.00020613299145102196
47.2,39.7,0.00010243588718590247,16Uiu2HAmJy2pph5VntknaVATJKdThJ33392Z6P1dPUKvAhFU6MKW,0.0007230772342973357,Russia,0.0001645000218970458,0.0002265641566081891,0.00028862829131933246,0.00035069242603047576,0.00041275656074161906
47.3,-122.6,1.4696683957805232e-05,16Uiu2HAmTEh7bp1vS6FN6YFq6XfUkLd6qYQcKHFuq78cQzPymdwn,0.0009342266330793479,United States,0.00010664967886995948,0.00019860267378211374,0.00029055566869426805,0.00038250866360642235,0.00047446165851857655
47.3,-119.6,1.322701556202471e-05,16Uiu2HAmAmpecQUwhxTYw8Kqwvgh584u4SzBRFCgfDymxHhESpFA,0.0009081353640025679,United States,0.00010271785040607901,0.0001922086852501333,0.0002816995200941877,0.000371190354938242,0.0004606811897822963
47.3,0.7,4.40900518734157e-05,16Uiu2HAmJ5t8t7okFU6NSGpsE891U8WwNr2w9rdWfSGwxJ2AjoWk,0.00038785103196661695,France,7.846614988273582e-05,0.00011284224789205594,0.00014721834590137608,0.0001815944439106962,0.00021597054192001633
47.3,11.4,2.9393367915610465e-05,16Uiu2HAmPfQJXD8RkWs9DnpdsuZDbGPGHE4ov1wQoY2zYHRBmhkD,0.0003908479162662601,Austria,6.553882275067542e-05,0.00010168427758574039,0.00013782973242080539,0.00017397518725587033,0.0002101206420909353
47.4,-122.3,0.0063602839164193705,16Uiu2HAkyKPEfTZ3GfnNati62TXNtbMmG1AQivwrr9KED59Gn4E4,0.0009303517875183614,United States,0.00581729070352927,0.005274297490639169,0.004731304277749068,0.004188311064858967,0.003645317851968866
47.4,8.2,0.00048308000169305806,16Uiu2HAmS3nX2bJDgtQ4hoRJxhwqZBP7iJMsaqns4y96xagaXhRE,0.0003805832487033921,Switzerland,0.0004728303263940915,0.0004625806510951249,0.0004523309757961583,0.0004420813004971917,0.0004318316251982251
47.4,9.4,5.540649852092573e-05,16Uiu2HAmQnckJAp3KtWFfJsvG4kqjWkRTTQCTA7mLoS2zpBDHve2,0.00038186658461243194,Switzerland,8.805250713007635e-05,0.00012069851573922696,0.0001533445243483776,0.00018599053295752823,0.00021863654156667884
47.5,-122.6,5.878673583122093e-05,16Uiu2HAm1ShRtfD7cgRG8BppS2PRSiKQ1dRJvL17macEKSJ1AxJt,0.0009339664917465745,United States,0.00014630471142275625,0.0002338226870142916,0.000321340662605827,0.00040885863819736237,0.0004963766137888977
47.5,7.6,0.000926919857218776,16Uiu2HAmMQTGRV5hzPGeMaddtkyCGRVfJUneaY6zrEaX6tGCGkeF,0.000377098479384489,Switzerland,0.0008719377194353473,0.0008169555816519185,0.0007619734438684899,0.0007069913060850612,0.0006520091683016324
47.5,8.7,0.00025013756096184506,16Uiu2HAmUB3YkwKVRmoDyk5hrgkA4tvZ8ybZn2Sxv3NtvP86iogU,0.00038007025634637136,Switzerland,0.0002631308305002977,0.00027612410003875033,0.0002891173695772029,0.00030211063911565555,0.0003151039086541082
47.5,12.1,4.40900518734157e-05,16Uiu2HAm2ejuNfXRETdWzCiJF5JXECTG1aZeyXv24mg7185mHnp5,0.00039465785525464957,Austria,7.914683221153908e-05,0.00011420361254966246,0.00014926039288778588,0.00018431717322590926,0.00021937395356403264
47.5,19.0,0.00011757347166244186,16Uiu2HAm85vLyjgnbmJN8B7tgJCx4K9uKwU9n4U9VTGqMLqgEJNx,0.00045985191743536487,Hungary,0.00015180131623973415,0.00018602916081702646,0.00022025700539431877,0.0002544848499716111,0.00028871269454890336
47.6,7.1,1.4696683957805232e-05,16Uiu2HAmPnEQYAck7dhGoiGJgwWbzQBmV8XhPQM6TvoeiqA8S9Rv,0.0003765999229335152,France,5.0887007855376223e-05,8.707733175294721e-05,0.00012326765565051824,0.0001594579795480892,0.0001956483034456602
47.6,13.1,1.4696683957805232e-05,16Uiu2HAmDGE8vHy5JpVvHRsN8TphFMKpAPMsGetbNWMj2bNAMsN9,0.00040127087375611386,Austria,5.335410293763608e-05,9.201152191746694e-05,0.00013066894089729784,0.0001693263598771287,0.00020798377885695955
47.7,-122.2,0.0007639336321267159,16Uiu2HAm2bk7i8KktrdyZFsyLn15dHgJ6RYVxLfM8oJEUAQbWmQw,0.0009255674570869563,United States,0.00078009701462274,0.0007962603971187639,0.000812423779614788,0.0008285871621108121,0.0008447505446068361
47.7,-117.4,1.4696683957805232e-05,16Uiu2HAmCDHE5NhG7HGHdSpZSgcrvmw8aiw9DSShoDJRR8uucq6K,0.0008700995927567363,United States,0.00010023697483769832,0.0001857772657175914,0.0002713175565974846,0.0003568578474773777,0.0004423981383572708
47.7,-117.1,1.4696683957805232e-05,16Uiu2HAmDyR7gLE5feC8Vi1s5Wskshg6w5CitFD2u52L2tXw4ce2,0.0008668237687767574,United States,9.990939243970043e-05,0.00018512210092159565,0.0002703348094034909,0.00035554751788538616,0.0004407602263672813
47.7,-116.8,1.4696683957805232e-05,16Uiu2HAkxW32hZbB5pPP69WnZxuoLXUrDo9TyhpbHVgW55TABsD8,0.0008635934879930301,United States,9.95863643613277e-05,0.00018447604476485018,0.0002693657251683727,0.00035425540557189523,0.00043914508597541765
47.7,9.2,2.8805500557298257e-05,16Uiu2HAm4K5iQ3xMGkWYvLxTVQJSGRE1TRp26BMxFKExK5SaAJHX,0.0003791036911254812,Germany,6.383531961411655e-05,9.886513867093483e-05,0.00013389495772775316,0.00016892477678457144,0.00020395459584138974
47.8,-122.5,1.4696683957805232e-05,16Uiu2HAkuT1T9jKmCXRJc5ZNXAPGGeur4amFzdgrTmhiGANEwa7E,0.000929177338588201,United States,0.00010614474942084478,0.00019759281488388434,0.000289040880346924,0.00038048894580996356,0.0004719370112730031
47.8,11.1,1.4696683957805232e-05,16Uiu2HAmRCn7Rym5hy9ApfEYbjj3C9jzGmiSNodUWahix4xe2c6A,0.0003857995565857205,Germany,5.180697122059674e-05,8.891725848338826e-05,0.00012602754574617982,0.00016313783300897134,0.00020024812027176286
47.8,13.0,2.586616376573721e-05,16Uiu2HAmTDmUW6sKVvfe4R36GbVV1WdSbDeoHCYAtqNWiDZkGABC,0.0003992856806886922,Austria,6.32081154580327e-05,0.00010055006715032819,0.00013789201884262372,0.0001752339705349192,0.0002125759222272147
47.9,1.9,0.00015093494424665973,16Uiu2HAmDqdwUmb9QYPHgkBh5br6vdf6eEYoAJHopfZzEaP4j5B1,0.0003793389304605174,France,0.00017377534286804551,0.00019661574148943124,0.00021945614011081703,0.0002422965387322028,0.00026513693735358854
48.0,7.9,0.00011757347166244186,16Uiu2HAkuwmJ7kyBBEfZAjAVuYGtZk9qnP6ae68y19yHiGKEjeU2,0.0003732720112348226,Germany,0.0001431433256196799,0.000168713179576918,0.0001942830335341561,0.00021985288749139416,0.0002454227414486322
48.0,11.3,2.9393367915610465e-05,16Uiu2HAm9huvKtuZYn2V83PymWAnG4atiMYPdQ1fueSySiGbbbQT,0.00038779869718297993,Germany,6.52339008423474e-05,0.00010107443376908435,0.00013691496669582132,0.00017275549962255825,0.0002085960325492952
48.0,13.2,0.00017591930697492865,16Uiu2HAmJaLPUaq6bKNMCh7dLk9o5ekNDzSh5y69RaMQph9hjfRb,0.00039893391864900807,Austria,0.00019822076814233659,0.00022052222930974455,0.00024282369047715248,0.0002651251516445604,0.00028742661281196835
48.1,-98.9,1.4696683957805232e-05,16Uiu2HAmVb69wZBkQsdmoXCv7e1iAuodDhDmXUjzN4RJ6o5auYdk,0.0008697854654665535,United States,0.00010020556210868004,0.00018571444025955485,0.00027122331841042977,0.00035673219656130457,0.0004422410747121794
48.1,-1.7,2.9393367915610465e-05,16Uiu2HAmQ6QKN5titm5fL4ZyjDDJDy9fVbYdH1D4TvV7KsRvhzWX,0.00039750717421397914,France,6.620474854544733e-05,0.00010301612917528419,0.00013982750980512108,0.00017663889043495793,0.0002134502710647948
48.1,8.5,1.4402750278649129e-05,16Uiu2HAmQjxiCdrHt5dkZfJRK6jYBkWt7awpLShsqSs5QNHNrv5F,0.0003754260053541679,Germany,5.0505075786200996e-05,8.660740129375286e-05,0.00012270972680130478,0.00015881205230885664,0.0001949143778164085
48.1,9.2,1.4696683957805232e-05,16Uiu2HAmGBE4wvdiPXgcwDBbz1UefjyDmaR8NFV44XnXENBy6k8t,0.00037622100355770783,Germany,5.084911591779548e-05,8.700154787778573e-05,0.00012315397983777603,0.00015930641179776628,0.00019545884375775653
48.1,11.6,0.017672321558742057,16Uiu2HAmNNXvioGwJk7etR8Wrh5DTibjgN6zewLpe94SHQYrk6aj,0.00038826698683647214,Germany,0.0159439161015515,0.01421551064436094,0.012487105187170382,0.010758699729979821,0.009030294272789265
48.1,14.9,2.9393367915610465e-05,16Uiu2HAmGjYu9zLhTN1S64q71iLWomgZYd81EtxzTeCaEi3gLSai,0.00040810871971467476,Austria,6.726490309551689e-05,0.00010513643827542331,0.00014300797345532975,0.0001808795086352362,0.00021875104381514262
48.1,16.3,0.015069244896135594,16Uiu2HAmJoPiYHzRicz2EA6EpeWi5WfbgvCHB6s1DrEow6wDbKWF,0.00042885774300289694,Austria,0.013605206180822324,0.012141167465509056,0.010677128750195783,0.009213090034882514,0.007749051319569245
48.1,17.1,0.00015372731419864276,16Uiu2HAkyaEVYTgR86HVrGBjcrazLnmhzMQiKujrRyrkHXeEPPDj,0.00043759459111940025,Slovakia,0.0001821140418907185,0.0002105007695827942,0.00023888749727487,0.00026727422496694575,0.0002956609526590215
48.1,18.2,5.878673583122093e-05,16Uiu2HAkuy43RT6PDAvyFqLYvvfoKvrBehU3YrWtp4bMarNkGYpX,0.00044914606894531087,Slovakia,9.782266914262991e-05,0.00013685860245403892,0.00017589453576544794,0.0002149304690768569,0.0002539664023882659
48.2,-122.4,4.40900518734157e-05,16Uiu2HAkzcuD4sacnXVDvAw9VfDETV6xKFUk1qRZKerUZ2fEBLMj,0.0009277692379720516,United States,0.00013245797048327927,0.00022082588909314282,0.0003091938077030065,0.0003975617263128701,0.00048592964492273367
48.2,-117.0,4.056284772354244e-05,16Uiu2HAmPMReBj7sMaJmLP6zhv5NZSUCE1ukmeGuAQAR1DL2AcFq,0.0008660877334496471,United States,0.0001231153362961529,0.00020566782486876334,0.00028822031344137393,0.00037077280201398437,0.0004533252905865948
48.2,-114.3,2.9393367915610465e-05,16Uiu2HAmRFEE2EK36V1aLjRtSnJgWpjrAMiqJXAB7NHoKpZiP4sd,0.0008227361404371938,United States,0.00010872764516776877,0.0001880619224199271,0.0002673961996720855,0.0003467304769242438,0.00042606475417640213
48.2,-2.8,1.4696683957805232e-05,16Uiu2HAkvEkoAWTzK74EXqFJ3DGEfvN15PckPr5YEMsJJxahakUs,0.0004003732127056694,France,5.326433683259164e-05,9.183198970737805e-05,0.00013039964258216452,0.0001689672954569509,0.00020753494833173733
48.2,12.8,1.4696683957805232e-05,16Uiu2HAmSAnW1d6HZ6bzVwfranhaxqrMk4JPAcym26LtiymYk2h7,0.0003956572361965048,Germany,5.2792739181675184e-05,9.088879440554513e-05,0.00012898484962941512,0.00016708090485328505,0.000205176960077155
48.2,17.7,1.4696683957805232e-05,16Uiu2HAm6xPTtNdb9bw4vm7ViKbWapyXevjQfioP8BvmfHMTd8aT,0.00044161940634995,Slovakia,5.73889561970197e-05,0.00010008122843623417,0.00014277350067544867,0.00018546577291466313,0.0002281580451538776
48.3,8.8,2.9393367915610465e-05,16Uiu2HAmCDQkmsNF1d8ofbGav7QzmBmFpfk2g3aDzXa7dn87MBuj,0.0003744025186599561,Germany,6.389428299004502e-05,9.839519806447958e-05,0.00013289611313891417,0.00016739702821334871,0.0002018979432877833
48.3,13.9,2.9393367915610465e-05,16Uiu2HAkvM9LBaerRuEhmsXsLbxHKYF93BndXkvUqPQNfgnSySJp,0.0004009083665376615,Austria,6.654486777781557e-05,0.00010369636764002066,0.0001408478675022258,0.0001779993673644309,0.000215150867226636
48.3,14.3,2.571919692615916e-05,16Uiu2HAm5CPuU7KpG6cuf7XziJ65Nn6QEMgKCDviDdKh5m8TucvS,0.00040323925537372825,Austria,6.347120277091605e-05,0.00010122320861567296,0.0001389752144604299,0.0001767272203051868,0.0002144792261499437
48.3,18.1,1.4696683957805232e-05,16Uiu2HAmJDVG7q4dRTHk7AZqrhnFskpwH4Nh8SWEedJFxWjNxEmH,0.00045004389661781993,Slovakia,5.823140522380669e-05,0.00010176612648980816,0.00014530084775580965,0.00018883556902181113,0.00023237029028781259
48.4,-123.4,7.230768507240174e-05,16Uiu2HAmLDVpZdgXEQUQwETWeQ3yVXiuWpNqZLJJzUcFqd92d4Gp,0.000953093196953515,Canada,0.00016038623626051304,0.00024846478744862437,0.00033654333863673575,0.0004246218898248471,0.0005127004410129584
48.4,-122.3,1.4696683957805232e-05,16Uiu2HAmLUDK3ewWu5TcopcUMRkXh8GKVmaBNtpZ9K8qsCxMJUVB,0.000926543858565617,United States,0.00010588140141858638,0.00019706611887936753,0.0002882508363401488,0.00037943555380093,0.0004706202712617111
48.4,2.6,8.656346851147283e-05,16Uiu2HAmDLzGxBshFC991TETkCn8ZMW14eoYiL6PJwsxBbdBfNyD,0.0003751135812427845,France,0.00011541847978460399,0.00014427349105773516,0.00017312850233086634,0.0002019835136039975,0.00023083852487712866
48.4,9.3,1.4696683957805232e-05,16Uiu2HAkxjPmgK1GN5hyScFumHsiaV1WfTupmd2inusyuQApcJKE,0.000374495868540677,Germany,5.067660241609241e-05,8.665652087437958e-05,0.00012263643933266679,0.00015861635779095394,0.00019459627624924113
48.4,10.1,1.4696683957805232e-05,16Uiu2HAmUWs9icc4M6bg8e28ttUDDC2jon4TSZP4PYwacLQeBQUN,0.00037888067180352715,Germany,5.111508274237742e-05,8.75334815269496e-05,0.00012395188031152183,0.000160370279096094,0.0001967886778806662
48.4,10.9,2.9393367915610465e-05,16Uiu2HAmDQRWnbykfYKogEYQarjPfa3dxd2oga1JGPdea7bsStMe,0.00038389221296444864,Germany,6.484325242049427e-05,0.00010029313692537808,0.00013574302143026193,0.00017119290593514575,0.00020664279044002956
48.4,16.3,0.0003281769527777908,16Uiu2HAmPj8mSdG87gjMyige4kydx2o7K91pV1BT3f32miD2qiHC,0.0004271098958411965,Austria,0.00033807024708413136,0.00034796354139047197,0.0003578568356968125,0.00036775013000315307,0.00037764342430949367
48.5,35.0,0.00010287678770463663,16Uiu2HAkv4zWvLjRXbkvR2NS18ro3XhK36DHP5M8u81sCkAFYsYP,0.0005651139706715253,Ukraine,0.0001491005060013255,0.00019532422429801433,0.00024154794259470324,0.0002877716608913921,0.00033399537918808096
48.6,7.7,0.009152506901562787,16Uiu2HAmV44bh53MjUpfa6Q5RSAovy92zfep8HqNFhNiDvNPPhwe,0.00036953306851441155,France,0.00827420951825795,0.007395912134953112,0.006517614751648275,0.005639317368343437,0.004761019985038599
48.6,16.6,1.4696683957805232e-05,16Uiu2HAmNjHwrumUcxdf9RqX4BhfRRqh9TgD3AQTAV2JHAfpVCTU,0.00042822369671672,Austria,5.60493852336967e-05,9.740208650958816e-05,0.00013875478778547967,0.00018010748906137114,0.00022146019033726262
48.6,22.3,1.4696683957805232e-05,16Uiu2HAmQezYqQ3FVeakKbJQF8on5SroHBY5PMCFbiSB86Yffn6t,0.0005008092395294769,Ukraine,6.33079395149724e-05,0.00011191919507213955,0.00016053045062930675,0.00020914170618647392,0.0002577529617436411
48.7,2.0,0.0002633645765238698,16Uiu2HAmQ1fhEyQvTyrR7CTMZpYS3UoVsxw1fCkE5FTtnUZ9P2wn,0.0003760588545745488,France,0.0002746340043289377,0.0002859034321340056,0.0002971728599390735,0.00030844228774414137,0.00031971171554920927
48.7,9.2,0.00019914006762826092,16Uiu2HAm3iAjNBF7pA9QMFMeJyRYpot2cXEHE3jxveAytq7uqAuj,0.00037268559970009854,Germany,0.00021649462083544468,0.00023384917404262846,0.0002512037272498122,0.00026855828045699596,0.0002859128336641797
48.7,17.1,1.4696683957805232e-05,16Uiu2HAmQUNkvhiyR7bLJJ4Mr1FPVPWP431NFE6U5Pfy7oP1zPDP,0.0004343173026507464,Slovakia,5.665874582709934e-05,9.862080769639345e-05,0.0001405828695656876,0.00018254493143498172,0.00022450699330427582
48.7,21.3,0.0001322701556202471,16Uiu2HAmSNGPkjugj7YuSixQbGHNnU9HmqbkvSH4pFC3Q5Htxdev,0.0004908387032565851,Slovakia,0.0001681270103838809,0.0002039838651475147,0.0002398407199111485,0.0002756975746747823,0.0003115544294384161
48.8,-122.5,9.449967784868764e-05,16Uiu2HAmT7tyYemrkQfiAJcv3C6j1pe3Wf2oRPDZvKMuhCzPcgea,0.0009290523082124345,United States,0.00017795494088506232,0.000261410203921437,0.00034486546695781175,0.0004283207299941864,0.0005117759930305611
48.8,2.6,4.40900518734157e-05,16Uiu2HAm4PnepHe53N8FXkGHg7juauxTZKZFBTYNeEHDUX126T9B,0.0003727085518987924,France,7.695190187595336e-05,0.00010981375187849103,0.00014267560188102873,0.0001755374518835664,0.00020839930188610407
48.8,8.0,1.4255783439071075e-05,16Uiu2HAm7NgUsEGZYF1KANzj27KU3rHuqPf5UBrQHJhXztXZ5HSw,0.0003710943486340557,France,4.9939639958569526e-05,8.562349647806798e-05,0.00012130735299756648,0.00015699120951706493,0.00019267506603656338
48.8,11.8,4.6735454985820645e-05,16Uiu2HAkzrVjGmmyWmNkrFSabgVNrD8GMqo66xghxBsYQ9oQp3qY,0.0003851681338685006,Germany,8.057872287408864e-05,0.00011442199076235663,0.00014826525865062464,0.00018210852653889264,0.00021595179442716064
48.9,-125.5,0.00012756721675374942,16Uiu2HAmAMAaaVJVMtHKGutTgSXNJcnewNjrNFHnFLZeFhehJSai,0.0009927320259325338,Canada,0.00021408369767162783,0.00030060017858950624,0.00038711665950738475,0.00047363314042526316,0.0005601496213431416
48.9,2.3,0.0031162848664130216,16Uiu2HAmVjJaqRMkMVp6iWoTf4B3af3ENPNy6tyiPJuWHU6r6EEc,0.0003735169311273811,France,0.0028420080728844576,0.0025677312793558936,0.002293454485827329,0.0020191776922987652,0.0017449008987702012
49.0,1.6,0.00018606001890581424,16Uiu2HAmVNCbpfCZ9gaBYTo8mZAzCyLPFem2MWu6VDASPSgnMjk4,0.0003764693940702196,France,0.00020510095642225476,0.0002241418939386953,0.00024318283145513585,0.0002622237689715764,0.0002812647064880169
49.0,8.4,0.00020575357540927327,16Uiu2HAmAXqgpDK3Xzx3zyGwADHgQ6ePyZcUaYxJC9ngUedneNfR,0.0003703296663037001,Germany,0.00022221118449871596,0.00023866879358815863,0.00025512640267760133,0.000271584011767044,0.0002880416208564867
49.0,11.4,4.40900518734157e-05,16Uiu2HAm6BE1f7fgcfGzcT8LCzk4LYGuAJpmBJAw5iaEHAuu3jnJ,0.0003826825352936322,Germany,7.794930021543734e-05,0.00011180854855745899,0.00014566779689948066,0.0001795270452415023,0.00021338629358352395
49.0,12.0,8.773920322809724e-05,16Uiu2HAm5VGMunE8d9c63UXa4VwSVm4g2Xm4Giz5R5BebTFC9igE,0.00038786749534952563,Germany,0.00011775203244024008,0.0001477648616523829,0.00017777769086452577,0.00020779052007666862,0.00023780334928881144
49.1,-122.9,0.0003816728823842019,16Uiu2HAmJtFvwLHbwbX5xVSfSyPwGECrB9FTef8KjUuEH4oDq5Za,0.000937265281946182,Canada,0.00043723212234039987,0.0004927913622965979,0.000548350602252796,0.0006039098422089939,0.000659469082165192
49.1,7.1,1.3373982401602762e-05,16Uiu2HAmQcZe5sThPxzq5XCoCcQeGRv4vUxT4L4E5ibqPhUuyZEi,0.00036468377275785356,France,4.850496143722784e-05,8.363594047285291e-05,0.000118766919508478,0.0001538978985441031,0.00018902887757972817
49.1,9.1,1.3961849759914971e-05,16Uiu2HAmC6fhUqLdBmz9p4GShoVr4kMZwJTZmoLt6fdT6F43hJur,0.00037333770332995635,Germany,4.9899435116919096e-05,8.583702047392323e-05,0.00012177460583092741,0.00015771219118793155,0.00019364977654493567
49.1,10.1,8.81801037468314e-05,16Uiu2HAm7JZ3MLmqgBTMe7uxj8dNs5hMiwK97g2FG84gRrLSxd2A,0.00037544423343202594,Germany,0.00011690651671535085,0.00014563292968387028,0.00017435934265238977,0.0002030857556209092,0.00023181216858942868
49.1,18.3,2.7923699519829943e-05,16Uiu2HAm7HQs2SSxuM4p1eH1QKiwdRcd93SAZvRmbqLfuqgAmnU7,0.0004478231330579632,Slovakia,6.991364287364326e-05,0.00011190358622745658,0.00015389352958126995,0.00019588347293508326,0.00023787341628889657
49.2,-123.9,8.553470063442646e-05,16Uiu2HAmEphG1V6LPPfknV2Dzh24pWUcHZFhYyjFydd58wmrKkMN,0.0009593033749149176,Canada,0.00017291156806247557,0.0002602884354905247,0.00034766530291857384,0.00043504217034662294,0.000522419037774672
49.2,-122.6,0.00017459660541872617,16Uiu2HAm4H5dax2MiCmMXXWno3VM71SgkCU4SosPXeCTXbuCcEAc,0.0009337229931509121,Canada,0.00025050924419194476,0.0003264218829651633,0.00040233452173838195,0.00047824716051160054,0.0005541597992848191
49.2,-122.0,1.4696683957805232e-05,16Uiu2HAkzajXXXxjNwifyU1kEqXnLyYWDST8YqFK2JTzr2JrxHRw,0.0009202400732444937,Canada,0.00010525102288647406,0.0001958053618151429,0.0002863597007438118,0.0003769140396724807,0.00046746837860114947
49.2,-2.1,5.7757967954174566e-05,16Uiu2HAmCaHTA1hxPwGQdUMtrbyiXKjfwKHhdAxjS1f7Dn9XpvZx,0.00039439754719839694,Jersey,9.142192587859679e-05,0.00012508588380301904,0.0001587498417274413,0.00019241379965186353,0.00022607775757628576
49.2,16.5,0.00020560660856969518,16Uiu2HAmAbUcxf89m5AUM1LSKVz2D2TYNf3Sv8B2p6xhgeppMwwT,0.0004249755510557877,Czechia,0.0002275435028183044,0.0002494803970669137,0.00027141729131552295,0.0002933541855641322,0.00031529107981274147
49.3,2.5,1.3080048722446657e-05,16Uiu2HAm2x8ewHKBvir4Z1wujrY85CCXK9veMFUA1xa39vCVgi53,0.0003706668389922214,France,4.883872774942413e-05,8.459740677640159e-05,0.0001203560858033791,0.00015611476483035658,0.00019187344385733404
49.3,8.7,2.9393367915610465e-05,16Uiu2HAmVQNeF5EPweeQQKtpLfy82xVBW8hayVwYYSB7T7nCPK69,0.0003720200599115502,Germany,6.365603711520443e-05,9.79187063147984e-05,0.0001321813755143924,0.00016644404471398636,0.00020070671391358034
49.3,11.5,1.4696683957805232e-05,16Uiu2HAm6DwoNFmz9oNeNEuLJAv8zRTAk15DGckLpyyZJoauWm9N,0.00038195674981162465,Germany,5.142269054318716e-05,8.81486971285691e-05,0.00012487470371395107,0.00016160071029933302,0.00019832671688471495
49.4,-123.2,4.2620383477635173e-05,16Uiu2HAmURH6gL2n72WYLAyWeibUA38pneDigsHV4m8aea3hyuqy,0.0009411511899934209,Canada,0.00013247346412921372,0.00022232654478079227,0.000312179625432371,0.0004020327060839495,0.000491885786735528
49.4,2.8,1.4696683957805232e-05,16Uiu2HAm7rPCZZq5zXnPT6viyLxQSEfFJwQftThMozGpwfFSJNmU,0.00036893024588311525,France,5.012004015033622e-05,8.554339634286722e-05,0.00012096675253539825,0.00015639010872792926,0.00019181346492046025
49.4,10.8,0.000761141262174733,16Uiu2HAmCa9NdmZ2oduJFiZUi5J6QMjzaK9pLjAmqctq56Gn2ftT,0.0003791086844949991,Germany,0.0007229380044067596,0.0006847347466387863,0.0006465314888708129,0.0006083282311028394,0.000570124973334866
49.4,11.2,5.878673583122093e-05,16Uiu2HAm5yzAiedJ3xjuGeja1PX99b53xdwqwxhiEynmggYDddi4,0.00038049495437986365,Germany,9.09575576860852e-05,0.00012312837954094947,0.00015529920139581375,0.00018747002325067801,0.0002196408451055423
49.4,27.0,7.348341978902616e-05,16Uiu2HAmNt4T49YtTLfxy3JctNTEpT1ik9qFrjfR4owkFNS3jTec,0.0005695089514294485,Ukraine,0.00012308597295306836,0.0001726885261171106,0.00022229107928115288,0.0002718936324451951,0.00032149618560923734
49.5,-117.3,1.4696683957805232e-05,16Uiu2HAmVhJLXQP9xXkkE7u7rEgp51wyJaHXYfyJaXUzzYu1a7QS,0.0008744782197241932,Canada,0.00010067483753444401,0.00018665299111108279,0.00027263114468772167,0.00035860929826436044,0.0004445874518409992
49.5,8.5,4.40900518734157e-05,16Uiu2HAmPDHUMpy85v7sePakDF2VvxaVUyWnfShf5X5KiWdvLog4,0.0003711340200970732,Germany,7.679444869578144e-05,0.00010949884551814718,0.00014220324234051298,0.0001749076391628787,0.00020761203598524446
49.6,6.1,5.878673583122093e-05,16Uiu2HAkvfBW3EX9AobTkwvE6sXUCVoPzbEr2QxpD7JcR2U8Hd2N,0.0003611059233608852,Luxembourg,8.901865458418734e-05,0.00011925057333715378,0.00014948249209012021,0.00017971441084308664,0.00020994632959605309
49.6,18.0,1.4696683957805232e-05,16Uiu2HAmBNNqMSd6K1NEPVxfktVR299PkoVjvjbhBkie1hQM8NXA,0.0004408100864702948,Czechia,5.730802420905418e-05,9.991936446030313e-05,0.0001425307047115521,0.00018514204496280107,0.00022775338521405003
49.7,-123.2,1.1022512968353925e-05,16Uiu2HAmSKbHwar3Ughm449JKM5HhAw9YSC5YoCsE59BswD2i229,0.0009414751759813964,Canada,0.00010406777926965815,0.00019711304557096238,0.0002901583118722667,0.00038320357817357096,0.0004762488444748752
49.7,8.6,0.003600687569662282,16Uiu2HAmNXca1rDTtwYFPwJ8Y8UJugN5kwkRrUzuudreiVbioCU8,0.00037067282330537283,Germany,0.0032776860950265913,0.0029546846203909005,0.0026316831457552092,0.0023086816711195184,0.0019856801964838276
49.7,10.2,2.9393367915610465e-05,16Uiu2HAmMGUN65gaV7k1zvrdvUCevCXQTiSx9Euw1sv53aDSRq2w,0.00037383312564084133,Germany,6.383734368813354e-05,9.828131946065662e-05,0.00013272529523317974,0.00016716927100570282,0.0002016132467782259
49.7,13.4,1.1904314005822239e-05,16Uiu2HAm2vB7GRHUxkWrEsyKAt7e8SkQ6fzaqDzjyuC9tJjT6Kod,0.00039804921741496617,Czechia,5.051880434673662e-05,8.9133294687651e-05,0.00012774778502856545,0.00016636227536947983,0.0002049767657103942
49.7,18.6,7.142588403493343e-05,16Uiu2HAmPP6Nc9YSQUZGcR2MjQfNhifdf5LfQd6cK8sqNYUWPBSe,0.000448297632565437,Czechia,0.00010911305888798379,0.00014680023374103411,0.0001844874085940845,0.00022217458344713488,0.00025986175830018524
49.8,6.1,0.0015688710124957086,16Uiu2HAm4DcwgGBUoT8dz43wC1SkzjDN9xE9SJR1xjSGMDSAcXyd,0.0003604431731422921,Luxembourg,0.0014480282285603669,0.0013271854446250254,0.0012063426606896835,0.0010854998767543418,0.0009646570928190004
49.8,18.3,7.348341978902616e-05,16Uiu2HAmPB9TY1KWp4T5YWUDLUz9GCtJXiDXNGZpaK7e9Gpy83Dw,0.0004455697711263449,Czechia,0.00011069205492275802,0.00014790069005648989,0.0001851093251902218,0.00022231796032395367,0.00025952659545768554
49.8,24.0,1.4696683957805232e-05,16Uiu2HAmD694mMFmXxUr21TiQRkyHHKd5mVddWDz7FqQQdbFAaGC,0.0005153930008300168,Ukraine,6.476631564502638e-05,0.00011483594733224753,0.0001649055790194687,0.00021497521070668987,0.000265044842393911
49.9,-119.5,5.878673583122093e-05,16Uiu2HAkyRYjHnRCUehVsd9pXiPMMRZAsiaupGZyhooaLeaDBtTt,0.0009086004454606557,Canada,0.0001437681067941644,0.00022874947775710787,0.0003137308487200514,0.00039871221968299485,0.00048369359064593835
49.9,-97.1,5.878673583122093e-05,16Uiu2HAmLC4bWg7cLzT6qZo4wbjX2z8NhA87j6xGP6URsexHAmch,0.0008537920048782201,Canada,0.00013828726273592081,0.00021778778964062073,0.0002972883165453207,0.0003767888434500206,0.00045628937035472055
49.9,8.5,0.05182741507668143,16Uiu2HAmMxQDXP9TbCtneLasXMcTShE5Aqb79pgWXwLeYZHnkv7X,0.0003701059283497526,Germany,0.04668168416184826,0.041535953247015096,0.03639022233218192,0.031244491417348755,0.02609876050251559
49.9,10.9,2.9393367915610465e-05,16Uiu2HAmUqbYjxPRyRi1WmrL25pa2d9eB1fTgeLkrdHZ58S6jdJQ,0.00037825598815976677,Germany,6.427962994002609e-05,9.916589196444171e-05,0.00013405215398885737,0.000168938416013273,0.00020382467803768862
49.9,14.3,0.00500510268867015,16Uiu2HAmJk2kxj3kJpgNyMGQSAcqcrwmynq5dUZNnusEpu1Hp7cf,0.0004055827058530932,Czechia,0.004545150690388445,0.004085198692106739,0.003625246693825033,0.0031652946955433277,0.0027053426972616216
49.9,17.9,0.00014696683957805232,16Uiu2HAmQbPncvXGXjJuuqcGVz14xRjfVdxA2nCtjMA4sewhiF6S,0.00043928096875493565,Czechia,0.00017619825249574065,0.00020542966541342898,0.00023466107833111736,0.00026389249124880563,0.000293123904166494
50.0,8.0,5.658223323755015e-05,16Uiu2HAmSQehSmAqX7quk1vBYwnWJQSFj9SH22tVyqowvnQ5mDZQ,0.0003694985297814633,Germany,8.787386289194146e-05,0.00011916549254633277,0.0001504571222007241,0.0001817487518551154,0.00021304038150950672
50.1,19.9,4.40900518734157e-05,16Uiu2HAm3BGbCsYJCNhorsDFYreizCfJLwnGozQ9Bray58K3SxqG,0.0004671684563755136,Poland,8.639789232362548e-05,0.00012870573277383527,0.0001710135732240451,0.00021332141367425486,0.00025562925412446464
50.2,15.8,1.4696683957805232e-05,16Uiu2HAmMcMX3xkYRpkj4Nmm3j7TwNqPk3XYpDvVFNGp9xH3SLKu,0.00041482168045809596,Czechia,5.4709183607834294e-05,9.472168325786336e-05,0.00013473418290789246,0.00017474668255792154,0.0002147591822079506
50.3,-119.3,1.4696683957805232e-05,16Uiu2HAkwEFi8Wg5bwE4hJyfZRPGF8CwmzJLPxtrCoFB1a4E4LFw,0.000907240002689697,Canada,0.00010395101583099439,0.00019320534770418354,0.0002824596795773728,0.000371714011450562,0.0004609683433237511
50.3,6.1,1.4696683957805232e-05,16Uiu2HAm6D59Xn6fPHrymscsqPfQuCzvUKMRUCtzYQ2N6A1X7ah2,0.00036177366699126275,Belgium,4.940438226115097e-05,8.411208056449672e-05,0.0001188197788678425,0.00015352747717118823,0.000188235175474534
50.3,7.3,0.0008964977214261193,16Uiu2HAmTxhc3vzjkW8qGEWpxD4qw6skYETbs8HqNqix1oUtLjWm,0.00036107900441275477,Germany,0.0008429558497247828,0.0007894139780234464,0.0007358721063221098,0.0006823302346207734,0.000628788362919437
50.3,11.8,1.4696683957805232e-05,16Uiu2HAm25LxaRXUmGHK8UqxBEbeT6PhFtVgDKKXg3EpU9y6TqHK,0.0003865786027131735,Germany,5.188487583334204e-05,8.907306770887886e-05,0.00012626125958441572,0.00016344945145995254,0.00020063764333548936
50.3,127.5,2.9393367915610465e-05,16Uiu2HAmKWS1J5CY7TLbq8Bft8b7WLUW6HEF3NArxHg49ooMfd91,0.001656508981471701,Russia,0.00019210492927121945,0.00035481649062682843,0.0005175280519824376,0.0006802396133380467,0.0008429511746936557
50.4,-105.5,1.4696683957805232e-05,16Uiu2HAmRz5c8wD9n423YxA5jvmR5oHZ3ePvmJa7UH3UzzQKUKM7,0.0007489091570347929,Canada,8.811793126550399e-05,0.00016153917857320276,0.00023496042588090155,0.00030838167318860034,0.00038180292049629907
50.4,4.4,2.9393367915610465e-05,16Uiu2HAm82xoG19D67gyzPzErqZs3T3KVqrVyi2oq7iBKRKSfgrM,0.0003626039293406623,Belgium,6.271442405811564e-05,9.603548020062081e-05,0.000129356536343126,0.00016267759248563118,0.00019599864862813638
50.4,10.0,1.4696683957805232e-05,16Uiu2HAky8EbCVGe8Lp16WJFU2puXsVY5g7zhXwHGA1XmuMTePme,0.0003776041711448433,Germany,5.098743267650903e-05,8.727818139521283e-05,0.00012356893011391667,0.00015985967883262045,0.00019615042755132426
50.5,2.6,1.4696683957805232e-05,16Uiu2HAmMniA7BgNq8qutMBK9CWSC74Y7c4oXwHtRKNXuBJKAVEn,0.0003666529053051251,France,4.989230609253721e-05,8.50879282272692e-05,0.0001202835503620012,0.00015547917249673319,0.00019067479463146517
50.5,12.4,0.009551374904177621,16Uiu2HAkxa5jyjeRwHWG5npKUQSZ1WWKcdgRMieu6MJBdcYECWzA,0.00039457136381677486,Germany,0.008635694550141538,0.007720014196105452,0.0068043338420693674,0.005888653488033283,0.004972973133997198
50.5,30.5,0.00016136958985670145,16Uiu2HAkuUoCRxg18kEj11JVoQhkn3zdoxyKeeD41MuWaTAfYF7Y,0.0006360892750163447,Ukraine,0.00020884155837266576,0.0002563135268886301,0.00030378549540459446,0.00035125746392055876,0.00039872943243652307
50.6,3.1,0.01089230034848777,16Uiu2HAm21LwAznduQJ8g5XjGXp3FEvwXex9KJp2fKy9j2rNvHc7,0.0003644085195223243,France,0.009839511165591227,0.008786721982694682,0.007733932799798136,0.006681143616901592,0.0056283544340050475
50.6,6.0,1.4696683957805232e-05,16Uiu2HAm3ixMzipQ9LhaTH8bNiRiiMjk8mJDFnC38TMYzHQYkM2y,0.00036149649831045426,Belgium,4.937666539307012e-05,8.405664682833502e-05,0.00011873662826359995,0.00015341660969886485,0.00018809659113412975
50.6,8.5,0.00043943085033837647,16Uiu2HAm3oLcfvBaJ3fJwnsz9QgasNSKm2rZ1SZdmQT9qLY7YHdo,0.00036934374038993735,Germany,0.0004324221393435326,0.00042541342834868863,0.0004184047173538447,0.00041139600635900085,0.00040438729536415694
50.7,-119.3,1.4402750278649129e-05,16Uiu2HAmTNob6MMMDs8kBjgaoHkwSzWBHDrvEBvkMfW5ug4yaedR,0.0009113898446977516,Canada,0.00010410145972055936,0.0001938001691624696,0.0002834988786043799,0.0003731975880462902,0.0004628962974882004
50.7,4.2,1.4696683957805232e-05,16Uiu2HAm1DnBBbenWRhywChTfPzAaHjXbg9sc4E6tVVTPBBy8zPE,0.0003628016949215676,Belgium,4.9507185054181464e-05,8.431768615055769e-05,0.00011912818724693397,0.0001539386883433102,0.00018874918943968642
50.7,4.6,1.4696683957805232e-05,16Uiu2HAkvTnwcxeegsoT2v5rFEM9rU7B93syWSZgiADdqsBRxJMr,0.00036164500016765095,Belgium,4.93915155787898e-05,8.408634719977436e-05,0.00011878117882075897,0.00015347601044174352,0.0001881708420627281
50.7,5.5,1.4696683957805232e-05,16Uiu2HAmEhPGGSQQkKDY2PjzBVKM79MEEDZcmrhA9TBhnEhRD52Q,0.0003596610724133497,Belgium,4.919312280335967e-05,8.368956164891411e-05,0.00011818600049446858,0.000152682439340023,0.00018717887818557746
50.7,7.1,1.322701556202471e-05,16Uiu2HAkukbxsBdfwgyW4TXdh622ni4o4VqfVH6zbWVx7AvAWMuN,0.0003607483465734112,Germany,4.7979148663163346e-05,8.273128176430199e-05,0.00011748341486544067,0.0001522355479665793,0.00018698768106771793
50.7,17.9,1.4696683957805232e-05,16Uiu2HAmJvMp3tdVbMxk8mSBg4p9m1TjvDL6UVF1z91fosLXjqbg,0.00043829790590106806,Poland,5.7056806152131504e-05,9.941692834645778e-05,0.0001417770505407841,0.00018413717273511038,0.00022649729492943665
50.8,-114.0,1.4696683957805232e-05,16Uiu2HAmUJPzm938oztvMNthFPGZxwdXdcvqsRDn17oU9R45zdhh,0.000839581985827642,Canada,9.718521414478888e-05,0.00017967374433177253,0.0002621622745187563,0.00034465080470574,0.0004271393348927236
50.8,-1.1,6.393057521645276e-05,16Uiu2HAm73pePPBUSbKpKzNBdKHtor6fvNZ83iMd18bjFmqL1Q16,0.0003846060099517664,United Kingdom,9.599811868998412e-05,0.0001280656621635155,0.00016013320563704688,0.00019220074911057824,0.0002242682925841096
50.8,-0.4,5.878673583122093e-05,16Uiu2HAkyj53cXw6k596Zg6NFt8JsqVaRBPC3wDiL5YsubVtMBbj,0.0003823276081479032,United Kingdom,9.114082306288915e-05,0.00012349491029455738,0.00015584899752622562,0.00018820308475789383,0.00022055717198956207
50.8,6.5,1.4696683957805232e-05,16Uiu2HAm5k5Kwag3z2GTHTrA9YmH4E27QBcshrMu45PqRt7Hn6NG,0.0003609258881089788,Germany,4.931960437292258e-05,8.394252478803993e-05,0.0001185654452031573,0.00015318836561827465,0.000187811286033392
50.8,12.4,1.4696683957805232e-05,16Uiu2HAmLkgbFHrA7mjgpPFvcZ2sMZtCjybxJZgMh6bVTWyAK7BR,0.0003945884278040791,Germany,5.268585834243261e-05,9.067503272705999e-05,0.0001286642071116874,0.00016665338149631477,0.00020464255588094216
50.8,25.3,2.9393367915610465e-05,16Uiu2HAkycdjEWP5aihHJRvucoxUCq3PxRHsJe39xerP5LnSd2b8,0.0005378437053411284,Ukraine,8.023840165816224e-05,0.000131083435400714,0.00018192846914326583,0.00023277350288581763,0.0002836185366283694
50.9,4.1,0.0010619823827910063,16Uiu2HAmF9QLQSi8KQP1f5c1E6YPSqdgaP8GAWkKfhwBykrNmz9P,0.0003630194836021185,Belgium,0.0009920860928721176,0.0009221898029532288,0.0008522935130343399,0.0007823972231154511,0.0007125009331965624
50.9,4.5,1.4696683957805232e-05,16Uiu2HAkwqcLcAHkMHi3SCYo51ZstmQMHXt1FuqpJwUxc47A8SGm,0.0003618240559725521,Belgium,4.940942115927991e-05,8.41221583607546e-05,0.00011883489556222931,0.00015354763276370398,0.00018826036996517868
50.9,5.3,2.9393367915610465e-05,16Uiu2HAmBLZUyorWWVPZiAJDMnmze4DqEeMMqowkMTtc4R4aGnTT,0.00035995682600795044,Belgium,6.244971372484446e-05,9.550605953407845e-05,0.00012856240534331247,0.00016161875115254645,0.00019467509696178046
50.9,6.1,0.00048249213433474575,16Uiu2HAkxGUXBwKK2RcxLSrfM7RbFLfDZ9JcTmA3T3unWbFEc9A9,0.0003612707791247291,Germany,0.0004703699988137441,0.0004582478632927425,0.00044612572777174073,0.0004340035922507391,0.0004218814567297374
50.9,7.0,0.00017547840645619448,16Uiu2HAky59gQWYnMTnGRgqLQxhKNszkCBfShca5tKHAAsCYfxnq,0.00036076238964461555,Germany,0.00019400680477503658,0.0002125352030938787,0.00023106360141272083,0.0002495919997315629,0.00026812039805040503
50.9,11.6,1.4696683957805232e-05,16Uiu2HAm6UuSVrtttA9iTV1aSsA3ofJUzeavkU4Q5mddjWk9MKXS,0.0003884086628720489,Germany,5.2067881849229586e-05,8.943907974065395e-05,0.00012681027763207834,0.00016418147552350271,0.00020155267341492706
50.9,20.6,2.9393367915610465e-05,16Uiu2HAkxKEhU7FCKUddtGiom6DykPVUCT7tSXWNztc4uMjKaAZy,0.00047510151578811704,Poland,7.396418270286111e-05,0.00011853499749011176,0.00016310581227736248,0.0002076766270646131,0.00025224744185186373
51.0,-1.6,4.350218451510349e-05,16Uiu2HAm6G2KzuvhmmTeDL8XPsERNaws9quiY5CdTuzw8GSZd8Uw,0.0003878682774361639,United Kingdom,7.793879380720952e-05,0.00011237540309931557,0.00014681201239142165,0.0001812486216835277,0.0002156852309756337
51.0,1.9,0.003786012754370206,16Uiu2HAm7Bdij7ksLRGn8jnuBSSLQG936AYC2tmHhfjWJdMmF9BS,0.0003695007119262246,France,0.003444361550125808,0.00310271034588141,0.0027610591416370113,0.0024194079373926133,0.0020777567331482154
51.0,4.8,0.00011757347166244186,16Uiu2HAm3i31WWYJ4vzkRdsJ25WztMsVcgXR41TawQX1sztoqYWG,0.00036105506778507686,Belgium,0.00014192163127470535,0.00016626979088696885,0.00019061795049923238,0.00021496611011149585,0.00023931426972375935
51.0,11.0,1.4696683957805232e-05,16Uiu2HAmDmYKjAmaGFR2WSCcWi85j59Nfq6aopLU3AQ66G6hk2Lr,0.0003835396432440215,Germany,5.1580979886426846e-05,8.846527581504847e-05,0.00012534957174367012,0.00016223386767229175,0.00019911816360091336
51.0,12.1,1.4696683957805232e-05,16Uiu2HAmUVubTZ8wbdjfqmSSp172fxkTBUrqpzzbui5sQKtyFP7U,0.00039064894310999435,Germany,5.229190987302414e-05,8.988713578824304e-05,0.000127482361703462,0.0001650775876186809,0.0002026728135338998
51.0,17.1,1.4696683957805232e-05,16Uiu2HAmUeGWekfLSPu41D3sgpjAhFY5v1tVLdxZiucTWnZzSH27,0.00042376423107171886,Poland,5.560343866919659e-05,9.651019338058795e-05,0.00013741694809197934,0.00017832370280337068,0.00021923045751476205
51.1,-115.4,2.9393367915610465e-05,16Uiu2HAmEr2g58oJrgNoe954FvPi7teh6AHnfi1x8bRHD48nPtBR,0.0008601903080258989,Canada,0.00011247306192663928,0.0001955527559376681,0.000278632449948697,0.00036171214395972585,0.0004447918379707547
51.1,-114.1,0.00015269854632159638,16Uiu2HAkupdfqomZwFpS8Zqxu7sEpAnbJ35JRB6i47U4ncoTQhT9,0.0008417638941437313,Canada,0.00022160508110380986,0.00029051161588602336,0.0003594181506682369,0.00042832468545045036,0.0004972312202326638
51.1,-3.0,2.9393367915610465e-05,16Uiu2HAmHSXGH1yQoBfrPSUJC78Ae347YW74XsHcGwqjEpm9eods,0.0003960297836830752,United Kingdom,6.605700949235693e-05,0.0001027206510691034,0.0001393842926458499,0.00017604793422259637,0.00021271157579934283
51.1,-0.2,1.4696683957805232e-05,16Uiu2HAmTGQW5gyFXVi97ns58hJaWsp551rqW5oVC6GkXqsZrc1L,0.00038081643939371436,United Kingdom,5.130865950139614e-05,8.792063504498704e-05,0.000124532610588578,0.0001611445861321689,0.0001977565616757598
51.1,1.2,1.4696683957805232e-05,16Uiu2HAkvJfXcfQgPLj1BBtD91dux9Ab87zqiyvQEfgnJoegztLa,0.00037296264752920225,United Kingdom,5.0523280314944925e-05,8.634987667208463e-05,0.00012217647302922434,0.00015800306938636404,0.00019382966574350375
51.1,3.7,9.582237940489012e-05,16Uiu2HAkvqvaAyYr5BcTGwnj164pV71N84FVQqbZYGq5z28n8oe9,0.00036442147315416437,Belgium,0.00012268228877981754,0.00014954219815474496,0.0001764021075296724,0.00020326201690459982,0.00023012192627952724
51.1,4.0,0.00020105063654277558,16Uiu2HAmHn6ZQCmi6DChG5wBtHhn64raGoRAXJmEqhMowdkor1Sq,0.00036339520107849134,Belgium,0.00021728509299634715,0.00023351954944991873,0.0002497540059034903,0.0002659884623570619,0.0002822229188106335
51.1,13.7,8.81801037468314e-05,16Uiu2HAm3ZLfHaaGzEdxxzow8Mmx3e2ngknkdJjzhrJ8NSRhjvDL,0.00040162616677138287,Germany,0.00011952471004928654,0.00015086931635174166,0.00018221392265419686,0.000213558528956652,0.0002449031352591071
51.2,-1.3,1.4696683957805232e-05,16Uiu2HAmJYC5iM3LuvBgv8711pEJcrCdkTMR9rhv19DLRrPYDQR3,0.0003856193069130396,United Kingdom,5.178894625332866e-05,8.888120854885209e-05,0.00012597347084437557,0.000163065733139899,0.00020015799543542242
51.2,-0.6,0.00042282359746605657,16Uiu2HAm66z6n3oQjZ2KtkNkgvPUY9RqUTMNZqrmiCyeqwt48q7u,0.000383290644821048,United Kingdom,0.0004188703022015557,0.0004149170069370549,0.000410963711672554,0.00040701041640805313,0.0004030571211435523
51.2,5.2,1.3814882920336918e-05,16Uiu2HAkzyn2khWVB6E9MYNGtpgwPPFEPA4FqaYRNYzeoj7uebYC,0.0003603138867309002,Belgium,4.846478330139324e-05,8.311468368244955e-05,0.00011776458406350593,0.00015241448444456226,0.00018706438482561855
51.2,6.0,1.4696683957805232e-05,16Uiu2HAm8nrmt2DFTsgfXcJJZtkZ51XVeS3H6nuKDJtSffHydBSc,0.0003615857128886283,Netherlands,4.9385586850887535e-05,8.407448974396983e-05,0.00011876339263705219,0.00015345229553013448,0.00018814119842321678
51.2,6.7,0.0008690149224250235,16Uiu2HAmDwUNYmrCwpbdihEAvTbZxm7TDxhcQEzZ6YVJGMNnaZyK,0.0003610722337946287,Germany,0.0008182206535619841,0.0007674263846989447,0.000716632115835905,0.0006658378469728656,0.0006150435781098261
51.3,-0.1,0.02112016361524317,16Uiu2HAmLV6im7PQxgVmAa5qXR5hq5SkkyJmbfDGgt15C1CqgJA1,0.0003801970009256445,United Kingdom,0.01904616695381142,0.016972170292379664,0.014898173630947911,0.01282417696951616,0.010750180308084407
51.3,0.5,2.9393367915610465e-05,16Uiu2HAmB1abY2pydToKSTqKQeWkBzCBU7VnA84fx9eKqoRaYRFi,0.0003767465247549125,United Kingdom,6.412868359954066e-05,9.886399928347086e-05,0.0001335993149674011,0.00016833463065133128,0.00020306994633526149
51.3,3.2,1.4696683957805232e-05,16Uiu2HAmS3ZkYjLwpwcRLPs41FKpQB1Mg2zRieuqh6M1iSUNsiCS,0.00036647507546885654,Belgium,4.987452310891036e-05,8.505236226001548e-05,0.00012023020141112064,0.00015540804056222575,0.0001905858797133309
51.3,4.5,2.8658533717720205e-05,16Uiu2HAmR5PS6u788hXpPheWmPbPRie6ZFiBgpNUbBX3SLFJw3ZV,0.00036209536972802505,Belgium,6.200221731875069e-05,9.534590091978116e-05,0.00012868958452081166,0.00016203326812184215,0.00019537695172287264
51.3,4.9,0.00013697309448674477,16Uiu2HAkzvwNKnsGuYT5jndaAqg7yGBrcTgFxhs1hJWPhYr8t2rW,0.0003610835182349257,Belgium,0.00015938413686156287,0.00018179517923638095,0.00020420622161119905,0.00022661726398601713,0.00024902830636083523
51.3,12.4,8.81801037468314e-05,16Uiu2HAmQXbkSnwNXPgZosAe2kdNozHWSNcKVoEetDF1vQx2sPd1,0.00039246824597667575,Germany,0.00011860891796981583,0.00014903773219280026,0.00017946654641578472,0.00020989536063876916,0.0002403241748617536
51.4,-1.3,2.4690429049112792e-05,16Uiu2HAmCuU16U6wcY8N2MPiAGSc2qKktfUxVscxbQxhWzkSG6RL,0.00038561314767586436,United Kingdom,6.0782700911787935e-05,9.687497277446308e-05,0.0001329672446371383,0.00016905951649981343,0.0002051517883624886
51.4,1.4,2.9393367915610465e-05,16Uiu2HAmEf7eGqCLR39qoKvyy45w1S9JNE9k1TJYrgb4pzcigS6p,0.00037451098937584405,United Kingdom,6.39051300616338e-05,9.841689220765716e-05,0.00013292865435368055,0.0001674404164997039,0.00020195217864572726
51.4,5.5,1.4696683957805232e-05,16Uiu2HAm95Be4pjEYJ2z8LPu46KQeCd9eyAJ9apu5baYwQPQ5wyn,0.0003600754690282745,Netherlands,4.9234562464852156e-05,8.377244097189908e-05,0.00011831031947894604,0.00015284819798599294,0.00018738607649303987
51.4,6.2,2.9393367915610465e-05,16Uiu2HAmVRskHH3crihvjBzmCTQWNGsNzpFYjL4temkFZgvwXm9q,0.0003617040127085464,Netherlands,6.262443239490405e-05,9.585549687419764e-05,0.00012908656135349127,0.00016231762583278486,0.00019554869031207845
51.4,6.8,7.348341978902616e-05,16Uiu2HAm8k2SieK97dJ9pQcs1BJDjiAZGBhwfXyNvc5XFLiBnaxB,0.0003613783957668926,Germany,0.0001022729173868128,0.00013106241498459943,0.0001598519125823861,0.00018864141018017273,0.00021743090777795937
51.4,7.4,1.4696683957805232e-05,16Uiu2HAm5NUuPY82kiW6jre5XVHyZWArVRBug8kbcbjB3yEwbp5a,0.00036907339828317617,Germany,5.013435539034232e-05,8.557202682287941e-05,0.00012100969825541653,0.0001564473696879536,0.0001918850411204907
51.5,-2.6,1.4696683957805232e-05,16Uiu2HAm3ZUbtNKSpKZfCPoP8Mxk6DJkeSiXzDQoNFA3vdVH3PQB,0.0003928079040886014,United Kingdom,5.2507805970884844e-05,9.031892798396445e-05,0.0001281300499970441,0.00016594117201012372,0.00020375229402320332
51.5,-1.0,2.9393367915610465e-05,16Uiu2HAmNMwerR3jPRHr4KMDrFv9YZZ6PVBUt5Gcme7SGEo7Smhv,0.00038363381077054134,United Kingdom,6.481741220110354e-05,0.00010024145648659663,0.00013566550077208974,0.0001710895450575828,0.0002065135893430759
51.5,0.7,2.9393367915610465e-05,16Uiu2HAmGJ1d7GKwAgfnSaytmV5pQpGda1Sf38UracHyebGqzG1d,0.0003781893885000742,United Kingdom,6.427296997405683e-05,9.91525720325032e-05,0.0001340321740909496,0.00016891177614939597,0.00020379137820784234
51.5,3.6,1.4696683957805232e-05,16Uiu2HAmJPeu5kAGNPyU4YXLW4zeyzTRUoGc43ZCfHieDdCtTFvn,0.0003653098419110793,Netherlands,4.9757999753132634e-05,8.481931554846003e-05,0.00011988063134378747,0.00015494194713911485,0.00019000326293444226
51.5,4.3,0.0044971852910884015,16Uiu2HAmD6rep6iyFzdGxAdd3wBzmujAc93kLp9veJEsBCCEMdK7,0.000363023847285885,Netherlands,0.00408376914670815,0.003670353002327898,0.0032569368579476463,0.002843520713567395,0.0024301045691871434
51.5,10.3,1.4696683957805232e-05,16Uiu2HAm3RBsf2gH9tAwcFXfUvbCkZLN1CqcQ3eGw31qxwuiCASQ,0.0003820527521735817,Germany,5.143229077938286e-05,8.81678976009605e-05,0.00012490350442253818,0.00016163911124411582,0.00019837471806569346
51.5,11.9,1.4696683957805232e-05,16Uiu2HAm3xGPqK32UiPtNuz7SN1ETVg96UQjD2ucCfXvdnHSTMnS,0.000390611797768099,Germany,5.22881953388346e-05,8.987970671986397e-05,0.00012747121810089337,0.00016506272948192276,0.00020265424086295212
51.6,-3.9,2.9393367915610465e-05,16Uiu2HAmVH1nfBj9rxa5TeLsww6AmkKDzR3q6YG1Hn8mwruwcAxP,0.0004009064943914052,United Kingdom,6.654468056318993e-05,0.0001036959932107694,0.0001408473058583489,0.00017799861850592834,0.00021514993115350782
51.6,-3.3,5.878673583122093e-05,16Uiu2HAmEbwSDxQyN4d5haFyaUj8oLGdNRfEV478D23pSuscJ7Ey,0.0003983155121249958,United Kingdom,9.27396134605984e-05,0.0001266924910899759,0.0001606453687193534,0.00019459824634873087,0.00022855112397810837
51.6,-0.3,1.2933081882868605e-05,16Uiu2HAmJ2EikvKjEjJkCCYwV6GAJFxPEk12YPVhY8D1b4gvfkyU,0.0003839593590766869,United Kingdom,5.0035709602250425e-05,8.713833732163225e-05,0.00012424096504101413,0.00016134359276039593,0.00019844622047977776
51.6,5.1,0.0002546935329887647,16Uiu2HAmBjMeEBiXamrsZvZV8f6Jp7HQc6UvsmomWULHCGwunPTd,0.0003612558037358084,Netherlands,0.00026534976006346904,0.0002760059871381734,0.0002866622142128778,0.00029731844128758213,0.00030797466836228655
51.6,7.5,1.4696683957805232e-05,16Uiu2HAmJbsQe3drf65aAXKJcZyFgAbepjpTFRvG3abmCWiJR6cy,0.00036957558103932936,Germany,5.018457366595764e-05,8.567246337411004e-05,0.0001211603530822625,0.0001566482427904149,0.0001921361324985673
51.7,-2.0,0.00018944025621610947,16Uiu2HAmFaLJ1Q17iDbTwiQoiQBCG4rBRbCpiMnLeo3XjX5bgWc8,0.000388454509607195,United Kingdom,0.000209341681555218,0.00022924310689432657,0.00024914453223343514,0.0002690459575725437,0.0002889473829116522
51.7,8.8,2.9393367915610465e-05,16Uiu2HAmAS6pZx1yRCaTS4bE9fbDh1fUr3Y2ARyTLDCjwLtzKdHH,0.000378974770316007,Germany,6.435150815565011e-05,9.930964839568977e-05,0.00013426778863572945,0.0001692259288757691,0.00020418406911580875
51.7,17.8,2.9393367915610465e-05,16Uiu2HAkupHuLjsDLGD76RMWgKe2r3Mpq5qbxQzjnGBNdaqR1icn,0.0004381153014350587,Poland,7.026556126755528e-05,0.0001111377546195001,0.00015200994797144498,0.00019288214132338977,0.0002337543346753346
51.7,39.2,1.4696683957805232e-05,16Uiu2HAkz3cosXUqAgbs7aFtKuuM5A7iAgN8Ho63tvr13GckyhdZ,0.0006451746747559782,Russia,7.774448303762251e-05,0.0001407922821174398,0.00020384008119725714,0.0002668878802770744,0.0003299356793568917
51.8,-1.3,2.9393367915610465e-05,16Uiu2HAm4JEy7HDMzyyteLWBj295ijoUC8LUWzcH8Ukti3f2pqG4,0.0003859770217135712,United Kingdom,6.505173329540652e-05,0.00010071009867520259,0.00013636846405499868,0.00017202682943479475,0.00020768519481459082
51.8,-0.4,0.00010963726232522703,16Uiu2HAm5vhC7CV7uo5LqoExsLjM7RxK5aVzChXAG6g3NHHUDmP7,0.0003848621931110058,United Kingdom,0.00013715975540380492,0.00016468224848238276,0.00019220474156096066,0.00021972723463953856,0.0002472497277181164
51.8,0.1,4.6735454985820645e-05,16Uiu2HAkyhNKA4eL2SEZaFHMHsjjaTA3MCrwsTtFCGbfwLQuGMfv,0.00038194493457009693,United Kingdom,8.025640294424827e-05,0.00011377735090267589,0.00014729829886110353,0.00018081924681953118,0.00021434019477795877
51.8,1.2,1.4696683957805232e-05,16Uiu2HAmLnuqStzQxrm6sLpZEU9XCQmacxx9No1An5LMmzSQPEKH,0.0003761740736737,United Kingdom,5.08444229293947e-05,8.699216190098418e-05,0.00012313990087257367,0.00015928763984416315,0.00019543537881575263
51.8,4.6,0.00045736080476689887,16Uiu2HAkyKZpRcSqSWKSy9iprGybLiWGaPQGW7LKkd41o84ygeBZ,0.0003630010703930619,Netherlands,0.0004479248313295152,0.0004384888578921315,0.0004290528844547478,0.00041961691101736413,0.00041018093757998035
51.8,5.9,0.00024058471638927167,16Uiu2HAkzeCAGXKGMdbUgWZr4WijTLAKbx2ebvHRQ7YCCp6XNsV6,0.00036806473500693827,Netherlands,0.00025333271825103834,0.00026608072011280497,0.00027882872197457166,0.0002915767238363383,0.000304324725698105
51.8,11.2,2.895246739687631e-05,16Uiu2HAm2LJaZh3rhURDakoEG4Eve4hfMNS1cryVRskrUnH164cw,0.00038593428170809516,Germany,6.465064882799819e-05,0.00010034883025912006,0.000136047011690242,0.00017174519312136385,0.00020744337455248573
51.9,-8.5,2.9393367915610465e-05,16Uiu2HAmHhgGBWpchhnKPcZsg2RW1NhwxUvHgTMs9XHuQjEYxikj,0.0004320706060007939,Ireland,6.96610917241288e-05,0.00010992881553264715,0.00015019653934116554,0.00019046426314968384,0.0002307319869582022
51.9,4.2,0.00038593492073196544,16Uiu2HAmAd45VWzXmtgU9jxuvy73BPGW2rQ9xofnxJsUhkCT7qd6,0.0003644565640831914,Netherlands,0.00038378708506708805,0.00038163924940221066,0.0003794914137373332,0.0003773435780724558,0.0003751957424075784
51.9,5.6,3.924014616733997e-05,16Uiu2HAm1w8HYFLujRwoubXnauqKidjR9gv4QxtisGAwyACtj197,0.0003662854763708768,Netherlands,7.194467918769364e-05,0.00010464921220804731,0.00013735374522840104,0.00017005827824875472,0.0002027628112691084
51.9,6.4,1.4696683957805232e-05,16Uiu2HAmJSnictZnXdzm9VG3bdxPgHRy1zG8WRfGMvpBVQU2mYp3,0.0003679921216879416,Netherlands,5.002622773081886e-05,8.53557715038325e-05,0.00012068531527684615,0.00015601485904985979,0.00019134440282287342
51.9,8.4,1.4696683957805232e-05,16Uiu2HAmEcDu4MhHQ6JX7jALLWouTwqBUrJBEd2fcNkAZYufhpk9,0.00037898733322969976,Germany,5.1125748884994676e-05,8.755481381218413e-05,0.0001239838787393736,0.00016041294366656304,0.0001968420085937525
51.9,8.9,1.4696683957805232e-05,16Uiu2HAmFygFiNFFQVDTgMwzS3oXsyoExYzpZVKqFhWxdGDWBjnD,0.00037976740001771945,Germany,5.1203755563796645e-05,8.771082716978807e-05,0.0001242178987757795,0.00016072497038177092,0.00019723204198776235
51.9,19.1,5.334896276683299e-05,16Uiu2HAky5VFAZVTRM93eFvK63PSzheDUGCyihJGBTVioYhwtgsg,0.00045704213597140385,Poland,9.371828008729007e-05,0.00013408759740774715,0.00017445691472820426,0.00021482623204866137,0.0002551955493691184
52.0,-0.8,0.00013756096184505697,16Uiu2HAmG2Yu1TV8gSTCGWrSwJNEUq9mTbdDGJGicNuywjN12sfd,0.00038540835651258964,United Kingdom,0.00016234570131181024,0.0001871304407785635,0.0002119151802453168,0.00023669991971207006,0.0002614846591788233
52.0,5.2,0.17565608936524435,16Uiu2HAmU2enVq82xYwGHYP1R732vKH8vBJkzRhwqHnFZuUz6jRD,0.0003673200195600552,Netherlands,0.15812721243067593,0.14059833549610748,0.12306945856153906,0.10554058162697064,0.0880117046924022
52.0,7.6,1.4696683957805232e-05,16Uiu2HAm7iU2vPjLR1kuPETf2HFhHHQes3E7fBHwQR9m7Tqs2RQs,0.0003709206404027229,Germany,5.0319079602296994e-05,8.594147524678875e-05,0.00012156387089128055,0.0001571862665357723,0.00019280866218026406
52.0,9.3,1.4696683957805232e-05,16Uiu2HAmB8fA9Vti3K6RiCbNYuaNHdGwNVLGNmuh5XuFBLgP2tAM,0.0003809179015694785,Germany,5.131880571897255e-05,8.794092748013988e-05,0.00012456304924130722,0.00016118517100247455,0.00019780729276364187
52.1,-0.5,1.4696683957805232e-05,16Uiu2HAmQYqNUtBCfyWcu1n4vxN47uZBdhyPMgqz4Q8UXLJwHNtX,0.0003838202533404264,United Kingdom,5.1609040896067335e-05,8.852139783432945e-05,0.00012543375477259158,0.0001623461117108537,0.0001992584686491158
52.1,0.4,4.40900518734157e-05,16Uiu2HAmH1fmav89k4K2GEpgKbShWz3xfirJ7Wrm1UaycRb5VtZk,0.00038106490915375724,United Kingdom,7.778753760144985e-05,0.000111485023329484,0.00014518250905751816,0.0001788799947855523,0.00021257748051358648
52.1,1.2,1.4696683957805232e-05,16Uiu2HAmLCfZ8ZCtrmAy1qq8MPR8wg4mCf1VriFRuWksNuzVgU4j,0.00037702711688428447,United Kingdom,5.092972725045315e-05,8.716277054310106e-05,0.00012339581383574903,0.00015962885712839694,0.00019586190042104485
52.1,23.7,1.4696683957805232e-05,16Uiu2HAkzeCqMZ9K5PvADdwNS8PWEh3oYjQZggk3R321M1jrPYKt,0.0005178553556749276,Belarus,6.501255112951745e-05,0.00011532841830122968,0.00016564428547294195,0.00021596015264465417,0.0002662760198163664
52.2,-2.2,5.878673583122093e-05,16Uiu2HAmCpvvYDgXv7g9tphHRBPmC2WqkCaiJYewaxuSzRBQSm4z,0.0003930132831769135,United Kingdom,9.220939056579018e-05,0.00012563204530035942,0.00015905470003492873,0.00019247735476949797,0.00022590000950406723
52.2,-1.7,2.895246739687631e-05,16Uiu2HAm63tSAgFTQEgNxK15ckPbRqkbomjXppkz6eDkaGRsez5K,0.000389497956905782,United Kingdom,6.500701634776687e-05,0.00010106156529865743,0.00013711611424954803,0.00017317066320043857,0.00020922521215132914
52.2,0.0,2.9393367915610465e-05,16Uiu2HAmBVVyuGLL5jbdH7Pc7juapSe4Zvq889ucznU5sSGvfFMg,0.0003835591322656369,United Kingdom,6.48099443506131e-05,0.00010022652078561575,0.0001356430972206184,0.00017105967365562105,0.0002064762500906237
52.2,4.7,0.00020310817229686834,16Uiu2HAmV3BrMJT4W1ZwWSMVUtwvtEypC2nr7PpTtLYerG1rDTe7,0.00036923112330984083,Netherlands,0.00021972046739816557,0.00023633276249946283,0.00025294505760076007,0.00026955735270205736,0.0002861696478033546
52.2,5.4,1.2198247684978343e-05,16Uiu2HAmL3e3Dx4U8x8cN9JgbfhusJG2YxddWje2qAVgCgUE7BZM,0.00036781899760116173,Netherlands,4.7760322676596675e-05,8.332239766821501e-05,0.00011888447265983337,0.00015444654765145173,0.00019000862264307005
52.2,6.0,5.290806224809884e-05,16Uiu2HAmFZfUriyJAUwY7C7ZdWGZnA8eBt7p27Ex7g1HHtKyK9tN,0.0003695332924219212,Netherlands,8.457058526548107e-05,0.0001162331082828633,0.00014789563130024558,0.0001795581543176278,0.00021122067733501002
52.2,10.0,1.3520949241180814e-05,16Uiu2HAm9J5RrYWjkcNMCWoqfftDsU5YZDV38YcaijGwFjMAMegN,0.00038342671326859997,Germany,5.051152564392272e-05,8.750210204666462e-05,0.00012449267844940657,0.0001614832548521485,0.0001984738312548904
52.2,15.5,4.3061283996369336e-05,16Uiu2HAmQHHADpba9MCgXxaMr5rwWoCUJ3jhpwFDoS2x3Q6n1JzS,0.00041757518352876705,Poland,8.05126739496091e-05,0.00011796406390284886,0.00015541545385608867,0.00019286684380932843,0.0002303182337625682
52.2,21.0,0.003931656892392056,16Uiu2HAmSJ2XW8ZXLy7rLZ4gUw3WQqoNbYqq8SmSnca6faAxUkpT,0.000484801452375503,Poland,0.0035869713483904003,0.0032422858043887454,0.0028976002603870897,0.002552914716385435,0.0022082291723837795
52.3,6.7,5.878673583122093e-05,16Uiu2HAmKmdALXo7ddo6pZVkVaqeNANJLnKTfT9fKkgBbdE2ip4a,0.0003695680017673028,Netherlands,8.986486242482911e-05,0.00012094298901843729,0.0001520211156120455,0.0001830992422056537,0.00021417736879926187
52.3,8.0,1.3961849759914971e-05,16Uiu2HAmFtGZY8fhvr2D8qyRXoFPNsoaHK1BPVdSzK9AGymprTFe,0.0003775979828961358,Germany,5.0325463073537046e-05,8.668907638715913e-05,0.00012305268970078123,0.00015941630301440334,0.0001957799163280254
52.3,8.3,5.746403427501846e-05,16Uiu2HAm9q58LnAQUz2JAvYfZYrpNjLRFU6VgZ68gu1ERxuCQosk,0.0003779218483512312,Germany,8.950981568263973e-05,0.000121555597090261,0.0001536013784978823,0.00018564715990550357,0.00021769294131312482
52.3,10.4,2.6894931642783577e-05,16Uiu2HAmT3p5DmkVBP8Qg2Z2Bo2hmCHHNcEQMD3MK4deD2GZcRhu,0.00038503102935442897,Germany,6.270854141394811e-05,9.852215118511265e-05,0.0001343357609562772,0.00017014937072744175,0.00020596298049860626
52.3,104.3,5.7757967954174566e-05,16Uiu2HAmHTii6FqhtfwXFtySRSChHNVD5MZTFa8DDH9fX2y9uP5u,0.0011400537211223576,Russia,0.00016598754327099284,0.0002742171185878111,0.00038244669390462955,0.0004906762692214478,0.0005989058445382661
52.4,-1.5,4.2032516119322966e-05,16Uiu2HAmMK7ttSozNFWj7jRhR9rSnKgvwbqrQsCDTxXkbmi6vv6p,0.0003887265124786649,United Kingdom,7.670191575525714e-05,0.00011137131539119134,0.00014604071502712557,0.00018071011466305975,0.00021537951429899393
52.4,-0.7,2.6894931642783577e-05,16Uiu2HAmNNp7R4hbb7p7qzTEpwEpieuhxY9fSonoPKQ5ELcXCU9g,0.0003859797543757782,United Kingdom,6.280341391608304e-05,9.87118961893825e-05,0.000134620378462682,0.00017052886073598144,0.00020643734300928088
52.4,9.7,4.40900518734157e-05,16Uiu2HAkxBtx1XqT4G2ZAf7J9KEirQ4PjPZZbiEnKv2QnzhStKhy,0.0003835369241149573,Germany,7.803473909756985e-05,0.00011197942632172401,0.0001459241135458782,0.00017986880077003236,0.00021381348799418652
52.4,13.1,0.0016979078976452385,16Uiu2HAmLtyvJF9JYYq38jHXLkQ8UzPRyTpkCzHZ5e5ch5jn11H6,0.00040190284242803693,Germany,0.0015683073921235182,0.0014387068866017984,0.001309106381080078,0.001179505875558358,0.0010499053700366377
52.4,16.8,0.00017547840645619448,16Uiu2HAmPC4BBDUZD1qFjHkm1hRd75RYquSD9sZxRH9a4ogQHf4U,0.00042688217165006846,Poland,0.0002006187829755819,0.00022575915949496928,0.00025089953601435666,0.0002760399125337441,0.0003011802890531315
52.5,-2.1,0.00013094745406404463,16Uiu2HAm7ANtXckyHQuyYSJKW63a44dcw3bmPhpwmvjJvsT2N8jY,0.00039312611910753594,United Kingdom,0.00015716532056839376,0.0001833831870727429,0.00020960105357709205,0.00023581892008144116,0.0002620367865857903
52.5,4.7,4.40900518734157e-05,16Uiu2HAkziarFDEyaTeJGY7j1x5qVxGQkbkPMRksrpXVYNUPHme4,0.0003707152744227124,Netherlands,7.675257412834537e-05,0.00010941509638327503,0.0001420776186382047,0.00017474014089313437,0.00020740266314806405
52.5,5.0,0.003644777621535698,16Uiu2HAmQCbJG88fa1gdvK9Dn9DpjGsmvKGqRxWDjjkvx6kvGXwi,0.0003700590973809875,Netherlands,0.003317305769120227,0.0029898339167047563,0.0026623620642892845,0.0023348902118738137,0.002007418359458343
52.5,6.1,1.4696683957805232e-05,16Uiu2HAmLBCbKUtNazWsGdwYG4TMtAMfYEmd1upTkk66YTLPa4jp,0.00037345011792727076,Netherlands,5.057202735475178e-05,8.644737075169832e-05,0.0001223227141486449,0.00015819805754559144,0.000194073400942538
52.5,10.6,4.115071508185465e-05,16Uiu2HAm15Eic6nGGbB6iQDSp5AhDED5KjYUrYFanBSZuu8vAcKp,0.0003866015203450311,Germany,7.569579560817228e-05,0.00011024087613448992,0.0001447859566608076,0.00017933103718712523,0.00021387611771344289
52.6,-0.2,1.4255783439071075e-05,16Uiu2HAm3hmWzaSAK2feG3tu2TJQQoM6siEmajEmAQCTjihmTGHQ,0.00038387956285113023,United Kingdom,5.1218161380276984e-05,8.81805393214829e-05,0.00012514291726268883,0.00016210529520389473,0.00019906767314510065
52.7,-2.4,2.9393367915610465e-05,16Uiu2HAm7WmvjTH7UvD7CJxZvVyjKQUVp9M7T52Z8hfmrio6Mt3C,0.00039591457583565697,United Kingdom,6.60454887076151e-05,0.00010269760949961976,0.0001393497302916244,0.00017600185108362907,0.00021265397187563372
52.7,4.8,1.4696683957805232e-05,16Uiu2HAmTxDeCXGrgWPfyDpV41qDCcu4m1DmmDFWQnhyaEMx7hoc,0.00037163074494173,Netherlands,5.03900900561977e-05,8.608349615459017e-05,0.00012177690225298267,0.00015747030835137516,0.00019316371444976762
52.7,41.4,5.834583531248678e-05,16Uiu2HAmJ3KF3TWerUwmw7dhN1Nv38jsdggE2BmvyojR62hTFn2T,0.0006936426597429003,Russia,0.00012187551775552812,0.00018540520019856945,0.00024893488264161087,0.0003124645650846522,0.0003759942475276936
52.8,-1.2,0.00015622575047146963,16Uiu2HAmD1QsRTqB8rcAMqw1HdvtWGAAufVT3xEocLLh2aiMw18q,0.00038834030862468563,United Kingdom,0.0001794372062867912,0.00020264866210211282,0.00022586011791743443,0.00024907157373275603,0.00027228302954807764
53.0,-2.7,2.7923699519829943e-05,16Uiu2HAm3rpGhb9VBuSZcgKmApqYdj7swhhE4nW9dpqnC3UZaSWr,0.00039919507438337856,United Kingdom,6.505083700618479e-05,0.00010217797449253965,0.00013930511197889455,0.0001764322494652494,0.00021355938695160424
53.0,5.9,5.2761095408520784e-05,16Uiu2HAmV8LCWj28DZdq4vEFfYcRScDaKZoygMJTN5rArNE9hYmQ,0.00037422402769337145,Netherlands,8.490738863700584e-05,0.0001170536818654909,0.000149199975093976,0.00018134626832246107,0.00021349256155094612
53.0,8.5,2.1604125417973694e-05,16Uiu2HAmG1Se31CFmAHFbYmw2T9Yi6Jjd91GR2LE6MbvyRg1PztC,0.0003820790000542052,Germany,5.765161288159684e-05,9.369910034521998e-05,0.00012974658780884316,0.0001657940752724663,0.00020184156273608944
53.0,8.8,0.00013065352038488853,16Uiu2HAmDYvSD4BUEconJHgVYk7y4HjLCek56ssKWiCvg5mADNKh,0.0003850631927795264,Germany,0.00015609448762435231,0.00018153545486381608,0.0002069764221032799,0.00023241738934274368,0.00025785835658220747
53.1,6.7,0.0007408598383129618,16Uiu2HAmGKmVUxoDHCmJ9u6oiXYmQxJgT7Sp5EKABPXqAw55Bm7V,0.0003793321601078568,Netherlands,0.0007047070704924512,0.0006685543026719408,0.0006324015348514303,0.0005962487670309198,0.0005600959992104093
53.1,8.2,0.00010287678770463663,16Uiu2HAmQ7AGmGGtxztYkw8m4YFv1Sq9mAbXVxREdfRxS2qw9S8w,0.0003823925293705271,Germany,0.00013082836187122568,0.0001587799360378147,0.00018673151020440378,0.0002146830843709928,0.00024263465853758187
53.2,5.8,1.1169479807931976e-05,16Uiu2HAkxKfejBSqpeVAhESmxz87ddg4GnJhiFxgdYSw6BuuxCqo,0.0003757435004150998,Netherlands,4.762688186864875e-05,8.408428392936554e-05,0.00012054168599008234,0.0001569990880507991,0.0001934564901115159
53.2,7.5,1.4696683957805232e-05,16Uiu2HAmLj3iMUNDSjsXGhMyMQ2uyL8oNQ5UVcDMaj1CeZSSaJRy,0.0003800503661467966,Germany,5.1232052176704363e-05,8.776742039560349e-05,0.00012430278861450266,0.00016083815683340177,0.0001973735250523009
53.2,50.2,2.83646000385641e-05,16Uiu2HAm6QutRntWBCS6bZ6Uba6JUepdAtVkqrqzTM6gx1RvXX3G,0.0007768660319742606,Russia,0.00010321474323213373,0.00017806488642570337,0.00025291502961927306,0.0003277651728128427,0.00040261531600641233
53.3,-6.3,0.013373100600565294,16Uiu2HAmM96Bj9jH4EWfXgkMjYyhzBm2m6Khd5YsCpNT3u7evAZg,0.0004193439096552367,Ireland,0.01207772493147429,0.010782349262383284,0.009486973593292276,0.008191597924201271,0.006896222255110266
53.3,10.4,4.40900518734157e-05,16Uiu2HAmMDC4ekZPejRLuGk9ftzhDccwGgWHnUjQr1ziQpTAfDXY,0.0003906403276132042,Germany,7.874507944739454e-05,0.00011340010702137338,0.00014805513459535227,0.0001827101621693311,0.00021736518974330995
53.3,34.4,4.40900518734157e-05,16Uiu2HAmDt5RzUBhVTTWjyDuX2Zb6im7tKuRk97WgvhRKnmspgcL,0.0006249098802040737,Russia,0.00010217203470648149,0.00016025401753954726,0.00021833600037261312,0.0002764179832056789,0.0003344999660387447
53.4,-6.8,1.4696683957805232e-05,16Uiu2HAmDNLbF1juhHByjrUb8PhAk2378muuK7MBczZSPAT5pGVg,0.0004237811365699203,Ireland,5.560512921901673e-05,9.651357448022823e-05,0.00013742201974143977,0.00017833046500265125,0.00021923891026386276
53.4,-3.0,1.4696683957805232e-05,16Uiu2HAmFv3PAXXexjUqqsDZZig8EsqUyQfDcBghmakQJQ93CLhJ,0.0004031167117462607,United Kingdom,5.353868673665077e-05,9.23806895154963e-05,0.0001312226922943419,0.00017006469507318742,0.00020890669785203296
53.4,-2.6,0.00023441210912699344,16Uiu2HAkwVdPcrJTsCZCCVvX5B8ofaUVWAgRfQtb55TeEQNDtSEE,0.00040032328523285313,United Kingdom,0.0002510032267375794,0.00026759434434816534,0.00028418546195875137,0.0003007765795693373,0.0003173676971799233
53.4,6.6,1.4696683957805232e-05,16Uiu2HAm4jy5VWcDLkAv1b3narrmpeN1iXd3WBMdQMeiUXGpqak8,0.000381567416748788,Netherlands,5.1383757236903504e-05,8.807083051600177e-05,0.0001247579037951001,0.00016144497707419836,0.00019813205035329663
53.5,-113.9,1.4696683957805232e-05,16Uiu2HAmBVKEjNVKdrzbkqir1CDB8srp9xxw3RsePgS2Sv7FN5f1,0.0008642037805891451,Canada,9.964739362093919e-05,0.00018459810328407314,0.0002695488129472072,0.0003544995226103412,0.00043945023227347517
53.5,7.3,1.4696683957805232e-05,16Uiu2HAm3pzrwcLzTMyHjrckrTMbz5ZmSXoPjveuqGn4ch4TvZqu,0.00038223818810132127,Germany,5.145083437215683e-05,8.820498478650843e-05,0.00012495913520086006,0.00016171328561521165,0.00019846743602956325
53.5,9.1,5.878673583122093e-05,16Uiu2HAm1ijmLqcF4gTp1bACnWKQBNFP2AeMGZsnzmzCnWEdGa5j,0.00038904907503057,Germany,9.181296975115582e-05,0.00012483920367109075,0.00015786543759102568,0.00019089167151096055,0.00022391790543089548
53.6,-113.5,0.00029525638071230715,16Uiu2HAmJ81iwtjNcxJir3bsFFMmyAhCm5tctxzfJQ3zSeiKd43Y,0.0008583833129387717,Canada,0.00035156907393495357,0.00040788176715760005,0.00046419446038024653,0.000520507153602893,0.0005768198468255394
53.6,-6.8,1.4696683957805232e-05,16Uiu2HAmBTSTBHHJQTzJR34fywkwffTdsAB2UgzoKYTxRLoWcD14,0.0004244528376495419,Ireland,5.5672299326978885e-05,9.664791469615255e-05,0.00013762353006532623,0.0001785991454344999,0.00021957476080367356
53.6,10.0,0.00010287678770463663,16Uiu2HAmAfe7EeWbSQjQuypYnLYqLsfdYQVZYhf98gptTS3mUqwK,0.00039167852122656876,Germany,0.00013175696105682984,0.00016063713440902304,0.0001895173077612163,0.00021839748111340948,0.0002472776544656027
53.7,-1.5,1.4696683957805232e-05,16Uiu2HAm8huJpjmmRngxmCXXzy1Zpv9htCWiGMtGCgF4VhrSvv9H,0.00039951028036124095,United Kingdom,5.31780435981488e-05,9.165940323849236e-05,0.00013014076287883597,0.00016862212251917953,0.0002071034821595231
53.7,10.3,2.9393367915610465e-05,16Uiu2HAmE63P5W9YbasP89DamoLASbF9332Fz6uETptABXJrDiFC,0.0003957856592568844,Germany,6.603259704973785e-05,0.00010267182618386524,0.00013931105531799265,0.00017595028445212003,0.00021258951358624743
53.8,-2.7,4.2620383477635173e-05,16Uiu2HAmMbwAHxbTcYxLMzn1e3kk6yQ6o1YF61WV2WxR3crWKsrF,0.0004076803875350192,United Kingdom,7.912638388337358e-05,0.00011563238428911196,0.0001521383846948504,0.0001886443851005888,0.0002251503855063272
53.8,-1.8,2.9393367915610465e-05,16Uiu2HAmF1XxX8KmL6xgnjgUr2KUeQ3KKF3g2aRQH61EMixtMU3y,0.0004019309772562037,United Kingdom,6.664712884966979e-05,0.0001039008897837291,0.00014115465071778846,0.00017840841165184777,0.00021566217258590708
53.9,-9.3,1.4696683957805232e-05,16Uiu2HAm4r6WdPb4QbGuS3xwVA9dNdWqWDM1LAdWaUA7NDsSHQNN,0.000444451641853837,Ireland,5.7672179747408404e-05,0.00010064767553701157,0.0001436231713266148,0.00018659866711621796,0.00022957416290582112
53.9,27.6,0.00016078172249838925,16Uiu2HAmPKr5f19ZommWttCz3kBPBfwcMe489R8FRAwjYa2wNyiM,0.0005840602979217134,Belarus,0.00020310958004072165,0.00024543743758305404,0.0002877652951253865,0.0003300931526677189,0.00037242101021005134
54.3,48.4,2.9393367915610465e-05,16Uiu2HAmRiykCDWM9oWdps3RjdVgicYCwpNDQAUhaj176rS7d9tx,0.0007709523604727626,Russia,0.00010354926717132565,0.00017770516642704086,0.00025186106568275614,0.00032601696493847135,0.00040017286419418655
54.4,-6.4,1.4696683957805232e-05,16Uiu2HAmCJ5RKCWJPoKnedMLwEUiQk7LLQs9euvwAQTh2kw7UXH4,0.00042690177339977276,United Kingdom,5.5917192902001976e-05,9.713770184619871e-05,0.0001383582107903955,0.00017957871973459225,0.000220799228678789
54.4,18.5,8.671043535105088e-05,16Uiu2HAmKoufn6rT6paEYBRm4adLet6SGjwAP2PJLC9rdyTZtmbm,0.00046452614478850366,Poland,0.00012449200629479615,0.0001622735772385414,0.00020005514818228673,0.000237836719126032,0.00027561829006977727
54.5,-1.6,1.4696683957805232e-05,16Uiu2HAmPBswLZq3iFGWJ8XaLVhs1EH6m6HewN2YXDFb85D4U7Dm,0.0004078655920343151,United Kingdom,5.401357476545622e-05,9.33304655731072e-05,0.00013264735638075822,0.00017196424718840918,0.00021128113799606017
54.5,36.3,4.115071508185465e-05,16Uiu2HAmKh79T6kdDazzjRjSgTEMrwn3ZazcCSMjSwReRpNc1RsP,0.0005938859607162273,Russia,9.64242396452919e-05,0.00015169776420872916,0.00020697128877216647,0.00026224481333560375,0.000317518337899041
54.6,-5.9,2.4543462209534737e-05,16Uiu2HAkv8Ykfd3fr4NfAxsGDSu68eyLkE67y9wYC4dgFkkwbMEz,0.0004263334802263263,United Kingdom,6.472246401121389e-05,0.00010490146581289304,0.0001450804676145722,0.00018525946941625138,0.0002254384712179305
54.6,-3.5,1.4696683957805232e-05,16Uiu2HAmFNxmFWnttVvQ7Lt6oWmHGJTHp9dBn1znQXC3MFhkYMuL,0.00041590560737458167,United Kingdom,5.481757629948287e-05,9.49384686411605e-05,0.00013505936098283817,0.0001751802533245158,0.00021530114566619345
54.6,-1.2,1.4696683957805232e-05,16Uiu2HAmSG5HPzuYEWH4hMQGBh79qHcMRUzu9fC5i6wpBXxxjert,0.0004064351958935844,United Kingdom,5.387053515138314e-05,9.304438634496105e-05,0.000132218237538539,0.00017139208873211692,0.00021056593992569483
54.6,39.7,1.3667916080758868e-05,16Uiu2HAmLU3V12JzEX1WJJTZoiUWLfG8JXC3mYEddYcpNxR6bnnt,0.0006275802836672992,Russia,7.505915283941288e-05,0.0001364503895980669,0.00019784162635672097,0.000259232863115375,0.000320624099874029
54.7,25.3,0.0005596497251132232,16Uiu2HAmJ2PkRnHBQwWrf2WUN7jzKAAa1dDpZWq5FGxmx7RUCAAb,0.0005522273608331225,Lithuania,0.0005589074886852132,0.0005581652522572031,0.000557423015829193,0.000556680779401183,0.0005559385429731729
54.7,56.0,0.00011610380326666134,16Uiu2HAm3HaEDBDSTLkvEdQhGswEybtPRxycCH2rHARjeD9bUhJe,0.0008183508892067672,Russia,0.00018632851186067189,0.00025655322045468247,0.0003267779290486931,0.0003970026376427037,0.00046722734623671423
54.8,11.9,4.350218451510349e-05,16Uiu2HAmTpYdyhbqeufj6Lhe4iSt8HScHG9zEr3hSsXJPsg14wFM,0.00040977915231658787,Denmark,8.012988129525191e-05,0.00011675757807540034,0.00015338527485554883,0.00019001297163569726,0.0002266406684158457
54.9,-1.5,2.9393367915610465e-05,16Uiu2HAm4ncUvN3LtP4KVRibKZZghiPdJct4pL2j3NmUNaaK1JQK,0.00041048701666877667,United Kingdom,6.750273279092708e-05,0.0001056120976662437,0.00014372146254156037,0.00018183082741687694,0.00021994019229219357
54.9,9.8,1.4696683957805232e-05,16Uiu2HAmPDmMBuR3pt5szY4e3Py2v4yseuDrBdoqF1xnWjjeia2N,0.00040491377470825584,Denmark,5.371839303285029e-05,9.274010210789534e-05,0.00013176181118294044,0.0001707835202579855,0.00020980522933303054
54.9,37.2,1.4696683957805232e-05,16Uiu2HAmC1jjjtK38xFhG1JFmRedEXhU8GpNod2CXiZ4eZesnssx,0.0005753659331816861,Russia,7.076360888019331e-05,0.00012683053380258138,0.0001828974587249695,0.0002389643836473576,0.00029503130856974567
55.0,60.1,1.3961849759914971e-05,16Uiu2HAmJNPFczeKkqfk25HnSMDxCyFif2Ez9cBEyXDfREKQ4A8H,0.0008539153050434084,Russia,9.79571952882643e-05,0.00018195254081661361,0.000265947886344963,0.0003499432318733124,0.00043393857740166167
55.0,82.9,2.9393367915610465e-05,16Uiu2HAm61Z5233x9RrRhEoNHirxnKHrbobj5hzEvg3GhyHZM17B,0.0009965876191342375,Russia,0.00012611279303747315,0.00022283221815933585,0.0003195516432811986,0.00041627106840306133,0.000512990493524924
55.4,10.4,8.81801037468314e-05,16Uiu2HAmLcbE4R5UKDH6gwQWSxPnV1PmV47q3ecoStYrr9wG7oco,0.00041106183469479267,Denmark,0.00012046827684162752,0.00015275644993642363,0.0001850446230312198,0.0002173327961260159,0.00024962096922081205
55.4,37.8,4.364915135468154e-05,16Uiu2HAmDpXH79oYARussvpYZLy4Awm8fjwkSGwL3meswTSnKHt8,0.0005724565092800739,Russia,9.652988714722077e-05,0.00014941062293976,0.00020229135873229927,0.0002551720945248385,0.00030805283031737774
55.6,12.4,0.0022278703211636944,16Uiu2HAm8y3aNs9PrfcFXETyUvSKhHPrVr8KMbXMiwQBtoP82s7d,0.0004266917809151667,Denmark,0.002047752467138842,0.001867634613113989,0.001687516759089136,0.0015073989050642834,0.0013272810510394305
55.6,13.0,4.247341663805713e-05,16Uiu2HAm9cXaNiGhK5tRDoMHRSEz2sZRNRAPCKvkcU6SAM75yVKx,0.00042901270575670535,Sweden,8.112734554992194e-05,0.00011978127446178675,0.00015843520337365162,0.00019708913228551643,0.00023574306119738124
55.6,37.2,0.00012227641052893953,16Uiu2HAm7crrKhSWwnjUqkn5fHHeT73VLkxv3FmFfJjiRUPWVgYa,0.0005912816244272183,Russia,0.0001691769319187674,0.00021607745330859526,0.00026297797469842317,0.000309878496088251,0.00035677901747807893
55.7,23.8,1.4696683957805232e-05,16Uiu2HAm8XLzup4oGfhWT5nn97qShbvfiAXgLtVqMRv7KCMcYDfR,0.0005433947183762238,Lithuania,6.756648739964709e-05,0.00012043629084148894,0.00017330609428333084,0.0002261758977251727,0.00027904570116701454
55.8,-4.2,1.3667916080758868e-05,16Uiu2HAmKVwraSRyNYLv5VL4VRMWCVeQ9QP2UDF3XP55zJ2ePeJu,0.0004296044676326055,United Kingdom,5.5261571235943515e-05,9.685522639112817e-05,0.00013844888154631286,0.00018004253670149753,0.00022163619185668217
55.8,12.1,1.3520949241180814e-05,16Uiu2HAmP41cmL8XrLrf6ZxVSmNmTRWUDne6Ynm14X48ruihSTHx,0.0004276042381609439,Denmark,5.492927813315712e-05,9.633760702513342e-05,0.00013774593591710978,0.00017915426480908606,0.00022056259370106237
55.8,37.2,2.571919692615916e-05,16Uiu2HAmGg4Skr5ttRSYNXmKcEsvw2AAk1GRy2cPeHaKyGvPuw6A,0.0006006025391310203,Russia,8.320753114664527e-05,0.00014069586536713137,0.00019818419958761755,0.00025567253380810365,0.00031316086802858975
55.8,37.6,0.0014035333179703998,16Uiu2HAmKyV9HR3f4PjsufCxSiPK6gQiDMpYJf9atopgSe6o5CFg,0.0005862893423607478,Russia,0.0013218089204094347,0.0012400845228484694,0.0011583601252875043,0.001076635727726539,0.0009949113301655737
55.9,23.3,8.81801037468314e-05,16Uiu2HAmKVLACUvmg3hPNt52yrpHPqWwnNCqY5XmuvZeco467mfg,0.0005403837688012999,Lithuania,0.00013340047025227824,0.0001786208367577251,0.000223841203263172,0.0002690615697686188,0.0003142819362740657
55.9,37.9,5.5112564841769627e-05,16Uiu2HAmLJagKQeC1DPcK4fyK9g1mDxv1tiW2FPTJAfdym1a5N33,0.0005802710140819941,Russia,0.00010762840976579206,0.0001601442546898145,0.000212660099613837,0.0002651759445378594,0.00031769178946188187
56.0,37.5,8.759223638851919e-05,16Uiu2HAmBuvvHYoawWVhhtuZATHHpuC2pf8M3wqfHoSmRtn2guqp,0.000594773005909926,Russia,0.00013831031334065986,0.0001890283902928005,0.00023974646724494124,0.00029046454419708197,0.0003411826211492226
56.1,8.6,1.4696683957805232e-05,16Uiu2HAmAXW6vruP93aRsBTMYBfJf4bh6xqrpVC5xgGjD3rAXJ21,0.00041074295515485936,Denmark,5.430131107751064e-05,9.390593819721605e-05,0.0001335105653169215,0.00017311519243662688,0.0002127198195563323
56.1,10.2,2.2779860134598112e-05,16Uiu2HAm7pbNgbXwNTgRVF2zYJbxBhEAtzQqjdi3aujYnScZyRCb,0.00042562059184908047,Denmark,6.306393330604634e-05,0.00010334800647749457,0.00014363207964894283,0.00018391615282039106,0.00022420022599183928
56.1,47.3,1.3814882920336918e-05,16Uiu2HAmP6eFEkSZ7ju56moopn3aEnGe4qN37QqSbht6ct2mPrUu,0.000753667088160011,Russia,8.780010344430432e-05,0.0001617853239682717,0.0002357705444922392,0.0003097557650162066,0.000383740985540174
56.2,9.9,2.9393367915610465e-05,16Uiu2HAm3WvFo3LCzYRZUmzQhWahTAf6EYLEp9FK7LPdUbQfHhYJ,0.0004261568983146357,Denmark,6.906972095551298e-05,0.0001087460739954155,0.00014842242703531807,0.00018809878007522055,0.00022777513311512308
56.2,12.9,2.909943423645436e-05,16Uiu2HAm1Dp5SbCzTEZs9MsEPay5Rx8WWf2W4hniky72yKuCT7Ux,0.0004345564875218421,Sweden,6.964513956499312e-05,0.00011019084489353189,0.00015073655022207068,0.00019128225555060946,0.0002318279608791482
56.2,15.3,1.2492181364134448e-05,16Uiu2HAm5pMq53eNzA1QFtdQ8USySSonXiU145PNJobyzSHC9vBL,0.0004531232287406878,Sweden,5.655528610178978e-05,0.00010061839083944511,0.00014468149557710048,0.00018874460031475577,0.00023280770505241112
56.3,38.1,1.4696683957805232e-05,16Uiu2HAm2DkLeWefNkMdmLoxk8aoxWBzsgztYhjMkGKYEn5RCh5Y,0.0005830757605596175,Russia,7.153459161798645e-05,0.00012837249927816766,0.00018521040693834893,0.00024204831459853017,0.0002988862222587114
56.8,60.5,0.0002410256169080058,16Uiu2HAmVHRJuCWX1fyWLnC219wSveXUdzeEPBN6WQGUjyZ7vAdU,0.000853197358280408,Russia,0.000302242791045246,0.00036345996518248624,0.0004246771393197265,0.0004858943134569667,0.000547111487594207
56.9,23.9,0.00019002812357442165,16Uiu2HAmDnPsbSK7Fsm4AwivxwcWtwk2eec2K3XnNGQWxdefdGxX,0.000557090360589773,Latvia,0.00022673434727595677,0.00026344057097749194,0.00030014679467902706,0.0003368530183805622,0.0003735592420820973
57.0,60.9,1.4402750278649129e-05,16Uiu2HAkxvTH29Nm6tArDjdsasbkqsVnrcyWo5geeFU1yoSCzZ7N,0.0008563076883132839,Russia,9.859324408211259e-05,0.00018278373788557605,0.00026697423168903965,0.0003511647254925031,0.00043535521929596654
57.2,65.5,2.9393367915610465e-05,16Uiu2HAkveUAzspAc9kDEp5jJJsaCKx1jzDiv3JYLxpLyAsCGBch,0.0008956205205375358,Russia,0.00011601608317780298,0.00020263879843999548,0.00028926151370218807,0.0003758842289643806,0.00046250694422657313
57.7,12.0,2.851156687814215e-05,16Uiu2HAmPkPDbSQ4czcFuPFXaGpYnzydCarmKovByDDrZTbHz7AS,0.0004588391606869015,Sweden,7.154432625901807e-05,0.00011457708563989399,0.00015760984502076998,0.0002006426044016459,0.00024367536378252182
57.8,14.2,2.83646000385641e-05,16Uiu2HAm8JFM5ZtdMDSfJMeZ7iiRB97voJAWM42nipxWXDT5caLs,0.000467640082448292,Sweden,7.229214827953687e-05,0.00011621969652050966,0.00016014724476148248,0.00020407479300245528,0.00024800234124342803
57.8,28.3,1.4696683957805232e-05,16Uiu2HAkwh1EhdHQWEnTVvrTFwhoD7ggZQz5UmxvDP22XMvvdUTC,0.000616707200605935,Russia,7.48977356226182e-05,0.00013509878728743116,0.0001952998389522442,0.0002555008906170572,0.00031570194228187014
58.0,56.3,5.878673583122093e-05,16Uiu2HAmC1afVnzUxiAeJGeNmqPBc1EzwivPd1yjuuu1h7VvTFW2,0.0008260560360632822,Russia,0.00013551366585442702,0.00021224059587763314,0.00028896752590083937,0.00036569445592404544,0.00044242138594725156
58.3,8.6,1.4696683957805232e-05,16Uiu2HAmTZSPei2pJkjaRvQNhYrRL2iSwpyrE15yonrQC7PKJh6a,0.00045518716493867634,Norway,5.874573205589234e-05,0.00010279478015397944,0.00014684382825206658,0.00019089287635015367,0.0002349419244482408
58.5,8.8,5.878673583122093e-05,16Uiu2HAmCw51p8NqYH3irkUxuHCtMj2hsHpNPmBV6giGoKp8LkRz,0.00045803444338756935,Norway,9.871150658685577e-05,0.00013863627734249059,0.00017856104809812549,0.0002184858188537603,0.00025841058960939515
58.5,15.0,2.9393367915610465e-05,16Uiu2HAmCw4chRUyXNLoUBLSGjL3LaRDiWSYkeW94eXgDijCikF6,0.0004844365427009081,Sweden,7.489768539414022e-05,0.00012040200287266997,0.00016590632035119978,0.00021141063782972953,0.00025691495530825927
58.7,5.6,4.40900518734157e-05,16Uiu2HAmEmqtKebWioyc5oUu8mhrjVuc5issZcEs22e942m6sK14,0.0004580544573538585,Norway,8.548649242145997e-05,0.00012688293296950426,0.00016827937351754856,0.00020967581406559284,0.0002510722546136371
58.9,5.7,0.00010243588718590248,16Uiu2HAmUWhnERUXadzr9egBC8EpGHky1XaxMEtCe2A54ymqde84,0.00046072303748586414,Norway,0.00013826460221589863,0.0001740933172458948,0.00020992203227589103,0.0002457507473058872,0.0002815794623358833
58.9,17.9,1.4108816599493023e-05,16Uiu2HAkyGPwdKHomQeKvv3rm5C4fNkfLprLWN8Y2v5YujKHDoin,0.0005107586095584335,Sweden,6.377379589538706e-05,0.0001134387751912811,0.00016310375448717518,0.00021276873378306923,0.00026243371307896324
59.1,10.2,1.4696683957805232e-05,16Uiu2HAmG2ZSZoCLn5jK8JBFp7zei48R95aWQAG3yZsRC4fVDNMD,0.000473021234294628,Norway,6.05291389914875e-05,0.00010636159402516976,0.00015219404905885206,0.00019802650409253433,0.0002438589591262166
59.2,17.6,0.009656015293957194,16Uiu2HAkzxjyVZ9KAJKfWKiKqipJ4Tpgpw6rqScwDAS8X1kvCvSs,0.0005126936445658776,Sweden,0.008741683129018062,0.007827350964078932,0.0069130187991397985,0.005998686634200667,0.005084354469261536
59.4,24.7,0.00011272356595636613,16Uiu2HAmMaMS1Z7J8du1Wq6vzFura8zsi6WggWbHHEG7S6QoKNRi,0.0005913150388863438,Estonia,0.00016058271324936388,0.00020844186054236167,0.0002563010078353595,0.0003041601551283572,0.00035201930242135496
59.5,18.2,2.9393367915610465e-05,16Uiu2HAmQm2n572nb3eCCL6wrTifTxKUv4FNQLZK3yE4w4AZAk9u,0.0005246503833027941,Sweden,7.891906945432881e-05,0.00012844477099304718,0.00017797047253176557,0.00022749617407048393,0.0002770218756092023
59.6,16.6,1.4402750278649129e-05,16Uiu2HAkzGdRqTRrr48jfKsXpYVsFjhG47RQaPnYcQNeXuBMjPEn,0.000510236974676655,Sweden,6.39861727184497e-05,0.00011356959515825028,0.0001631530175980509,0.00021273644003785147,0.0002623198624776521
59.7,10.2,0.00010287678770463663,16Uiu2HAm1SXyYyaQBXYkQh9jdQPduoNK418U9at1FgYQdTzqYVCu,0.0004789605506244208,Norway,0.00014048516399661504,0.00017809354028859345,0.0002157019165805719,0.0002533102928725503,0.00029091866916452873
59.8,10.8,0.0002533708314325622,16Uiu2HAmGYkQ9qVuQ3vpDfVNvSLXxJnYLARC6gFPYWgoYjD8m3VQ,0.00048391854251462736,Norway,0.0002764256025407687,0.00029948037364897523,0.00032253514475718176,0.0003455899158653883,0.00036864468697359477
59.9,10.4,2.9393367915610465e-05,16Uiu2HAm6dzrsjDVGNV6fHdsTE4AN1yoxqQqwxytar53rPPg4zYg,0.00048217286643816926,Norway,7.467131776786633e-05,0.0001199492676201222,0.0001652272174723781,0.00021050516732463398,0.00025578311717688987
59.9,17.6,1.4696683957805232e-05,16Uiu2HAm2ZqjdKFheqSAgVroHzuTDUFrCXbhuToLPsnZmRGYgcsx,0.0005239375763048076,Sweden,6.562077319250546e-05,0.00011654486242720569,0.00016746895166190595,0.0002183930408966062,0.00026931713013130643
59.9,30.3,0.004782594893548979,16Uiu2HAmAzKGLSq31RELbMspVMEcvUg7uyQ35XrHB7o1MpCUT1m5,0.0006416158729302062,Russia,0.004368496991487102,0.003954399089425225,0.0035403011873633467,0.0031262032853014697,0.0027121053832395926
60.0,11.0,4.40900518734157e-05,16Uiu2HAkuhRFaZzJGgQJEmReZ4rQnE1MsUJgCdRhFxnN8YUC2Qyk,0.00048720146788624774,Norway,8.840119347469889e-05,0.0001327123350759821,0.00017702347667726534,0.0002213346182785485,0.0002656457598798317
60.1,23.7,1.1610380326666135e-05,16Uiu2HAm5vG3y6QGM9XcMCCMZz1o5eTpJ97MsQzp7LFU5otBXWmA,0.0005883577954789273,Finland,6.928512184189223e-05,0.00012695986335711833,0.00018463460487234452,0.0002423093463875706,0.0002999840879027967
60.2,24.7,0.03633226027944863,16Uiu2HAmTJ7hhcVicugHLaPynJdMtmZjHASuXeJCm2Ls61yWeNqv,0.0005961143443573746,Finland,0.0327586456859395,0.02918503109243038,0.02561141649892125,0.022037801905412126,0.018464187311903003
60.3,5.3,5.878673583122093e-05,16Uiu2HAmQy1eMVQGjfMVrFHrnjafz7qhkKKm8wt2BFQ7VNFmHj46,0.0004834843059304664,Norway,0.00010125649284114547,0.00014372624985107,0.0001861960068609946,0.00022866576387091912,0.00027113552088084365
60.4,25.0,0.08452327484445031,16Uiu2HAmQPAB7EZgmVet6JeyTBeMfBrB9bbXZw5tevCKmjgRLRg3,0.0006001925488628587,Finland,0.07613096661489156,0.06773865838533283,0.059346350155774066,0.050954041926215325,0.042561733696656584
60.5,15.4,1.4696683957805232e-05,16Uiu2HAm4UG7BXVjK71MseXmK3YR8WAZqRUuTpXYckNj2VYvhoYJ,0.0005146913100259385,Sweden,6.469614656461855e-05,0.00011469560917143186,0.0001646950717782452,0.00021469453438505853,0.00026469399699187185
60.6,24.9,2.9393367915610465e-05,16Uiu2HAmQm4tNgRUubcGbBLoP4hZgGvzMgZKLjF7gp8T9FPxjxcd,0.0006015572928344298,Finland,8.66097604074924e-05,0.00014382615289937432,0.00020104254539125632,0.0002582589378831382,0.00031547533037502016
61.1,28.2,7.171981771408954e-05,16Uiu2HAmS4N61ANQ9QzeVJiJt5HuCHyUj1vQ6xFtohhzZ93Y9DYd,0.0006385142121246413,Finland,0.0001283992571551447,0.00018507869659619986,0.0002417581360372551,0.0002984375754783102,0.0003551170149193654
61.2,-149.9,0.00010287678770463663,16Uiu2HAmDhDopRFpvzFAN3cUuMdbuKha6jvCMDwuDHncpY5c2SXE,0.0013960573540887154,United States,0.00023219484434304448,0.0003615129009814523,0.0004908309576198604,0.0006201490142582681,0.000749467070896676
61.5,23.8,8.715133586978503e-05,16Uiu2HAmAwcCh9tbTq7tM2MBm1Ag4Ybo5nxhGf2qWJ7EvVVsGEFp,0.000607149088464777,Finland,0.00013915111112928422,0.0001911508863887834,0.00024315066164828266,0.00029515043690778186,0.00034715021216728104
61.6,-149.1,2.9393367915610465e-05,16Uiu2HAmHMyL9gnUg3d8BdBQ1pSpg4oVR8FucBksbv7ARZkSXEif,0.0013874200331610697,United States,0.00016519603444015634,0.0003009987009647022,0.0004368013674892483,0.0005726040340137943,0.0007084067005383401
62.2,25.7,1.4696683957805232e-05,16Uiu2HAmVYHnu1yJKYsXuY3r8CnSWJwgtbrX1KDDjhZyrrfXTi8x,0.0006272088949607934,Finland,7.594790505810403e-05,0.00013719912615840286,0.0001984503472587017,0.00025970156835900053,0.0003209527894592993
64.1,-21.9,0.0002086929122008343,16Uiu2HAmKCL5zQSZcNdo2GMoBXGZJyXQxafA73jnjMUgCZ31i9uN,0.0006036775125901625,Iceland,0.00024819137223976715,0.00028768983227869994,0.0003271882923176328,0.0003666867523565656,0.0004061852123954984
65.0,25.5,2.9393367915610465e-05,16Uiu2HAmE9gRYqxpM2DnWHMJusmjWcHEtchmRLUCfwd5vW2k277y,0.0006664907080174814,Finland,9.310310192579753e-05,0.00015681283593598462,0.00022052256994617176,0.0002842323039563588,0.00034794203796654593
67.1,20.7,1.4696683957805232e-05,16Uiu2HAm2MJqUybDTo5o8RPWUuUtQiU9E8MD7KR4EY4j3K4eMyhV,0.0006649921212858554,Sweden,7.972622769061022e-05,0.0001447557714234152,0.0002097853151562203,0.00027481485888902535,0.0003398444026218303
