latitude,longitude,stake_weight,uuid,GDI,country,0.9linear_weight,0.8linear_weight,0.7linear_weight,0.6linear_weight,0.5linear_weight
-43.5333,172.6333,0.0005553498704183636,5e7c5636-8e9b-4c95-96f7-d42f48680685,0.004018555256211601,New Zealand,0.0009016704089976872,0.0012479909475770108,0.0015943114861563348,0.0019406320247356585,0.002286952563314982
-43.3044,172.5836,0.00018511662347278786,68485f5d-ab93-4231-a68e-b90f5af9c418,0.004015522717605864,New Zealand,0.0005681572328860954,0.000951197842299403,0.0013342384517127108,0.0017172790611260185,0.002100319670539326
-42.8794,147.3294,0.00018511662347278786,d68b0c9f-b397-48df-81f6-a558920b0f15,0.003881848648727318,Australia,0.0005547898259982408,0.0009244630285236938,0.001294136231049147,0.0016638094335746,0.002033482636100053
-41.4388,147.1347,0.00018511662347278786,6724e6d6-0852-4cd9-badb-e65bd4037617,0.003826208475774671,Australia,0.0005492258087029761,0.0009133349939331644,0.001277444179163353,0.0016415533643935414,0.0020056625496237294
-41.2866,174.7756,0.0007404664938911515,ad653814-ddc7-456d-821c-4212bef521ef,0.00392102280702024,New Zealand,0.0010585221252040603,0.0013765777565169692,0.001694633387829878,0.002012689019142787,0.002330744650455696
-38.1994,145.4908,0.00018511662347278786,87681097-00d2-498e-96bc-60e5a80d7701,0.003966044758174378,Australia,0.0005632094369429467,0.0009413022504131057,0.001319395063883265,0.001697487877353424,0.002075580690823583
-37.814,144.9633,0.005923731951129212,bd6f6af3-dc41-40fc-8fdf-a4a2612534c2,0.004198705289502453,Australia,0.005751229284966536,0.005578726618803861,0.005406223952641184,0.005233721286478508,0.005061218620315833
-36.8485,174.7635,0.0031469825990373935,b4a19692-8687-4cf4-a66f-dcda97a2e9ec,0.003850531890212036,New Zealand,0.0032173375281548578,0.0032876924572723216,0.003358047386389786,0.0034284023155072506,0.0034987572446247145
-36.3805,145.3987,0.00018511662347278786,e3308565-def6-46bb-8cf0-e7d7b4a493ba,0.004097802062341171,Australia,0.000576385167359626,0.0009676537112464642,0.0013589222551333028,0.001750190799020141,0.0021414593429069794
-34.9287,138.5986,0.0009255831173639393,104bc79a-7b3c-44ef-970e-5a40b2ee409b,0.0036514054168214475,Australia,0.00119816534730969,0.0014707475772554408,0.0017433298072011918,0.0020159120371469426,0.0022884942670926933
-34.9215,-57.9545,0.0011106997408367272,84439d55-63eb-4561-a3ae-8c3fbb715765,0.0030317943034142932,Argentina,0.0013028091970944838,0.0014949186533522404,0.001687028109609997,0.0018791375658677536,0.00207124702212551
-34.9033,-56.1882,0.00259163272861903,546c6b1a-caf7-417f-be97-e7bf8bb8915d,0.0030252584932412706,Uruguay,0.002634995305081254,0.002678357881543478,0.0027217204580057023,0.0027650830344679266,0.0028084456109301503
-34.6131,-58.3772,0.00259163272861903,59aa025b-9ee1-44bb-8d94-e2bc57bde76d,0.0030234058726922755,Argentina,0.0026348100430263546,0.002677987357433679,0.0027211646718410037,0.0027643419862483283,0.002807519300655653
-34.4775,150.4204,0.00018511662347278786,0a1e4a48-c17a-496b-b33d-03e8187252e1,0.003874074790222766,Australia,0.0005540124401477856,0.0009229082568227834,0.0012918040734977816,0.0016606998901727793,0.002029595706847777
-33.9258,18.4232,0.00037023324694557573,c6554062-6617-48dd-b952-b1e4d8f2899b,0.002708865571928148,South Africa,0.0006040964794438329,0.0008379597119420901,0.0010718229444403476,0.0013056861769386047,0.0015395494094368619
-33.9092,151.194,0.010551647537948908,4df7a4dc-4806-4e27-a0b9-258aafba8145,0.003946716645308198,Australia,0.009891154448684839,0.009230661359420765,0.008570168270156695,0.007909675180892625,0.0072491820916285536
-33.7338,18.9752,0.00037023324694557573,b7665af9-bee2-47ef-958e-1b5c8dbc86ca,0.002718459531657254,South Africa,0.0006050558754167435,0.0008398785038879113,0.0010747011323590794,0.0013095237608302473,0.001544346389301415
-33.4569,-70.6483,0.0009255831173639393,983445e3-278a-41cc-8796-1b595a9b414f,0.0029797890788332403,Chile,0.0011310037135108693,0.0013364243096577995,0.0015418449058047297,0.0017472655019516597,0.00195268609809859
-32.9468,-60.6393,0.00018511662347278786,21e800a6-3e79-4885-ba00-ad3941853817,0.002967735603469643,Argentina,0.00046337852147247335,0.0007416404194721588,0.0010199023174718444,0.00129816421547153,0.0015764261134712156
-31.9522,115.8614,0.0020362828582006663,247ed300-253e-4678-b896-a8922a5c9174,0.0031569467078649913,Australia,0.002148349243167099,0.0022604156281335313,0.002372482013099964,0.0024845483980663963,0.002596614783032829
-31.77,-52.341,0.00018511662347278786,dc1cb6c1-0d73-481a-b2c5-e55cecc2e085,0.0028141047819303052,Brazil,0.00044801543931853957,0.0007109142551642913,0.0009738130710100431,0.001236711886855795,0.0014996107027015464
-27.5535,152.9289,0.003517215845982969,6c244975-46e9-4de2-a417-2c8e55d01243,0.0038498266329853714,Australia,0.0035504769246832092,0.0035837380033834497,0.0036169990820836898,0.0036502601607839302,0.0036835212394841703
-26.8185,153.0654,0.00018511662347278786,37fd1840-675a-4bc7-aa33-fb4961ec667f,0.0038365558948986107,Australia,0.00055026055061537,0.0009154044777579523,0.0012805484049005348,0.0016456923320431172,0.002010836259185699
-26.2023,28.0436,0.0016660496112550908,5f2e2368-97c1-479d-9111-b6a44dd0b393,0.0024118465130700357,South Africa,0.0017406293014365852,0.0018152089916180798,0.0018897886817995744,0.0019643683719810685,0.0020389480621625634
-25.2079,-57.532,0.00018511662347278786,ecd93f1a-0bfb-4c0e-8117-65cb2709c4d3,0.002701780362133886,Paraguay,0.0004367829973388976,0.0006884493712050073,0.0009401157450711174,0.0011917821189372272,0.0014434484928033367
-24.7859,-65.4117,0.00018511662347278786,45ec3c41-42eb-41e0-8369-3e9c36f8336f,0.00272090388556817,Argentina,0.000438695349682326,0.0006922740758918642,0.0009458528021014025,0.0011994315283109407,0.0014530102545204787
-23.5475,-46.6361,0.0022213994816734544,d8125e48-c348-41ec-a608-ed2c95a63044,0.0025585495501332,Brazil,0.002255114488519429,0.0022888294953654032,0.002322544502211378,0.0023562595090573526,0.0023899745159033274
-22.9064,-43.1822,0.0005553498704183636,242021f5-1384-4374-be1b-e94cacafbbcf,0.002572620258062408,Brazil,0.0007570769091827679,0.0009588039479471724,0.0011605309867115771,0.0013622580254759814,0.001563985064240386
-22.9056,-47.0608,0.00018511662347278786,a1719964-8b26-4861-9cc7-a3aedf7e7651,0.002536408247885131,Brazil,0.0004202457859140221,0.0006553749483552563,0.0008905041107964909,0.0011256332732377252,0.0013607624356789592
-21.5514,-45.4303,0.00018511662347278786,46fb2be2-2cf4-4881-8194-c7e159572bfd,0.002491334264446303,Brazil,0.0004157383875701393,0.0006463601516674908,0.0008769819157648425,0.001107603679862194,0.0013382254439595455
-20.8823,55.4504,0.00018511662347278786,3e6bb34e-19f3-41a9-b170-42b73d3e9e69,0.00241158368859259,France,0.00040776332998476803,0.0006304100364967482,0.0008530567430087287,0.0010757034495207088,0.0012983501560326891
-20.1619,57.4989,0.00037023324694557573,f90d4ea4-c664-4853-bbf0-59014beaeec1,0.0024128716259717953,Mauritius,0.0005744970848481977,0.0007787609227508196,0.0009830247606534416,0.0011872885985560635,0.0013915524364586855
-20.1436,-44.8907,0.00018511662347278786,2f12ace7-1916-462f-a2fe-adc7397c4694,0.0024262461871116525,Brazil,0.0004092295798366743,0.0006333425362005607,0.0008574554925644474,0.0010815684489283337,0.0013056814052922203
-19.7697,-43.8514,0.00018511662347278786,6a50efe6-8e73-40e0-89f0-40037f21e3b9,0.002498051436322754,Brazil,0.0004164101047577844,0.0006477035860427809,0.0008789970673277778,0.0011102905486127742,0.0013415840298977707
-18.9743,-49.4621,0.00018511662347278786,309e606b-d9f2-4950-8971-12ede3abb1cd,0.002403428894419491,Brazil,0.00040694785056745816,0.0006287790776621285,0.0008506103047567989,0.0010724415318514693,0.0012942727589461394
-18.9186,-48.2772,0.001480932987782303,57f12374-b154-4e83-b4bb-7a3a05642151,0.002426385576695959,Brazil,0.0015754782466736684,0.0016700235055650341,0.0017645687644563997,0.0018591140233477654,0.001953659282239131
-16.6786,-49.2539,0.00018511662347278786,e50879fa-5b07-437e-9106-c20342907961,0.0023166909187200997,Brazil,0.00039827405299751903,0.0006114314825222502,0.0008245889120469815,0.0010377463415717127,0.001250903771096444
-8.65,115.2167,0.00018511662347278786,9123aac7-09e2-435a-b7f3-c9d1fd639334,0.0026629318888469347,Indonesia,0.00043289815001020253,0.0006806796765476172,0.000928461203085032,0.0011762427296224467,0.0014240242561598614
-7.2492,112.7508,0.00037023324694557573,e5220c14-7768-4f2c-95e5-53c2d74d636a,0.002609625789512333,Indonesia,0.0005941725012022514,0.0008181117554589271,0.0010420510097156029,0.0012659902639722788,0.0014899295182289544
-6.4,106.8186,0.00018511662347278786,e8664326-58d6-4df8-a2f2-013f42e37194,0.0025232531218717224,Indonesia,0.0004189302733126813,0.0006527439231525747,0.0008865575729924683,0.0011203712228323617,0.0013541848726722552
-6.3264,108.32,0.00018511662347278786,3669f08a-2be2-4445-87c9-34ba3bf69f62,0.0025275955442129296,Indonesia,0.000419364515546802,0.0006536124076208161,0.0008878602996948304,0.0011221081917688446,0.0013563560838428588
-6.2146,106.8451,0.00018511662347278786,4de02520-d767-4971-bdb4-0220e85b19c8,0.0025198563664097775,Indonesia,0.0004185905977664868,0.0006520645720601857,0.0008855385463538848,0.0011190125206475838,0.0013524864949412828
-6.1106,-38.3053,0.00018511662347278786,7c902ff8-a251-4497-8f3d-7852bac058a7,0.002201635637927374,Brazil,0.00038676852491824646,0.0005884204263637051,0.0007900723278091638,0.0009917242292546225,0.0011933761307000809
-3.6861,-40.3497,0.00018511662347278786,e2dc858e-4b29-4eb5-8199-15af61e33a5c,0.0021312113753022086,Brazil,0.0003797260986557299,0.0005743355738386719,0.0007689450490216142,0.0009635545242045562,0.0011581639993874984
1.2897,103.8501,0.03017400962606442,13d767b1-63a6-46b5-9c3e-880785456e7e,0.0023394046117784723,Singapore,0.027390549124635826,0.024607088623207235,0.021823628121778633,0.01904016762035004,0.016256707118921448
3.1412,101.6865,0.0016660496112550908,9be6f9aa-2db7-499c-bf7a-b29909015863,0.0022764583909715692,Malaysia,0.0017270904892267385,0.0017881313671983864,0.0018491722451700345,0.0019102131231416822,0.00197125400111333
3.5833,98.6667,0.00018511662347278786,e057a5e1-a2b5-428a-9cb1-78e490dfd8ce,0.0022383378467745914,Indonesia,0.0003904387458029682,0.0005957608681331486,0.000801082990463329,0.0010064051127935093,0.0012117272351236897
4.6097,-74.0817,0.00018511662347278786,b0da5194-2c94-4b49-aa8e-466315215635,0.001934497089442156,Colombia,0.00036005467006972465,0.0005349927166666614,0.0007099307632635984,0.0008848688098605352,0.001059806856457472
6.2518,-75.5636,0.00018511662347278786,251d4c37-a9ca-4f82-a140-fe842b76e10c,0.0018997775625092426,Colombia,0.0003565827173764333,0.0005280488112800787,0.0006995149051837243,0.0008709809990873698,0.0010424470929910152
7.8906,98.3981,0.001295816364309515,0360df9f-bd58-4c27-957a-479e06e848e5,0.0021512561590591394,Thailand,0.0013813603437844775,0.0014669043232594398,0.0015524483027344023,0.0016379922822093648,0.0017235362616843273
8.1271,98.3074,0.00018511662347278786,5a3b0f37-a1b5-4eeb-8c24-46c41acc32c8,0.0021456669826909,Thailand,0.00038117165939459906,0.0005772266953164103,0.0007732817312382216,0.0009693367671600329,0.001165391803081844
9.334,-79.8917,0.00018511662347278786,5ba5dc63-dd6e-493b-af3a-f71fc2946d17,0.0018170349890690451,Panama,0.00034830846003241356,0.0005115002965920393,0.0006746921331516651,0.0008378839697112909,0.0010010758062709165
9.5357,99.9357,0.00018511662347278786,bef59756-ea6d-4604-a64b-dd55689a7ffa,0.0021377965456132572,Thailand,0.00038038461568683474,0.0005756526079008816,0.0007709206001149287,0.0009661885923289756,0.0011614565845430224
9.9333,-84.0833,0.00018511662347278786,00a8b414-c495-48c3-a914-6d8198944f15,0.001810350390711295,Costa Rica,0.0003476400001966386,0.0005101633769204893,0.0006726867536443401,0.0008352101303681907,0.0009977335070920413
9.9667,76.2667,0.00018511662347278786,06bf694a-af78-476d-a26c-c26c8b9e4deb,0.0019091868827810729,India,0.00035752364940361633,0.0005299306753344448,0.0007023377012652734,0.0008747447271961019,0.0010471517531269302
10.4958,-66.8537,0.00018511662347278786,ac95492a-15c0-41e3-8902-14753c8bccb9,0.001753372413182316,Venezuela,0.0003419422024437406,0.0004987677814146934,0.0006555933603856463,0.0008124189393565991,0.000969244518327552
10.823,106.6296,0.0022213994816734544,b9c7b5d1-4592-4516-a77d-78da67f1df4c,0.002176394516376597,Vietnam,0.0022168989851437683,0.0022123984886140828,0.002207897992084397,0.002203397495554711,0.0021988969990250256
12.9719,77.5937,0.00018511662347278786,c5a0a441-9df4-44c6-94c9-1f448f7a4b44,0.0018532375446873022,India,0.0003519287155942393,0.0005187408077156907,0.0006855528998371423,0.0008523649919585936,0.001019177084080045
13.5833,100.8167,0.00018511662347278786,f6ef4666-46ba-403a-b3d9-6ca585f8b4a0,0.0020721320845735703,Thailand,0.0003738181695828661,0.0005625197156929443,0.0007512212618030227,0.0009399228079131009,0.0011286243540231792
13.754,100.5014,0.001480932987782303,55a31ac3-c618-40c3-a509-0bb251c96277,0.0020652907520364644,Thailand,0.0015393687642077192,0.0015978045406331352,0.0016562403170585513,0.0017146760934839676,0.0017731118699093836
18.0103,-66.624,0.0005553498704183636,229e14bb-da40-4870-8065-12295dad1caf,0.0015687970598746539,United States,0.0006566945893639926,0.0007580393083096216,0.0008593840272552507,0.0009607287462008796,0.0010620734651465087
18.7904,98.9847,0.00018511662347278786,3d643989-f768-4abd-bc27-1e5c6244effb,0.001962532222869932,Thailand,0.0003628581834125023,0.0005405997433522167,0.0007183413032919312,0.0008960828632316455,0.00107382442317136
19.0728,72.8826,0.004072565716401333,02c058c1-c82b-4555-a6f2-1b3f01474c7d,0.0017131665642549357,India,0.003836625801186693,0.0036006858859720533,0.0033647459707574134,0.003128806055542774,0.002892866140328134
19.1809,-96.1429,0.00018511662347278786,a5cd9ce1-5d4a-4fac-9724-6247abc7b0c1,0.0016667014313174427,Mexico,0.0003332751042572533,0.00048143358504171876,0.0006295920658261843,0.0007777505466106498,0.0009259090273951153
19.4285,-99.1277,0.0007404664938911515,a3c375f4-0e94-41c1-b40d-9d69c5c2343f,0.0016954195960069054,Mexico,0.0008359618041027269,0.0009314571143143023,0.0010269524245258776,0.0011224477347374531,0.0012179430449490284
19.6049,-99.0606,0.00018511662347278786,1f91c313-4bbe-4d04-9098-d8fdf2c2167b,0.0016901324374566182,Mexico,0.0003356182048711709,0.0004861197862695539,0.000636621367667937,0.00078712294906632,0.000937624530464703
20.5618,-100.2452,0.0007404664938911515,6133e82a-5f8d-41b1-80d1-c2f38162c8c5,0.0016717942556375368,Mexico,0.00083359927006579,0.0009267320462404286,0.0010198648224150671,0.0011129975985897057,0.0012061303747643443
20.7646,-156.4458,0.00018511662347278786,f8cd0415-28e6-4710-97e6-e884ebdc10a5,0.0021466803912119047,United States,0.0003812730002466995,0.0005774293770206111,0.0007735857537945229,0.0009697421305684345,0.0011658985073423464
20.9754,-89.617,0.00037023324694557573,307a73e8-e27e-4ee8-b32f-61744d06ec3c,0.0015625940606435415,Mexico,0.0004894693283153723,0.0006087054096851688,0.0007279414910549655,0.0008471775724247621,0.0009664136537945586
21.0245,105.8412,0.00037023324694557573,9b5c3de2-c449-4d50-8324-9a8119ad3fa3,0.0019848142733018556,Vietnam,0.0005316913495812038,0.0006931494522168317,0.0008546075548524597,0.0010160656574880879,0.0011775237601237157
21.1861,106.0763,0.00018511662347278786,3202f4ac-8b11-4737-afb6-6a8ecd5e3d1c,0.0019846785284793225,Vietnam,0.0003650728139734413,0.0005450290044740947,0.0007249851949747483,0.0009049413854754019,0.001084897575976055
21.2887,-157.8006,0.00037023324694557573,99bd5e7d-6cb7-4e4c-b7b7-28ac490f26fd,0.0021471696933035903,United States,0.0005479268915813771,0.0007256205362171786,0.0009033141808529802,0.0010810078254887816,0.001258701470124583
21.3274,-158.0103,0.00037023324694557573,417a9910-a8b0-41f2-807f-df77a91b748b,0.0021489160198017907,United States,0.0005481015242311971,0.0007259698015168187,0.0009038380788024403,0.0010817063560880618,0.0012595746333736832
22.0605,88.1098,0.00018511662347278786,2b6a5144-4f17-49ca-82b8-e4f024dcaac0,0.0018082984103780363,India,0.00034743480216331264,0.0005097529808538374,0.0006720711595443624,0.0008343893382348872,0.000996707516925412
22.2783,114.1747,0.011106997408367271,ea123e87-d65c-44a1-9472-0e45fe77ce48,0.002026337215434526,China,0.010198931389073997,0.009290865369780722,0.008382799350487446,0.007474733331194173,0.006566667311900898
22.3917,113.9716,0.0020362828582006663,c5b7a8bc-7566-49d1-8984-7c9c76d2745c,0.002027171837458706,China,0.0020353717561264703,0.0020344606540522742,0.002033549551978078,0.002032638449903882,0.002031727347829686
22.6163,120.3133,0.0005553498704183636,d6050ac6-0dc1-40f6-bb17-8a4760bf5426,0.002061190710907567,Taiwan,0.0007059339544672838,0.0008565180385162042,0.0010071021225651247,0.0011576862066140449,0.0013082702906629653
22.9908,120.2133,0.0005553498704183636,2d8f6484-42fb-49a8-9d8c-11990a8f56a0,0.002053202582090062,Taiwan,0.0007051351415855334,0.0008549204127527032,0.0010047056839198733,0.0011544909550870429,0.001304276226254213
23.1167,113.25,0.0005553498704183636,18274d86-539a-40ea-ba67-e8443bd77147,0.002016392029967879,China,0.0007014540863733151,0.0008475583023282666,0.0009936625182832182,0.0011397667342381698,0.0012858709501931214
23.5841,58.4078,0.00018511662347278786,c78109ee-a02b-4b77-89c4-c21e97d126ab,0.00147909190773172,Oman,0.00031451415189868103,0.00044391168032457425,0.0005733092087504676,0.0007027067371763607,0.0008321042656022539
23.9567,120.5761,0.00037023324694557573,3d10c5e3-a449-4c0c-b3fc-4c9944f4b2e5,0.0020342142943143076,Taiwan,0.0005366313516824489,0.000703029456419322,0.0008694275611561954,0.0010358256658930685,0.0012022237706299417
24.1469,120.6839,0.0007404664938911515,5070e74d-f3b3-4b90-a647-eca88fd7fced,0.002026815651421961,Taiwan,0.0008691014096442324,0.0009977363253973134,0.0011263712411503943,0.0012550061569034754,0.0013836410726565562
24.4259,54.605,0.00018511662347278786,3d09400d-b47d-4807-897c-459427ac4f93,0.0014149112012174297,United Arab Emirates,0.00030809608124725204,0.0004310755390217162,0.0005540549967961804,0.0006770344545706445,0.0008000139123451088
24.9937,121.297,0.002961865975564606,7e1c93c8-7b4c-44e7-8ec8-282d9f53f494,0.002007885158638101,Taiwan,0.0028664678938719553,0.0027710698121793053,0.002675671730486654,0.002580273648794004,0.0024848755671013534
25.0389,102.7183,0.0005553498704183636,f7518943-9d76-41eb-9d8f-8283469df424,0.0018751425537229726,China,0.0006873291387488245,0.0008193084070792854,0.0009512876754097465,0.0010832669437402071,0.001215246212070668
25.0772,55.3093,0.0005553498704183636,0d441f66-c47c-4e81-97a1-299767bc9c43,0.0014210617953815485,United Arab Emirates,0.0006419210629146821,0.0007284922554110006,0.0008150634479073191,0.0009016346404036376,0.000988205832899956
25.1164,56.3414,0.00018511662347278786,cce1a0b4-da1d-4f40-b224-f9bcd332fe48,0.0014320136969924145,United Arab Emirates,0.0003098063308247505,0.00043449603817671313,0.0005591857455286759,0.0006838754528806386,0.0008085651602326012
25.2604,55.2989,0.00037023324694557573,a9cc8f77-3ce9-49d2-a8f1-d773b7cf2444,0.0014175159755944458,United Arab Emirates,0.0004749615198104627,0.0005796897926753497,0.0006844180655402368,0.0007891463384051237,0.0008938746112700108
25.6715,-80.4445,0.00018511662347278786,21f305e6-557b-470f-b7be-7e563aac42a3,0.0013991976688596886,United States,0.0003065247280114779,0.000427932832550168,0.0005493409370888581,0.0006707490416275482,0.0007921571461662382
25.6751,-100.3185,0.0007404664938911515,dd9ae447-26c2-482b-90ca-13d35b3f993c,0.001492664863373195,Mexico,0.0008156863308393558,0.0008909061677875602,0.0009661260047357645,0.001041345841683969,0.0011165656786321734
25.7743,-80.1937,0.00259163272861903,2a4ab74d-82cd-489e-be55-88680ee21832,0.0013961235916684343,United States,0.0024720818149239704,0.002352530901228911,0.002232979987533851,0.002113429073838792,0.001993878160143732
25.9098,-80.3889,0.0005553498704183636,892ee9e4-e0da-4d9c-bbfa-10c5f048b7f2,0.0013935482129965357,United States,0.0006391697046761808,0.000722989538933998,0.0008068093731918153,0.0008906292074496323,0.0009744490417074496
25.9221,-97.4612,0.00018511662347278786,671f2b71-a896-4d6e-a4f1-da7d9df92819,0.0014964418776999581,United States,0.00031624914889550487,0.00044738167431822187,0.000578514199740939,0.0007096467251636561,0.000840779250586373
26.1216,-80.1288,0.0009255831173639393,7d192e6a-5daf-43f9-b140-051b4563af24,0.0013880297173165673,United States,0.000971827777359202,0.0010180724373544648,0.0010643170973497278,0.0011105617573449905,0.0011568064173402533
26.251,-81.711,0.00018511662347278786,1354db2b-76c3-4f8f-af85-885fe8eeb391,0.0013902894836888167,United States,0.00030563390949439075,0.0004261511955159936,0.0005466684815375966,0.0006671857675591994,0.0007877030535808023
26.2729,-80.2603,0.00018511662347278786,8a4b2ac9-b1c1-45dc-bfd8-c5d466c9d709,0.0013849536119866176,United States,0.0003051003223241708,0.00042508402117555377,0.0005450677200269368,0.0006650514188783197,0.0007850351177297027
26.5253,-80.0664,0.00018511662347278786,93c8aec0-92fe-43b7-9d7c-df42ed553f33,0.0013788231273222148,United States,0.00030448727385773053,0.0004238579242426732,0.000543228574627616,0.0006625992250125585,0.0007819698753975013
26.5629,-81.9495,0.00018511662347278786,e94fd4ab-83bb-4ccd-9822-88b67e084bd7,0.0013841615017356887,United States,0.0003050211112990779,0.00042492559912536796,0.0005448300869516582,0.0006647345747779483,0.0007846390626042383
26.7165,-80.0679,0.00018511662347278786,c0d440ba-f93a-4ff1-9220-08dccc1ce049,0.0013707727477217087,United States,0.0003036822358976799,0.00042224784832257196,0.0005408134607474642,0.0006593790731723563,0.0007779446855972483
26.9339,-80.1201,0.00018511662347278786,85175610-b3bf-46c7-860e-5f3745fc2bb4,0.001369949625309487,United States,0.00030359992365645773,0.00042208322384012766,0.0005405665240237976,0.0006590498242074676,0.0007775331243911374
27.3298,-82.4576,0.00037023324694557573,989c1086-c66c-49d6-8577-d86331d22575,0.0013652994909811038,United States,0.00046973987134912853,0.0005692464957526813,0.0006687531201562342,0.000768259744559787,0.0008677663689633398
27.8685,-82.6161,0.00037023324694557573,17e1a17e-dc7e-43b6-a378-03d94b5c2f7e,0.0013542183235071073,United States,0.0004686317546017289,0.000567030262257882,0.0006654287699140352,0.0007638272775701883,0.0008622257852263415
27.9951,-82.4046,0.0009255831173639393,17dd55cd-ad1d-4618-bbfa-b9043e5b0e8b,0.0013505711523788282,United States,0.0009680819208654282,0.001010580724366917,0.001053079527868406,0.001095578331369895,0.0011380771348713837
28.0997,-15.4134,0.00037023324694557573,ba6120ff-45a3-4c61-87d6-1759f12a81a7,0.0011358704729284835,Spain,0.0004467969695438665,0.0005233606921421572,0.0005999244147404481,0.0006764881373387388,0.0007530518599370296
28.1331,-80.7112,0.0005553498704183636,86df7fd6-613f-4a52-809a-803106e9d482,0.0013456315844170338,United States,0.0006343780418182305,0.0007134062132180976,0.0007924343846179647,0.0008714625560178318,0.0009504907274176987
28.4682,-16.2546,0.00018511662347278786,5888cf2e-4d2f-4871-89a0-abe477663b9f,0.0011281207952663936,Spain,0.00027941704065214843,0.000373717457831509,0.00046801787501086963,0.0005623182921902301,0.0006566187093695907
28.5383,-81.3792,0.0009255831173639393,e1025a52-3e53-4d58-a2c8-68c29fdd09e0,0.0013352386194864082,United States,0.0009665486675761862,0.001007514217788433,0.0010484797680006801,0.001089445318212927,0.0011304108684251739
28.6302,77.3918,0.00018511662347278786,af935914-bc32-45c7-9db0-9aab4d4f7573,0.0015305665700423687,India,0.0003196616181297459,0.000454206612786704,0.0005887516074436622,0.0007232966021006202,0.0008578415967575783
28.8053,-97.0036,0.00018511662347278786,5dca97a0-e9dd-4a6a-955e-d46a79dc1ce3,0.0014151931180450422,United States,0.0003081242729300133,0.0004311319223872387,0.0005541395718444642,0.0006771472213016896,0.000800154870758915
28.8654,-82.0406,0.00018511662347278786,0da0350b-6708-40c5-bac0-851dd1fcc13c,0.001330730212669079,United States,0.00029967798239241696,0.00041423934131204607,0.0005288007002316752,0.0006433620591513043,0.0007579234180709334
28.9005,-81.2637,0.00018511662347278786,a33caf05-a3ec-4cdf-9cab-98a35a9f31e3,0.0013273551127331105,United States,0.0002993404723988201,0.00041356432132485236,0.0005277881702508847,0.000642012019176917,0.0007562358681029492
29.3697,47.9783,0.00018511662347278786,9ff901ad-2d05-4a5a-b34b-9d0a7c5aacac,0.0012414922895493208,Kuwait,0.00029075419008044113,0.0003963917566880944,0.0005020293232957478,0.000607666889903401,0.0007133044565110543
29.451,-98.6169,0.00037023324694557573,0bbdb51c-d95c-4d72-8ee6-fd6924a65786,0.0013743928079721056,United States,0.0004706492030482287,0.0005710651591508817,0.0006714811152535347,0.0007718970713561877,0.0008723130274588406
29.548,-98.2911,0.00018511662347278786,1fd24515-072f-418c-9489-1c5cb2522e03,0.0013685193718305229,United States,0.00030345689830856134,0.0004217971731443348,0.0005401374479801084,0.0006584777228158818,0.0007768179976516554
29.5565,-81.219,0.00018511662347278786,b2da13fe-7334-436d-b63a-47d2eb8b7378,0.0013138810480467409,United States,0.00029799306593018317,0.0004108695083875784,0.0005237459508449739,0.0006366223933023691,0.0007494988357597644
29.5603,106.5577,0.00018511662347278786,125b1329-cb58-4dd2-bb16-834c954951ea,0.0018272725886072508,China,0.00034933221998623414,0.0005135478164996804,0.0006777634130131268,0.0008419790095265732,0.0010061946060400194
29.6516,-82.3248,0.00018511662347278786,44e6e9bc-3e37-468e-bc81-266d288970dc,0.0013157676794555032,United States,0.0002981817290710594,0.00041124683466933087,0.0005243119402676025,0.000637377045865874,0.0007504421514641455
29.6794,-95.9772,0.00018511662347278786,16a822cb-eb4a-42ba-aa8d-e113cf35abe8,0.0013857849539393122,United States,0.0003051834565194403,0.0004252502895660927,0.0005453171226127453,0.0006653839556593976,0.00078545078870605
29.6889,-95.4341,0.0027767493520918177,d4cd0247-de0a-4245-8ec3-3565d1e3879f,0.0013797538208807673,United States,0.0026370497989707128,0.0024973502458496078,0.0023576506927285024,0.0022179511396073974,0.0020782515864862924
29.7229,-98.0742,0.00018511662347278786,eae1e8c0-944b-45ed-a952-f2937ce94154,0.0013624978999805023,United States,0.00030285475112355926,0.0004205928787743307,0.0005383310064251022,0.0006560691340758737,0.0007738072617266451
29.8782,121.5494,0.001480932987782303,020c90b4-14a8-4f0e-a308-5b2da30309fe,0.0019441521963362973,China,0.0015272549086377024,0.001573576829493102,0.001619898750348501,0.0016662206712039006,0.0017125425920593
29.8947,-81.3145,0.00018511662347278786,29d0a362-5c5a-44ff-b15e-e220688cfc99,0.001307418623797512,United States,0.0002973468235052603,0.00040957702353773263,0.0005218072235702051,0.0006340374236026775,0.0007462676236351499
29.9746,-90.0852,0.00018511662347278786,d4b9b844-f2e3-4038-ae64-4ce4c21b840b,0.001347853101363651,United States,0.00030139027126187414,0.0004176639190509604,0.0005339375668400469,0.0006502112146291332,0.0007664848624182194
29.9891,-97.8772,0.00018511662347278786,36501f5e-a86c-4949-8b25-1ba7158de1fb,0.0013550179027510643,United States,0.00030210675140061546,0.0004190968793284431,0.0005360870072562709,0.0006530771351840985,0.0007700672631119261
29.9988,-95.1766,0.00018511662347278786,608eccf0-9bb9-4bd0-9402-0eafd4b26a55,0.0013709139658537822,United States,0.0003036963577108873,0.0004222760919489867,0.0005408558261870862,0.0006594355604251855,0.000778015294663285
30.0198,-95.4087,0.0005553498704183636,be332e7d-a725-46d9-b90a-0d989508e2de,0.00137292013936399,United States,0.0006371068973129261,0.0007188639242074889,0.0008006209511020517,0.0008823779779966142,0.0009641350048911768
30.0972,-95.6161,0.00018511662347278786,ddbc7a0f-d5c7-498b-9aaa-b41733992881,0.0013736123152098476,United States,0.00030396619264649383,0.00042281576182019975,0.0005416653309939059,0.0006605149001676117,0.0007793644693413177
30.2428,-97.7658,0.0037023324694557573,5f7f43b4-c8dc-4058-b490-488cff750d7e,0.0013488798098281463,United States,0.0034669872034929963,0.0032316419375302352,0.0029962966715674742,0.0027609514056047128,0.0025256061396419518
30.3322,-81.6556,0.00018511662347278786,17e4f813-e9c8-475d-bac0-0c11e9cfbbcb,0.0012961575000232678,United States,0.00029622071112783585,0.00040732479878288384,0.0005184288864379319,0.0006295329740929798,0.0007406370617480279
30.3586,-103.6621,0.00018511662347278786,bab60669-0aa8-4443-8a50-e7b628748abe,0.0014228545701861037,United States,0.0003088904181441194,0.000432664212815451,0.0005564380074867827,0.0006802118021581142,0.0008039855968294458
30.4016,-86.8636,0.0005553498704183636,d1033689-d900-4124-8ff0-6dfe076eb278,0.0013181259278847882,United States,0.000631627476165006,0.0007079050819116485,0.000784182687658291,0.0008604602934049333,0.0009367378991515759
30.43,-97.8326,0.0009255831173639393,2047bbd8-52d8-40d7-8609-ebfd83feba2d,0.0013461602742090254,United States,0.0009676408330484479,0.0010096985487329565,0.0010517562644174652,0.0010938139801019739,0.0011358716957864824
30.4394,-97.62,0.0011106997408367272,f0f9a503-9301-46c3-b378-c6d34b73658f,0.001343500540393032,United States,0.0011339798207923575,0.0011572599007479882,0.0011805399807036186,0.001203820060659249,0.0012271001406148796
30.4478,-84.3211,0.00018511662347278786,fe5d7ead-b6b6-4dcd-8736-162babd1185e,0.0013015496074716187,United States,0.00029675992187267093,0.000408403220272554,0.0005200465186724372,0.0006316898170723201,0.0007433331154722033
30.6667,104.0667,0.001480932987782303,04a57731-1e45-4410-9499-7094f9986106,0.0017972857889099662,China,0.0015125682678950694,0.0015442035480078358,0.0015758388281206018,0.0016074741082333682,0.0016391093883461345
30.8202,-96.3059,0.00018511662347278786,941a69fc-b375-4b85-b08f-fca91bd9ffc7,0.001350780217195867,United States,0.00030168298284509573,0.00041824934221740365,0.0005348157015897116,0.0006513820609620195,0.0007679484203343274
31.0982,-97.3428,0.00018511662347278786,c3940c94-c56d-44a9-b411-d0962d490b68,0.0013283027298521444,United States,0.0002994352341107235,0.00041375384474865915,0.0005280724553865948,0.0006423910660245304,0.0007567096766624661
31.1082,-85.5944,0.00018511662347278786,7846633e-d449-4549-a149-f91de71041ff,0.001292062844045979,United States,0.000295811245530107,0.00040650586758742604,0.0005172004896447453,0.0006278951117020643,0.0007385897337593834
31.2222,121.4581,0.008145131432802665,3a2f27ce-5201-4fcf-943f-e5587c5b0cba,0.0019202694918236645,China,0.007522645238704765,0.006900159044606865,0.006277672850508965,0.005655186656411065,0.0050327004623131645
31.535,-97.1899,0.00018511662347278786,1662183e-8855-476b-b739-d5fc7428c3fd,0.0013105969631726022,United States,0.0002976646574427693,0.0004102126914127507,0.0005227607253827322,0.0006353087593527135,0.0007478567933226951
31.769,35.2163,0.00018511662347278786,95f929e4-0368-44c6-81e9-47ba71096f72,0.0010703118761316317,Israel,0.0002736361487386722,0.00036215567400455656,0.000450675199270441,0.0005391947245363255,0.0006277142498022098
31.9293,34.7987,0.004442798963346909,6d40862e-0aa6-4641-83f3-823d43a0ebee,0.0010590172392143072,Israel,0.0041044207909336486,0.0037660426185203884,0.003427664446107128,0.003089286273693868,0.002750908101280608
32.0617,118.7778,0.00018511662347278786,969ecfd7-74ac-4b63-93d7-b13801d2ad09,0.0019379272987696276,China,0.0003603976910024718,0.0005356787585321558,0.0007109598260618399,0.0008862408935915239,0.0010615219611212077
32.3234,-110.9951,0.00037023324694557573,c8902297-8b2b-4194-8208-da7f45a8948a,0.001428476244001933,United States,0.00047605754665121144,0.0005818818463568471,0.0006877061460624829,0.0007935304457681186,0.0008993547454737543
32.3329,34.8599,0.00037023324694557573,7be029c6-e876-4066-819f-64807cc31cd6,0.0010518996947206792,Israel,0.00043839989172308607,0.0005065665365005964,0.0005747331812781068,0.0006428998260556171,0.0007110664708331275
32.473,-84.9795,0.00018511662347278786,33709574-0d07-45fb-9661-b430f425916c,0.0012513091404580702,United States,0.00029173587517131606,0.0003983551268698443,0.0005049743785683727,0.0006115936302669009,0.000718212881965429
32.6278,-115.4545,0.00018511662347278786,a793466c-f25a-4b12-bf09-b84b4ef92ec3,0.001360285126001314,Mexico,0.00030263347372564044,0.000420150323978493,0.0005376671742313457,0.0006551840244841984,0.0007727008747370509
32.6354,-86.0344,0.00018511662347278786,8219a47b-32bf-4cc3-8c6e-cacfe18312a6,0.0012508890942626257,United States,0.0002916938705517716,0.0003982711176307554,0.0005048483647097392,0.0006114256117887231,0.0007180028588677068
32.6401,-117.0842,0.00259163272861903,8110a5bb-9842-41b2-88a7-e7e387a6c1d2,0.0013925218265325922,United States,0.0024717216384103863,0.0023518105482017424,0.0022318994579930986,0.0021119883677844548,0.0019920772775758114
32.7254,-97.3208,0.00037023324694557573,b747021e-b125-492e-a346-41ee69c7ed7e,0.0012796027526399336,United States,0.0004611701975150115,0.0005521071480844473,0.0006430440986538831,0.0007339810492233189,0.0008249179997927547
32.7831,-96.8067,0.0033320992225101815,de29d922-2c03-4193-b298-e9d2ba2cbe51,0.0012688262567026728,United States,0.0031257719259294306,0.00291944462934868,0.002713117332767929,0.002506790036187178,0.002300462739606427
32.7969,-117.2405,0.0018511662347278786,88143a06-0825-49bd-b8e0-9588ee0b5dc4,0.0013920234560134501,United States,0.0018052519568564358,0.001759337678984993,0.00171342340111355,0.0016675091232421072,0.0016215948453706644
32.8059,130.6918,0.00018511662347278786,45cd2002-2ce7-49b1-818c-f1b75738ab91,0.0018812966378935346,Japan,0.0003547346249148625,0.0005243526263569371,0.0006939706277990119,0.0008635886292410865,0.0010332066306831611
32.8546,-79.9748,0.0005553498704183636,837720d3-15c8-4c18-8499-7f994a5d2ad8,0.0012119305013084233,United States,0.0006210079335073695,0.0006866659965963755,0.0007523240596853816,0.0008179821227743875,0.0008836401858633935
32.9029,-96.5639,0.0009255831173639393,f29fc2b9-05e9-41d9-a14c-36d35c4a9ad7,0.001260173510798136,United States,0.0009590421567073589,0.0009925011960507787,0.0010259602353941983,0.0010594192747376179,0.0010928783140810377
33.037,-117.292,0.0009255831173639393,4a070c24-957f-4f0a-9125-eb2b4fc41dbf,0.0013885564639631162,United States,0.000971880452023857,0.0010181777866837746,0.0010644751213436925,0.0011107724560036102,0.0011570697906635279
33.1032,-96.6706,0.00037023324694557573,83cce9b3-7f88-4571-bbc5-38cb04652731,0.0012581069046104494,United States,0.0004590206127120631,0.0005478079784785504,0.0006365953442450379,0.0007253827100115252,0.0008141700757780126
33.2533,126.5618,0.00018511662347278786,4ce1b194-e60f-412a-b8d7-5bb8272c7fe6,0.0018298630640219884,South Korea,0.0003495912675277079,0.0005140659115826279,0.0006785405556375481,0.0008430151996924682,0.0010074898437473882
33.4054,-86.8114,0.0005553498704183636,2e77e63e-a3ef-4df0-9dbf-e09245187f1b,0.0012348691972809875,United States,0.0006233018031046259,0.0006912537357908884,0.0007592056684771508,0.0008271576011634131,0.0008951095338496756
33.4484,-112.074,0.003517215845982969,7cb0d451-dd6e-4050-b791-9f568eb0e9b3,0.0013706622425408363,United States,0.0033025604856387557,0.0030879051252945427,0.0028732497649503292,0.002658594404606116,0.0024439390442619027
33.471,-81.9748,0.00018511662347278786,72401283-779f-41d6-a470-318e35ee1d58,0.001209614684394993,United States,0.00028756642956500835,0.00039001623565722884,0.0004924660417494494,0.00059491584784167,0.0006973656539338905
33.4936,-117.1484,0.0005553498704183636,f9324e56-9b7f-467d-90c0-4769ba87f525,0.0013695258784868765,United States,0.0006367674712252148,0.0007181850720320662,0.0007996026728389176,0.0008810202736457687,0.00096243787445262
33.5017,-117.6625,0.0011106997408367272,d4d27682-9ec9-4836-b41f-7db673c23ec7,0.0013904838900165072,United States,0.001138678155754705,0.001166656570672683,0.0011946349855906611,0.0012226134005086393,0.0012505918154266172
33.5726,-84.4133,0.00259163272861903,0dc190b3-7e14-4117-a0ee-e18ffe9717a4,0.0012139116186136733,United States,0.0024538606176184945,0.002316088506617959,0.002178316395617423,0.0020405442846168874,0.0019027721736163518
33.6654,-117.9686,0.0031469825990373935,f3c24f38-4a54-470e-9b8e-f26dfed251ee,0.0013876716480500798,United States,0.0029710515039386622,0.0027951204088399306,0.0026191893137411993,0.002443258218642468,0.0022673271235437364
33.767,-118.1892,0.001295816364309515,cbbfb60a-ef2a-4426-8d0f-3b975aa71520,0.0013937999444932792,United States,0.0013056147223278914,0.001315413080346268,0.0013252114383646442,0.0013350097963830206,0.0013448081544013971
33.8126,-84.6344,0.0009255831173639393,fecc896d-374e-4dcb-9246-7e982abd7f50,0.0012109429569134899,United States,0.0009541191013188944,0.0009826550852738494,0.0010111910692288046,0.0010397270531837595,0.0010682630371387147
33.8622,-118.3995,0.00870048130322103,ab569a05-f6ee-48c3-9c97-adeb6b9dff10,0.0013953749750371656,United States,0.007969970670402643,0.0072394600375842565,0.00650894940476587,0.005778438771947484,0.005047928139129097
33.8753,-117.5664,0.0005553498704183636,c60e00fb-db60-47cd-b68c-078d454860d6,0.0013827799496822484,United States,0.000638092878344752,0.0007208358862711404,0.0008035788941975291,0.0008863219021239175,0.000969064910050306
33.8873,-117.8946,0.0005553498704183636,be0321b4-7454-465c-be05-79c88c75963a,0.0013873808947608703,United States,0.0006385529728526142,0.0007217560752868649,0.0008049591777211157,0.0008881622801553662,0.000971365382589617
33.8935,-5.5473,0.00018511662347278786,38612c12-d534-4907-8e61-ea8df6ed387d,0.0009751744977545348,Morocco,0.00026412241090096255,0.00034312819832913724,0.000422133985757312,0.0005011397731854866,0.0005801455606136614
33.9412,-84.2135,0.0009255831173639393,e955d609-f366-49c9-af0e-5525be00dfed,0.0012029897300853776,United States,0.0009533237786360831,0.0009810644399082268,0.001008805101180371,0.0010365457624525146,0.0010642864237246585
33.9935,-81.074,0.00037023324694557573,d532d36d-ee31-427c-85c9-038e93ea02f3,0.0011873827721124099,United States,0.00045194819946225913,0.0005336631519789425,0.000615378104495626,0.0006970930570123093,0.0007788080095289928
34.0336,-117.0431,0.0005553498704183636,696b0952-7e50-4955-8bee-1cfc50353ea4,0.0013726519837064456,United States,0.0006370800817471717,0.00071881029307598,0.0008005405044047883,0.0008822707157335964,0.0009640009270624046
34.0534,-118.1271,0.0009255831173639393,8c68997c-96d0-4a6e-b53b-7bd8325c3216,0.0013880857802052583,United States,0.0009718333836480712,0.001018083649932203,0.0010643339162163352,0.001110584182500467,0.0011568344487845987
34.1065,-84.0335,0.00037023324694557573,d6d0b68c-3356-4cee-ad71-73afb22bd913,0.0011993898940744075,United States,0.0004531489116584589,0.0005360645763713421,0.0006189802410842253,0.0007018959057971084,0.0007848115705099916
34.1472,-118.8383,0.0009255831173639393,fa6ca23a-5ce5-4758-98cf-91b80e9287e6,0.0014018701404663275,United States,0.0009732118196741781,0.001020840521984417,0.0010684692242946558,0.0011160979266048947,0.0011637266289151334
34.1993,-118.5983,0.0005553498704183636,cd687eb8-08f0-4520-91bb-19179abf9398,0.001397336140424565,United States,0.0006395484974189837,0.0007237471244196038,0.000807945751420224,0.0008921443784208442,0.0009763430054214643
34.2237,-77.8862,0.00037023324694557573,d3326d85-efc6-4e9a-9850-c50c7e35c027,0.001179160673034487,United States,0.0004511259895544668,0.0005320187321633579,0.0006129114747722491,0.0006938042173811402,0.0007746969599900313
34.2313,-119.0464,0.00018511662347278786,b064aa90-1879-4805-871f-ca4975f035cf,0.001399145056262506,United States,0.00030651946675175964,0.00042792231003073146,0.0005493251533097033,0.0006707279965886752,0.0007921308398676469
34.2583,108.9286,0.00018511662347278786,5d754db1-b5fc-4d96-9221-a65d18a2edd6,0.0018012099485200774,China,0.00034672595597751675,0.0005083352884822456,0.0006699446209869747,0.0008315539534917036,0.0009931632859964327
34.2979,-83.8241,0.00018511662347278786,5770f371-f47e-4af3-ac87-8a10c3246807,0.0011953069279500613,United States,0.0002861356539205152,0.00038715468436824254,0.00048817371481596993,0.0005891927452636972,0.0006902117757114246
34.3985,-118.5535,0.00037023324694557573,37503e47-8b1c-41c1-9bdd-063d2cf8fbed,0.001388889199055773,United States,0.00047209884215659544,0.0005739644373676152,0.000675830032578635,0.0007776956277896547,0.0008795612230006744
34.4208,-119.6982,0.00018511662347278786,47801031-5f33-4ec7-a088-d32dc5e2aa52,0.0014107348341765888,United States,0.00030767844454316793,0.000430240265613548,0.0005528020866839282,0.0006753639077543081,0.0007979257288246883
34.4839,-114.3225,0.00018511662347278786,f18ef456-71e8-4070-a3ad-2091fa0b2c06,0.0013139851333685319,United States,0.0002980034744623622,0.00041089032545193663,0.0005237771764415112,0.0006366640274310855,0.0007495508784206599
34.5789,136.5371,0.00018511662347278786,b8551858-6b6f-4829-a736-1298a46cd702,0.001837346561586221,Japan,0.0003503396172841311,0.0005155626110954744,0.0006807856049068178,0.0008460085987181611,0.0010112315925295044
34.6059,-86.9833,0.00018511662347278786,04685109-4e22-44ba-9a9b-e73e43191615,0.001197353774213088,United States,0.00028634033854681786,0.00038756405362084785,0.0004887877686948779,0.0005900114837689078,0.0006912351988429379
34.65,133.9333,0.00018511662347278786,f65085c1-45bb-40c7-9f1e-b43a782dbf2e,0.0017922192908541663,Japan,0.0003458268902109257,0.0005065371569490635,0.0006672474236872015,0.0008279576904253393,0.000988667957163477
34.6938,135.5011,0.00037023324694557573,32123052-c361-47ed-ba33-d6fb80e6c125,0.0018061079616881366,Japan,0.0005138207184198318,0.0006574081898940878,0.0008009956613683441,0.0009445831328426001,0.0010881706043168562
34.7304,-86.5859,0.00037023324694557573,796feb44-0bb3-4d83-9142-8d1c5b00a4fa,0.00120009068115064,United States,0.00045321899036608214,0.0005362047337865885,0.000619190477207095,0.0007021762206276015,0.0007851619640481079
34.7371,-82.2543,0.0005553498704183636,664001c1-dc8d-452f-94fd-d6be5640adb7,0.0011750689555349008,United States,0.0006173217789300173,0.000679293687441671,0.0007412655959533247,0.0008032375044649785,0.0008652094129766322
34.7465,-92.2896,0.00018511662347278786,b9f9b9aa-1ccf-4ff8-91a0-7b088bc8b478,0.0012317108960957848,United States,0.0002897760507350875,0.0003944354779973872,0.0004990949052596869,0.0006037543325219867,0.0007084137597842863
34.8503,128.5886,0.00018511662347278786,26454a0a-aeb9-4a0a-8da2-c704f602fe1c,0.0017934024386286943,South Korea,0.00034594520498837844,0.000506773786503969,0.0006676023680195598,0.0008284309495351504,0.000989259531050741
34.9505,127.4878,0.00018511662347278786,a71faf10-3c16-4d23-b037-a88390c5680f,0.0017692984860224043,South Korea,0.00034353480972774947,0.0005019529959827111,0.0006603711822376729,0.0008187893684926345,0.000977207554747596
35.0,135.8667,0.00037023324694557573,38ef2113-b502-49f5-8fcc-deae332021a7,0.0017990591884818115,Japan,0.0005131158410991993,0.0006559984352528228,0.0007988810294064466,0.0009417636235600701,0.0010846462177136937
35.0456,-85.3097,0.00037023324694557573,7035f61a-5185-463d-8d9c-5f0bdd07b536,0.0011836333441978017,United States,0.0004515732566707983,0.0005329132663960209,0.0006142532761212435,0.0006955932858464661,0.0007769332955716887
35.0523,-86.8886,0.00018511662347278786,c1ce41aa-c973-4172-9a21-140141c2b0de,0.0011859788313567253,United States,0.0002852028442611816,0.00038528906504957535,0.00048537528583796915,0.0005854615066263628,0.0006855477274147566
35.0845,-106.6511,0.00037023324694557573,659ab23a-2f5c-4f61-8828-d9fc625860f4,0.0013092193456777548,United States,0.00046413185681879366,0.0005580304666920116,0.0006519290765652295,0.0007458276864384473,0.0008397262963116653
35.1017,129.03,0.00037023324694557573,93ba5c21-6a4d-4bc5-b8ea-7ce99bcc03f3,0.0017930489910776444,South Korea,0.0005125148213587826,0.0006547963957719894,0.0007970779701851964,0.0009393595445984032,0.00108164111901161
35.1287,-80.9338,0.0011106997408367272,ef01fbca-c6cb-4fd3-a33f-575de5843c31,0.0011580097351329933,United States,0.0011154307402663538,0.0011201617396959804,0.001124892739125607,0.0011296237385552336,0.0011343547379848602
35.1547,126.9156,0.00018511662347278786,5b07dc86-18e0-4a41-aa80-307c29b2eb78,0.0017881701837254172,South Korea,0.00034542197949805075,0.0005057273355233136,0.0006660326915485768,0.0008263380475738396,0.0009866434035991026
35.1753,33.3642,0.00018511662347278786,cc8919cd-45fe-4113-83c2-289f638fbc83,0.0010551164637182446,Northern Cyprus,0.0002721166074973335,0.00035911659152187915,0.0004461165755464249,0.0005331165595709707,0.0006201165435955162
35.3721,140.38,0.00018511662347278786,abe0edcd-16c3-44f6-a8d6-b9be4ae0e0b7,0.0018923574179424507,Japan,0.00035584070291975415,0.0005265647823667204,0.0006972888618136868,0.000868012941260653,0.0010387370207076193
35.4089,-80.5816,0.00018511662347278786,e016bbc6-63a3-4431-9b33-6decfd5dc87f,0.001149378443645261,United States,0.00028154280549003515,0.00037796898750728245,0.00047439516952452984,0.0005708213515417772,0.0006672475335590245
35.4282,-120.7695,0.00018511662347278786,806638f7-2058-4b4c-9529-7a120117df67,0.0013566248438713457,United States,0.00030226744551264365,0.0004194182675524994,0.0005365690895923552,0.000653719911632211,0.0007708707336720668
35.4333,139.65,0.00018511662347278786,10bf3a64-7869-48ec-8a23-6661f76607cf,0.001873528217067656,Japan,0.0003539577828322746,0.0005227989421917613,0.0006916401015512483,0.000860481260910735,0.0010293224202702219
35.4676,-97.5164,0.0009255831173639393,05f18716-e581-4dc1-ba94-adfdd01666e2,0.001223924377857007,United States,0.000955417243413246,0.0009852513694625527,0.0010150854955118596,0.0010449196215611663,0.001074753747610473
35.5393,-82.518,0.00037023324694557573,a1304b53-3fe4-4627-a259-3bda75d00ce6,0.0011493182617205065,United States,0.0004481417484230688,0.0005260502499005619,0.000603958751378055,0.000681867252855548,0.0007597757543330411
35.609,139.7302,0.02684191040355424,6b638c2a-f97e-423a-b99f-37c75c472f30,0.0018711544960248127,Japan,0.024344834812801298,0.021847759222048357,0.019350683631295412,0.016853608040542468,0.014356532449789525
35.6558,139.3239,0.00018511662347278786,c16b8d5f-631f-444e-81f5-2a7e367713af,0.0018636191118552756,Japan,0.0003529668723110366,0.0005208171211492853,0.0006886673699875342,0.0008565176188257829,0.0010243678676640318
35.7113,-78.6142,0.00018511662347278786,bf66a20f-da84-4d57-a363-230fde56eae1,0.0011349939599843116,United States,0.0002801043571239402,0.00037509209077509257,0.00047007982442624503,0.0005650675580773974,0.0006600552917285497
35.7326,-78.8503,0.0009255831173639393,c08843c6-8f16-42e6-aace-63bdef39800f,0.0011348588751872652,United States,0.0009465106931462718,0.0009674382689286045,0.0009883658447109372,0.0010092934204932696,0.0010302209962756023
35.7415,-94.6433,0.00018511662347278786,48ee2652-1c01-4119-8e11-ac1a72d78f8b,0.001174075761956824,United States,0.00028401253732119144,0.000382908451169595,0.0004818043650179987,0.0005807002788664024,0.0006795961927148059
35.7895,-83.9738,0.00037023324694557573,b680b998-8015-4322-945b-8c401262b336,0.001154830074342198,United States,0.00044869292968523797,0.0005271526124249002,0.0006056122951645624,0.0006840719779042246,0.0007625316606438868
35.8047,139.6019,0.00037023324694557573,934e616d-6c9b-4a01-be0e-e2724a289a8c,0.0018627579678620679,Japan,0.0005194857190372249,0.0006687381911288741,0.0008179906632205234,0.0009672431353121726,0.0011164956074038218
35.876,14.472,0.0009255831173639393,6fbbe259-dcf3-405d-a8b8-d33ff0185fcc,0.0009398006537402804,Malta,0.0009270048710015734,0.0009284266246392075,0.0009298483782768418,0.0009312701319144758,0.0009326918855521099
35.9328,-86.8788,0.00037023324694557573,941a5f01-a111-45b6-b2f6-808583dac32e,0.001161683726648287,United States,0.00044937829491584685,0.000528523342886118,0.0006076683908563891,0.0006868134388266602,0.0007659584867969314
35.998,-83.9152,0.00037023324694557573,db898e56-92f6-49a8-948f-b40ba5cb7a65,0.0011515499641182917,United States,0.0004483649186628473,0.0005264965903801189,0.0006046282620973905,0.0006827599338146621,0.0007608916055319337
36.0649,120.3804,0.00037023324694557573,4a6f9fd3-07f4-402a-af17-8bbef00b8334,0.0018532550938373624,China,0.0005185354316347544,0.0006668376163239331,0.0008151398010131117,0.0009634419857022904,0.0011117441703914692
36.1052,-86.6591,0.0007404664938911515,bf4649b3-bd09-4279-8ccc-efa3a3e21409,0.0011577545198389108,United States,0.0007821952964859275,0.0008239240990807034,0.0008656529016754792,0.0009073817042702553,0.0009491105068650311
36.1333,-5.4505,0.00018511662347278786,c49ec3de-cc1c-4653-b7ce-5a215dc7616b,0.0009236486243728385,Spain,0.0002589698235627929,0.000332823023652798,0.00040667622374280306,0.00048052942383280814,0.0005543826239228131
36.175,-115.1372,0.0033320992225101815,aeba1ad9-2b87-4cc7-95f7-83c85fb97bb8,0.0013087806634794002,United States,0.003129767366607103,0.0029274355107040254,0.0027251036548009474,0.002522771798897869,0.002320439942994791
36.1911,5.4137,0.00018511662347278786,b8f5e8d5-952b-49ad-8f12-d487a9baf9a4,0.000885758899145214,Algeria,0.0002551808510400305,0.0003252450786072731,0.0003953093061745157,0.0004653735337417583,0.0005354377613090009
36.2098,-86.3024,0.00018511662347278786,cdb65190-e1a2-4d80-8c71-d01505a2b843,0.0011540086841652208,United States,0.00028200582954203114,0.0003788950356112744,0.00047578424168051776,0.000572673447749761,0.0006695626538190043
36.2178,-85.5423,0.00018511662347278786,d080ccd4-eda3-4694-9494-f053807f7aec,0.0011494168754709645,United States,0.0002815466486726055,0.00037797667387242317,0.0004744066990722409,0.0005708367242720585,0.0006672667494718762
36.3493,126.5977,0.00018511662347278786,41230211-a128-42b1-83a9-992baf66ef3a,0.0017933788143825035,South Korea,0.0003459428425637594,0.0005067690616547309,0.0006675952807457026,0.0008284214998366742,0.0009892477189276457
36.4153,128.1606,0.00018511662347278786,751ce8a6-1b2f-4689-adf4-f9afd1bf8af1,0.0017563849297503903,South Korea,0.00034224345410054807,0.0004993702847283083,0.0006564971153560687,0.0008136239459838289,0.0009707507766115891
36.4703,-86.6514,0.00018511662347278786,8edf2864-c902-4a4b-8012-0305a4bbf8f6,0.0011453715421097302,United States,0.0002811421153364821,0.0003771676072001763,0.0004731930990638706,0.0005692185909275648,0.000665244082791259
36.5298,-87.3594,0.00018511662347278786,542b793c-0c29-4752-9112-05c3af90842b,0.0011457222680813966,United States,0.0002811771879336487,0.00037723775239450954,0.0004732983168553705,0.0005693588813162314,0.0006654194457770922
36.7836,127.0042,0.00018511662347278786,80c20685-2e36-4b9d-ab88-2a8d38f0f220,0.001776569667946244,South Korea,0.0003442619279201334,0.000503407232367479,0.0006625525368148248,0.0008216978412621703,0.000980843145709516
36.8028,2.9219,0.00018511662347278786,e88cbfe6-9945-4e99-9769-db814cde8327,0.0008616740715388633,Algeria,0.0002527723682793954,0.0003204281130860029,0.0003880838578926105,0.00045573960269921804,0.0005233953475058256
36.8468,-76.2852,0.001295816364309515,a5e36de3-4423-43c7-a929-1b04d78f0943,0.0011116079397787066,United States,0.0012773955218564341,0.0012589746794033534,0.0012405538369502725,0.0012221329944971915,0.0012037121520441108
36.8529,-75.978,0.00037023324694557573,d87e8ec5-ac03-40b3-a725-52d578dfb21b,0.001111824958338637,United States,0.00044439241808488187,0.000518551589224188,0.0005927107603634942,0.0006668699315028002,0.0007410291026421063
37.0465,-94.5103,0.00018511662347278786,b1aba5d1-790d-4946-acb0-102b75cb0a84,0.001155713949899391,United States,0.00028217635611544814,0.0003792360887581084,0.0004762958214007688,0.0005733555540434292,0.0006704152866860894
37.102,-8.6742,0.00018511662347278786,31c97d3b-58b5-4803-9840-e48278382ac6,0.0009102001399446696,Portugal,0.000257624975119976,0.0003301333267671642,0.0004026416784143524,0.0004751500300615406,0.0005476583817087288
37.1925,127.2788,0.00037023324694557573,f565a724-79ed-4876-93ec-a49984664c92,0.00176369979505791,South Korea,0.0005095799017568091,0.0006489265565680425,0.0007882732113792761,0.0009276198661905095,0.001066966521001743
37.2568,-121.8896,0.01036653091447612,44d0b784-db3b-4a1f-a10f-14dbfd174d35,0.0013503540630237394,United States,0.009464913229330883,0.008563295544185645,0.007661677859040406,0.006760060173895167,0.00585844248874993
37.3236,126.8219,0.00944094779711218,c2805a1f-57f5-4526-9054-1879603512f7,0.001775626878859927,South Korea,0.008674415705286955,0.00790788361346173,0.007141351521636504,0.006374819429811279,0.005608287337986053
37.41,127.2572,0.0005553498704183636,a6946da4-08f6-472f-a36d-8393aba673c7,0.0017602228386564666,South Korea,0.0006758371672421739,0.0007963244640659842,0.0009168117608897945,0.0010372990577136047,0.0011577863545374151
37.506,-77.6492,0.00037023324694557573,133c5c79-9bf1-4ec5-9132-ee8fe17fe428,0.001095263586539207,United States,0.00044273628090493885,0.000515239314864302,0.0005877423488236651,0.0006602453827830282,0.0007327484167423913
37.563,-122.3255,0.001480932987782303,05693994-ceb0-45b7-97d0-5e011aae5286,0.001352484631578833,United States,0.001468088152161956,0.001455243316541609,0.0014423984809212617,0.0014295536453009148,0.0014167088096805678
37.566,126.9784,0.004072565716401333,d8903b1a-05b7-405f-864a-6d951759189f,0.0017644022127338741,South Korea,0.003841749366034587,0.003610933015667841,0.003380116665301095,0.0031493003149343493,0.0029184839645676032
37.6391,-120.9969,0.00018511662347278786,69e46727-ff79-4acd-9994-7df6445b128c,0.0013362432274662236,United States,0.0003002292838721314,0.000415341944271475,0.0005304546046708186,0.0006455672650701621,0.0007606799254695057
37.6624,-121.8747,0.0005553498704183636,eaba72d1-9d59-4aa5-895f-1b1de735a5cb,0.0013355006763007193,United States,0.0006333649510065991,0.0007113800315948347,0.0007893951121830704,0.000867410192771306,0.0009454252733595414
37.669,-97.2802,0.0009255831173639393,3b6c31c7-0d6a-47e5-af4f-7286f962bb6c,0.0011808911633039364,United States,0.000951113921957939,0.0009766447265519387,0.0010021755311459385,0.0010277063357399382,0.0010532371403339379
37.6773,31.7246,0.00018511662347278786,2e3cba84-00ad-4aa6-9894-e751a9f3e781,0.0010018349571386158,Turkey,0.00026678845683937065,0.00034846029020595343,0.00043013212357253627,0.000511803956939119,0.0005934757903057018
37.7749,-122.4194,0.00684931506849315,122fa397-06f4-4d4f-ade3-9890cb3a1945,0.001350932786749116,United States,0.006299476840318747,0.0057496386121443435,0.00519980038396994,0.004649962155795537,0.004100123927621133
37.784,-79.4428,0.00018511662347278786,9f49923a-8c2b-49ef-96df-48aa4c8c2852,0.0010898418969490042,United States,0.00027558915082040946,0.0003660616781680311,0.0004565342055156528,0.0005470067328632745,0.0006374792602108961
37.8216,-122.0,0.001295816364309515,be9e64a9-6f52-4669-8e34-b42fab609e8d,0.0013395808585321444,United States,0.001300192813731778,0.0013045692631540409,0.001308945712576304,0.001313322161998567,0.0013176986114208297
37.9315,23.7678,0.0007404664938911515,b09a7e5e-d7b4-4180-be12-22a4e26b84e0,0.0009026277761234866,Greece,0.000756682622114385,0.0007728987503376186,0.0007891148785608519,0.0008053310067840855,0.0008215471350073191
37.9748,-87.5559,0.00018511662347278786,431e289f-bbd5-400f-9f63-d1e2465ed9b4,0.001118123474911659,United States,0.00027841730861667495,0.00037171799376056205,0.00046501867890444925,0.0005583193640483363,0.0006516200491922234
38.0049,-121.8058,0.00018511662347278786,fe27b56c-0872-48c7-93a6-348f30772f2d,0.0013254021679279609,United States,0.00029914517791830515,0.00041317373236382244,0.0005272022868093398,0.000641230841254857,0.0007552593957003744
38.0293,-78.4767,0.00018511662347278786,0883f035-281b-4c18-8a79-d313d0e4432d,0.0010855368726142795,United States,0.000275158648386937,0.00036520067330108615,0.0004552426982152354,0.0005452847231293845,0.0006353267480435337
38.0864,-92.4869,0.00018511662347278786,d1849a52-5691-40c7-9b9d-4ad486986fa9,0.0011166343512285237,United States,0.0002782683962483614,0.000371420169023935,0.00046457194179950865,0.0005577237145750823,0.0006508754873506558
38.1313,-85.5754,0.00037023324694557573,5a0e4c65-7e23-4164-b632-c0afa9eee979,0.0011037892704487747,United States,0.0004435888492958956,0.0005169444516462155,0.0005903000539965354,0.0006636556563468553,0.0007370112586971752
38.1917,-0.5658,0.0005553498704183636,c3250928-9544-4c40-9a8c-0c22ecd44faa,0.0008795628409997478,Spain,0.000587771167476502,0.0006201924645346405,0.0006526137615927789,0.0006850350586509173,0.0007174563557090557
38.207,128.5918,0.00018511662347278786,5b42e81b-d9b0-4cea-9baf-d611a556b8f6,0.0017243297852584485,South Korea,0.0003390379396513539,0.0004929592558299199,0.0006468805720084861,0.0008008018881870522,0.0009547232043656182
38.2324,-122.6367,0.00037023324694557573,6ebae7e6-9eaf-4f50-8828-b2448be8d4b2,0.0013479937876353008,United States,0.0004680093010145482,0.0005657853550835207,0.0006635614091524933,0.0007613374632214657,0.0008591135172904382
38.2383,-122.0402,0.00037023324694557573,73aaeda2-fc70-4454-a0c1-550d7af783d0,0.0013257744728792788,United States,0.00046578736953894605,0.0005613414921323164,0.0006568956147256866,0.0007524497373190569,0.0008480038599124272
38.2444,21.7344,0.00018511662347278786,99044db1-6bcd-4597-a04e-4a28f0089b01,0.0009680825157878888,Greece,0.00026341321270429796,0.00034170980193580806,0.00042000639116731816,0.0004983029803988283,0.0005765995696303384
38.2544,-104.6091,0.00018511662347278786,9929dca2-69f3-4cd7-b474-aad4b884b2af,0.001214554614054739,United States,0.00028806042253098294,0.000391004221589178,0.0004939480206473733,0.0005968918197055684,0.0006998356187637634
38.4088,-121.3716,0.00018511662347278786,8669f85b-5bf9-4737-ba30-60612feab2fe,0.0013181413682468244,United States,0.00029841909795019154,0.00041172157242759516,0.0005250240469049988,0.0006383265213824026,0.0007516289958598061
38.4262,27.4173,0.00018511662347278786,aa13080a-34af-4f4e-b9c1-52553dc6d1d5,0.0008954525668434729,Turkey,0.0002561502178098564,0.0003271838121469249,0.0003982174064839934,0.00046925100082106187,0.0005402845951581304
38.4701,-90.3046,0.001295816364309515,af63c91c-61b3-498a-917f-95a474eacfbf,0.0011009066520458633,United States,0.0012763253930831498,0.0012568344218567846,0.0012373434506304196,0.0012178524794040544,0.0011983615081776892
38.5458,-106.9253,0.00018511662347278786,d503ee2e-865c-49a5-b522-865277a033a0,0.0011987713984142594,United States,0.000286482100966935,0.0003878475784610822,0.0004892130559552294,0.0005905785334493765,0.0006919440109435236
38.569,-8.9013,0.00037023324694557573,252f83c1-e0ae-49cc-81f1-76d34961aaa6,0.0008774226427170725,Portugal,0.0004209521865227254,0.0004716711260998751,0.0005223900656770248,0.0005731090052541744,0.000623827944831324
38.5804,-121.4922,0.0009255831173639393,f658f8ba-bcdc-4d0d-84bd-ea2b162bc921,0.0013045737277837584,United States,0.0009634821784059212,0.001001381239447903,0.0010392803004898852,0.001077179361531867,0.001115078422573849
38.636,-77.4378,0.0007404664938911515,650137f3-30df-46ae-b1d8-423dbf537063,0.0010775187881638022,United States,0.0007741717233184166,0.0008078769527456816,0.0008415821821729467,0.0008752874116002118,0.0009089926410274768
38.679,-9.1569,0.003517215845982969,c117ea19-d775-4ca7-bdb9-94190e6c6958,0.0008768102107662579,Portugal,0.003253175282461298,0.002989134718939627,0.0027250941554179554,0.002461053591896285,0.0021970130283746137
38.6857,-121.0822,0.0007404664938911515,0ae01ee7-1152-440e-99ce-56ed3416fbff,0.001332335670479205,United States,0.0007996534115499569,0.0008588403292087622,0.0009180272468675675,0.0009772141645263727,0.001036401082185178
38.7073,-77.023,0.003517215845982969,3b5f0c16-7629-4b4f-aae9-3c49655b5608,0.0010766729872386898,United States,0.0032731615601085413,0.0030291072742341133,0.002785052988359685,0.0025409987024852575,0.0022969444166108296
38.7098,-90.8796,0.00037023324694557573,ba327083-71a7-4ff4-b139-cdc3822d8ced,0.0010958431936243112,United States,0.0004427942416134493,0.0005153552362813229,0.0005879162309491964,0.00066047722561707,0.0007330382202849435
38.7135,-78.1594,0.0005553498704183636,eba71347-f6d0-4663-98a4-dc664063d4fb,0.001073699693173949,United States,0.0006071848526939221,0.0006590198349694807,0.0007108548172450392,0.0007626897995205977,0.0008145247817961563
38.7934,-77.2716,0.0005553498704183636,ef9da976-5974-4ad4-b380-df7d6954fea7,0.001072369816567602,United States,0.0006070518650332873,0.0006587538596482112,0.0007104558542631351,0.000762157848878059,0.0008138598434929828
38.8339,-104.8214,0.0009255831173639393,2684816f-9264-470f-9106-77584aca6c13,0.0011900233391362598,United States,0.0009520271395411713,0.0009784711617184033,0.0010049151838956356,0.0010313592060728675,0.0010578032282500995
38.9209,-77.5039,0.05868196964087375,dcaf3dd0-7b05-4101-b1d3-56c9c5a2fa03,0.0010709576090921246,United States,0.05292086843769559,0.047159767234517425,0.04139866603133926,0.0356375648281611,0.029876463624982936
38.9517,-92.3341,0.0009255831173639393,e8b4fed6-2f4d-4a4a-bc46-52847208e497,0.0011097705661065988,United States,0.0009440018622382053,0.0009624206071124712,0.0009808393519867373,0.0009992580968610032,0.001017676841735269
38.9786,-76.4918,0.0005553498704183636,1231e967-b2f1-49ec-9cb2-f006e58c9abf,0.0010737367324548724,United States,0.0006071885566220145,0.0006590272428256654,0.0007108659290293163,0.0007627046152329671,0.000814543301436618
38.9942,-1.8564,0.00018511662347278786,30955879-ee54-47dd-9dac-fa8f3b0d20c8,0.0008722287880197952,Spain,0.0002538278399274886,0.00032253905638218933,0.00039125027283689007,0.0004599614892915908,0.0005286727057462915
38.999,-84.6266,0.002406516105146242,894e1f7c-a6c9-4f89-8073-657d53bf1db2,0.0010856889699950463,United States,0.0022744333916311222,0.002142350678116003,0.002010267964600883,0.0018781852510857638,0.001746102537570644
39.0284,-84.2177,0.00018511662347278786,d821a25e-dc45-4c17-b0ed-2ca8d75779d8,0.0010834395678565422,United States,0.00027494891791116327,0.00036478121234953867,0.0004546135067879142,0.0005444458012262897,0.000634278095664665
39.0417,-94.7202,0.0018511662347278786,37bb295e-3a36-4b90-b13f-86cfd7e07979,0.001131512906037702,United States,0.001779200901858861,0.0017072355689898432,0.0016352702361208257,0.001563304903251808,0.0014913395703827904
39.0993,-76.8483,0.0009255831173639393,386ec326-d173-4b09-a2e3-147eb779fd05,0.0010689661114515734,United States,0.0009399214167727027,0.0009542597161814661,0.0009685980155902296,0.000982936314998993,0.0009972746144077563
39.1071,-108.5968,0.00018511662347278786,90b444d4-c940-4c9d-a882-b969ed75071b,0.0012010142655439454,United States,0.0002867063876799036,0.00038829615188701934,0.0004898859160941351,0.0005914756803012508,0.0006930654445083666
39.1502,-123.2078,0.00018511662347278786,c8ecda07-039a-4010-871e-1a156dd1831c,0.0013491280695947499,United States,0.000301517768084984,0.00041791891269718024,0.0005343200573093764,0.0006507212019215727,0.0007671223465337689
39.2025,-119.7526,0.00018511662347278786,e0d062a0-4e5a-4a93-bd4e-eae8d1e65488,0.001324292558782594,United States,0.00029903421700376847,0.000412951810534749,0.0005268694040657298,0.0006407869975967103,0.0007547045911276909
39.213,-106.9378,0.00018511662347278786,a827fe42-c67a-4067-bd6a-fc8cadd9a16f,0.001187287530573224,United States,0.00028533371418283145,0.000385550804892875,0.0004857678956029187,0.0005859849863129624,0.0006862020770230059
39.2191,-121.0611,0.00018511662347278786,e5caabd0-d709-4481-a9ff-a6df50356f49,0.0013428443382272515,United States,0.0003008893949482342,0.00041666216642368054,0.000532434937899127,0.0006482077093745732,0.0007639804808500197
39.2844,-0.426,0.00018511662347278786,216296ba-a0f8-43ec-802e-429473482675,0.0008707179121699798,Spain,0.0002536767523425071,0.00032223688121222623,0.00039079701008194544,0.00045935713895166465,0.0005279172678213838
39.2904,-76.6122,0.0007404664938911515,10f76695-3c33-474f-a55a-63f09351361b,0.0010669725635488458,United States,0.0007731171008569209,0.0008057677078226904,0.0008384183147884597,0.0008710689217542292,0.0009037195287199986
39.328,-120.1833,0.00018511662347278786,d5dce5f2-8f95-459a-81d1-2b17c9966a99,0.0013288719944050489,United States,0.000299492160566014,0.00041386769765924006,0.0005282432347524662,0.0006426187718456924,0.0007569943089389184
39.3722,-104.8561,0.0005553498704183636,70a73bf0-480a-4732-b60c-79040c48b8c2,0.001176454392255865,United States,0.0006174603226021137,0.0006795707747858638,0.000741681226969614,0.0008037916791533641,0.0008659021313371142
39.4562,-77.9639,0.00018511662347278786,acefe79b-a97b-428a-8c11-43d6323acaef,0.0010622318125959886,United States,0.0002728281423851079,0.00036053966129742795,0.0004482511802097481,0.0005359626991220683,0.0006236742180343882
39.4739,-0.3797,0.00037023324694557573,bf9f0a77-8fe9-4ed8-8467-c3c9aed31244,0.0008598057814319961,Spain,0.00041919050039421776,0.0004681477538428598,0.0005171050072915018,0.0005660622607401439,0.0006150195141887859
39.5145,-76.4111,0.00018511662347278786,906e529a-d576-4ad0-85fa-590a28abe12d,0.0010647201242333494,United States,0.000273076973548844,0.00036103732362490013,0.0004489976737009564,0.0005369580237770125,0.0006249183738530686
39.5539,-104.9694,0.00518326545723806,5b3860e2-2df1-48f0-af70-79802781613f,0.0011758772288824383,United States,0.004782526634402498,0.004381787811566936,0.003981048988731374,0.0035803101658958116,0.0031795713430602494
39.559,-84.3041,0.00018511662347278786,20b7aa95-7b24-47d4-a53e-ee03b4479c95,0.0010715893715839277,United States,0.0002737638982839018,0.0003624111730950158,0.00045105844790612983,0.0005397057227172438,0.0006283529975283578
39.6029,-9.0684,0.00018511662347278786,3486ff92-409f-4eda-8f05-e91f40d229e5,0.000860125962600218,Portugal,0.00025261755738553086,0.00032011849129827386,0.0003876194252110169,0.0004551203591237599,0.0005226212930365029
39.6369,22.4176,0.00018511662347278786,30795a8a-e47d-4ab8-9ff8-4389dc5fe117,0.0009266620121479737,Greece,0.00025927116234030645,0.000333425701207825,0.0004075802400753436,0.0004817347789428622,0.0005558893178103808
39.7096,-86.2614,0.00018511662347278786,95605c23-661c-4cdf-8e36-c38e14607785,0.0010842036800446805,United States,0.0002750253291299771,0.00036493403478716634,0.0004548427404443557,0.0005447514461015449,0.0006346601517587342
39.7104,2.6223,0.00018511662347278786,38d00837-623d-487b-a04d-05a65c267851,0.0008209468590750276,Spain,0.0002486996470330118,0.00031228267059323577,0.0003758656941534598,0.0004394487177136838,0.0005030317412739077
39.7137,-75.6094,0.00018511662347278786,7fc0167a-f0fd-48fe-9878-730d3ce40edf,0.0010665147899587913,United States,0.00027325644012138816,0.0003613962567699885,0.0004495360734185889,0.0005376758900671893,0.0006258157067157896
39.7285,-121.8375,0.00018511662347278786,8d53c8ec-f26b-4d3c-8bb0-ba70bb6fe06c,0.0012958799989161618,United States,0.0002961929610171253,0.00040726929856146264,0.0005183456361058001,0.0006294219736501375,0.0007404983111944748
39.7294,-104.8319,0.0005553498704183636,be234f71-9318-46c8-98bc-a88c9a6c3d66,0.0011724719457950395,United States,0.0006170620779560311,0.0006787742854936987,0.0007404864930313664,0.0008021987005690339,0.0008639109081067016
39.7886,-85.9779,0.00018511662347278786,1318facd-351d-4a60-8bb1-a8410346bc3a,0.0010817644987063057,United States,0.0002747814109961396,0.00036444619851949136,0.0004541109860428432,0.0005437757735661951,0.0006334405610895468
39.8007,-76.983,0.00018511662347278786,e2da7f9a-98c2-4882-a757-30356d1f14a0,0.0010617399355503604,United States,0.0002727789546805451,0.00036044128588830237,0.0004481036170960596,0.0005357659483038169,0.0006234282795115741
39.8028,-105.0875,0.00037023324694557573,b8ec6169-f547-4e38-a262-d2cefbce1364,0.0011747425334044212,United States,0.0004506841755914603,0.0005311351042373448,0.0006115860328832295,0.000692036961529114,0.0007724878901749985
39.8403,-88.9548,0.00018511662347278786,b8cf38be-9e38-48bf-adbb-bc07506c640e,0.0010661096041591055,United States,0.0002732159215414196,0.00036131521961005135,0.0004494145176786832,0.000537513815747315,0.0006256131138159467
39.8853,-4.0512,0.00018511662347278786,d95a5045-6696-401c-b82b-a47063694fca,0.0008611564496363042,Spain,0.0002527206060891395,0.0003203245887054911,0.00038792857132184276,0.0004555325539381944,0.000523136536554546
39.8923,-74.7021,0.00018511662347278786,b82371d8-9a34-4add-ad1e-4aed76175245,0.001065968389748379,United States,0.00027320180010034697,0.00036128697672790607,0.00044937215335546523,0.0005374573299830243,0.0006255425066105834
39.9075,116.3972,0.00518326545723806,705c8b06-3fc1-4b6f-bd0f-f5e64d94f833,0.0018104013259672407,China,0.004845979044110978,0.004508692630983896,0.004171406217856814,0.0038341198047297325,0.0034968333916026505
39.9168,-75.3877,0.0009255831173639393,b4cc6694-94fc-4415-9a68-01e4c44959ff,0.0010646993444326299,United States,0.0009394947400708084,0.0009534063627776774,0.0009673179854845465,0.0009812296081914155,0.0009951412308982846
39.926,-75.1196,0.0033320992225101815,542411d8-183f-4425-bd62-d1fecc36b00c,0.0010649519672936438,United States,0.0031053844969885277,0.0028786697714668743,0.0026519550459452204,0.0024252403204235665,0.0021985255949019127
39.9383,-0.1009,0.00018511662347278786,5b3f097e-2cd9-4d16-a001-380fa69dae9a,0.0008431297000985974,Spain,0.0002509179311353688,0.00031671923879794976,0.00038252054646053076,0.0004483218541231117,0.0005141231617856927
39.9573,-83.2288,0.0072195483154387265,c6f88b1a-2ea4-4433-ae64-730b81da34b3,0.001056296207735394,United States,0.006603223104668394,0.00598689789389806,0.005370572683127726,0.004754247472357393,0.00413792226158706
39.9784,-86.118,0.00018511662347278786,de1cea17-5964-4fb0-8780-8056e4fddc6d,0.0010774101358374123,United States,0.0002743459747092503,0.0003635753259457127,0.0004528046771821752,0.0005420340284186377,0.0006312633796551001
39.9956,-82.6743,0.00018511662347278786,2b7acb46-8228-468c-a946-4c97cc879e8b,0.0010538346606670291,United States,0.00027198842719221197,0.0003588602309116361,0.0004457320346310603,0.0005326038383504844,0.0006194756420699085
40.0503,-105.05,0.0009255831173639393,8176e318-20fa-4d4e-b9bb-acfbf3bb2fef,0.001167877925869583,United States,0.0009498125982145036,0.000974042079065068,0.0009982715599156325,0.0010225010407661967,0.0010467305216167611
40.174,-80.2462,0.00037023324694557573,1fceaaa2-bc84-49be-9734-64db6ab4d2c5,0.001052086094878041,United States,0.00043841853173882223,0.0005066038165320687,0.0005747891013253154,0.0006429743861185619,0.0007111596709118084
40.1843,-75.538,0.0007404664938911515,024440c7-2642-4e0f-80bf-3c949267c341,0.00105881736737095,United States,0.0007723015812391313,0.0008041366685871112,0.000835971755935091,0.0008678068432830708,0.0008996419306310507
40.2338,-111.6585,0.0007404664938911515,d8d6af27-03e3-490d-b65b-c8c282629de3,0.001190567048374243,United States,0.0007854765493394607,0.0008304866047877698,0.0008754966602360788,0.000920506715684388,0.0009655167711326972
40.2426,-82.8591,0.00018511662347278786,c752c9d9-cae9-4c2d-94f4-e694f1841497,0.0010523649783145638,United States,0.0002718414589569654,0.000358566294441143,0.00044529112992532067,0.0005320159654094983,0.0006187408008936758
40.2698,-74.7999,0.0005553498704183636,4f243935-41a3-47a7-b2ee-f9eceed5e514,0.0010620908061516202,United States,0.0006060239639916892,0.0006566980575650149,0.0007073721511383406,0.0007580462447116661,0.0008087203382849919
40.2842,-84.1555,0.00018511662347278786,8985b602-c569-4a1a-a332-a57ba0767990,0.001060956741485554,United States,0.00027270063527406443,0.00036028464707534106,0.00044786865887661774,0.0005354526706778944,0.0006230366824791709
40.3141,-112.0069,0.00018511662347278786,ea3b159d-7774-4c62-891c-47fee0ea06d8,0.0011900767304937538,United States,0.00028561263417488446,0.00038610864487698105,0.0004866046555790777,0.0005871006662811742,0.0006875966769832708
40.3154,-74.2463,0.00037023324694557573,d1bbaf88-4b85-4548-bcdf-bd9d9ddbf6e6,0.0010626589050651471,United States,0.00043947581275753287,0.00050871837856949,0.0005779609443814472,0.0006472035101934043,0.0007164460760053614
40.3223,-3.865,0.004442798963346909,160edbb7-044d-4941-a885-c1d12f4f159c,0.0008490178843639824,Spain,0.0040834208554486155,0.0037240427475503236,0.003364664639652031,0.003005286531753738,0.0026459084238554457
40.3934,-82.4857,0.00018511662347278786,4f7a3201-1b18-49e1-afee-ee6983b52d70,0.0010497620184184316,United States,0.0002715811629673522,0.0003580457024619166,0.000444510241956481,0.0005309747814510454,0.0006174393209456097
40.3978,-105.075,0.00018511662347278786,cc13e166-121e-4839-beb7-82c463b4e4fc,0.0011530033549003815,United States,0.0002819052966155472,0.0003786939697583066,0.000475482642901066,0.0005722713160438253,0.0006690599891865847
40.4167,-86.8753,0.00018511662347278786,01786065-186b-432a-9b91-40f0b91982d8,0.0010784702544526152,United States,0.0002744519865707706,0.00036378734966875334,0.00045312271276673607,0.0005424580758647188,0.0006317934389627015
40.4406,-79.9959,0.003517215845982969,aed83461-ca9b-430a-8015-1381554142bf,0.0010493131666029034,United States,0.0032704255780449626,0.0030236353101069564,0.0027768450421689493,0.002530054774230943,0.0022832645062929365
40.4821,-3.36,0.00018511662347278786,9de789d8-0c1d-4740-9feb-0a7ee5bab170,0.0008443122801646927,Spain,0.00025103618914197834,0.0003169557548111688,0.00038287532048035934,0.0004487948861495498,0.0005147144518187403
40.4897,-111.9388,0.0009255831173639393,0a34d37c-6b62-4870-b1da-fcb76dcb5984,0.0011874400731997174,United States,0.0009517688129475171,0.000977954508531095,0.0010041402041146728,0.0010303258996982507,0.0010565115952818284
40.4993,-74.399,0.005368382080710848,2a5962c6-1556-41bb-b463-c5f9112e143e,0.001060659675617739,United States,0.004937609840201537,0.004506837599692227,0.004076065359182915,0.0036452931186736043,0.0032145208781642937
40.5003,-79.7495,0.00018511662347278786,e39704c2-1967-45bc-841e-70fa85cb9465,0.0010483804868550194,United States,0.000271443009811011,0.00035776939614923415,0.00044409578248745735,0.0005304221688256804,0.0006167485551639036
40.5123,-74.8593,0.0007404664938911515,53db4f77-e541-4270-9099-bd38715cfc7b,0.0010566761532404371,United States,0.0007720874598260801,0.0008037084257610087,0.0008353293916959371,0.0008669503576308657,0.0008985713235657943
40.5142,-88.9906,0.00018511662347278786,6d03b9f2-13b2-472e-bda2-53c5a19848bc,0.0010608145023377638,United States,0.00027268641135928546,0.00036025619924578305,0.00044782598713228065,0.0005353957750187782,0.0006229655629052758
40.5187,-78.3947,0.00018511662347278786,0ea9577f-2df0-490d-82f9-665c08976fe4,0.0010496974417984488,United States,0.00027157470530535396,0.00035803278713792005,0.00044449086897048614,0.0005309489508030522,0.0006174070326356183
40.5853,-105.0844,0.00037023324694557573,021dc33f-3d84-4b57-b567-d676e16b390d,0.0011514514265490174,United States,0.0004483550649059199,0.000526476882866264,0.0006045987008266083,0.0006827205187869524,0.0007608423367472966
40.5934,-74.1632,0.020362828582006665,bf743d23-34e4-4ff6-ab14-4529340c81e0,0.0010602745473227702,United States,0.018432573178538275,0.01650231777506989,0.014572062371601496,0.012641806968133105,0.010711551564664717
40.5982,-124.1573,0.00018511662347278786,e3f0350b-361e-4900-9afe-a3fc5c3dece1,0.0013501499217305573,United States,0.0003016199532985648,0.0004181232831243417,0.0005346266129501187,0.0006511299427758956,0.0007676332726016726
40.6436,22.9309,0.00018511662347278786,f52ae983-8b44-4270-9d69-63bbe5dc6b9a,0.0008969386517658481,Greece,0.0002562988263020939,0.0003274810291313999,0.00039866323196070596,0.000469845434790012,0.0005410276376193179
40.6788,-3.6164,0.00018511662347278786,2ae9539f-4776-4ced-adc6-bf1cfb2b900b,0.0008416511130724341,Spain,0.0002507700724327525,0.0003164235213927171,0.00038207697035268174,0.00044773041931264637,0.000513383868272611
40.6868,-73.3735,0.00018511662347278786,3f8873f8-8bde-48c7-8b4f-80014ee0d687,0.0010612982433770963,United States,0.00027273478546321867,0.0003603529474536495,0.0004479711094440804,0.0005355892714345113,0.0006232074334249421
40.6944,-111.5438,0.00018511662347278786,c2ec9836-2878-4a98-b533-006354927023,0.0011804474944430176,United States,0.00028464971056981083,0.0003841827976668338,0.0004837158847638568,0.0005832489718608797,0.0006827820589579027
40.7194,0.7084,0.00018511662347278786,c58e6a43-02d5-4183-8f9a-e4ef6e358602,0.0007988194119605802,Spain,0.0002464869023215671,0.00030785718117034633,0.0003692274600191256,0.0004305977388679048,0.000491968017716684
40.7268,-73.6343,0.00037023324694557573,c4971b52-6318-46ef-b75e-719ce6df9d9f,0.0010602801532780728,United States,0.00043923793757882543,0.0005082426282120751,0.0005772473188453248,0.0006462520094785745,0.0007152567001118243
40.7565,-96.6946,0.00018511662347278786,8c0c7223-8ef6-473c-b6ca-d79e7c1f37f4,0.0011207276201219104,United States,0.00027867772313770007,0.00037223882280261234,0.00046579992246752465,0.0005593610221324369,0.0006529221217973491
40.7608,-111.8911,0.0033320992225101815,d74fe432-a31b-4023-b777-326006cfc59d,0.0011801007119147942,United States,0.0031168993714506426,0.002901699520391104,0.0026864996693315656,0.0024712998182720267,0.0022560999672124877
40.8021,-124.1637,0.00018511662347278786,d89aa6ea-9fd6-422c-89ac-fa2d9aa084eb,0.0013478923684779986,United States,0.00030139419797330894,0.00041767177247382996,0.0005339493469743511,0.0006502269214748722,0.0007665044959753932
40.8344,-74.1377,0.0018511662347278786,788962c2-0edc-4731-b1f9-31c5cf1be4b3,0.0010551673589230205,United States,0.0017715663471473929,0.001691966459566907,0.0016123665719864212,0.0015327666844059354,0.0014531667968254495
40.879,-73.1568,0.00018511662347278786,4b256771-a5cc-4f66-a2aa-860f70ea3f77,0.001060208223700237,United States,0.00027262578349553275,0.00036013494351827763,0.0004476441035410226,0.0005351532635637675,0.0006226624235865124
40.9084,-90.2849,0.00018511662347278786,41e08c1e-5906-4a97-9636-4250add1d71a,0.001067896111415371,United States,0.0002733945722670462,0.0003616725210613045,0.00044995046985556284,0.0005382284186498212,0.0006265063674440795
40.9323,-84.3388,0.00018511662347278786,ab059426-8232-4748-9e47-b09712ee3244,0.0010568433412663058,United States,0.0002722892952521396,0.0003594619670314914,0.00044663463881084326,0.0005338073105901951,0.0006209799823695468
40.9396,24.4069,0.00018511662347278786,8aff1f2a-4e03-420d-be5d-5a03f1fb059e,0.0008422543624543124,Greece,0.0002508303973709403,0.00031654417126909275,0.00038225794516724525,0.0004479717190653977,0.0005136854929635501
40.9781,27.511,0.00018511662347278786,4b4989c2-cfd0-4a37-8203-fdeed7e9daa3,0.0008332493102295378,Turkey,0.0002499298921484628,0.00031474316082413784,0.00037955642949981285,0.00044436969817548787,0.0005091829668511629
40.9868,-75.1946,0.00018511662347278786,e4a53847-64bc-4efe-b315-5c269dc6aba7,0.0010492973870479827,United States,0.00027153469983030734,0.0003579527761878268,0.0004443708525453463,0.0005307889289028658,0.0006172070052603853
41.0138,28.9497,0.001480932987782303,879ca476-fbc4-453e-b0b0-a50a75cd2e29,0.0008800526149401341,Turkey,0.0014208449504980862,0.0013607569132138692,0.0013006688759296522,0.0012405808386454352,0.0011804928013612185
41.0242,-80.6629,0.00018511662347278786,47992ae8-509d-49cd-9f67-9cabc0b568d6,0.0010429784788772202,United States,0.0002709028090132311,0.0003566889945536743,0.0004424751800941176,0.0005282613656345607,0.000614047551175004
41.0334,-81.4385,0.00018511662347278786,a22c7f91-f687-4a04-838d-058e662118ad,0.0010415835785667791,United States,0.00027076331898218695,0.0003564100144915861,0.0004420567100009853,0.0005277034055103844,0.0006133501010197835
41.0762,-73.8588,0.00037023324694557573,b1da70ce-ee66-4a84-bb9e-97bf2cf2971a,0.0010538041308764104,United States,0.00043859033533865917,0.0005069474237317426,0.0005753045121248261,0.0006436616005179096,0.0007120186889109931
41.124,-8.6124,0.00037023324694557573,de84cfc3-1b76-484e-bbdc-47a6442f27ac,0.000838638578377463,Portugal,0.00041707378008876443,0.0004639143132319532,0.0005107548463751418,0.0005575953795183306,0.0006044359126615193
41.1306,-85.1289,0.00018511662347278786,2b9c005f-ea80-4961-b5d3-d89adb7105d9,0.0010594836555436738,United States,0.00027255332667987643,0.000359990029886965,0.0004474267330940537,0.0005348634363011422,0.0006223001395082308
41.1384,-81.8637,0.00037023324694557573,02300c88-75b0-4760-b3f3-c71b29d24f7c,0.0010421321696101311,United States,0.00043742313921203127,0.0005046130314784868,0.0005718029237449424,0.0006389928160113979,0.0007061827082778534
41.14,-104.8203,0.00018511662347278786,1b1ad268-2d83-4f4e-8661-9579932db3a6,0.00112803038735438,United States,0.00027940799986094704,0.00037369937624910627,0.00046799075263726555,0.0005622821290254248,0.000656573505413584
41.1544,-96.0422,0.0037023324694557573,97577af3-a9d4-44ed-bb56-fca5e02b8cc0,0.0011110122807501048,United States,0.003443200450585192,0.0031840684317146267,0.0029249364128440614,0.002665804393973496,0.002406672375102931
41.2627,-111.9837,0.00037023324694557573,15d6f03e-a016-4e89-b381-f1b903e11847,0.001180792661327692,United States,0.00045128918838378737,0.000532345129821999,0.0006134010712602106,0.0006944570126984223,0.0007755129541366339
41.3081,-72.9282,0.00018511662347278786,225ac1a5-e64a-4e41-adc8-ef70906e1d97,0.0010543014021830793,United States,0.00027203510134381697,0.0003589535792148461,0.0004458720570858753,0.0005327905349569045,0.0006197090128279336
41.3137,-81.5084,0.0007404664938911515,4a062d8c-3513-4d2b-938e-5afa7b083e8a,0.0010365940405519874,United States,0.000770079248557235,0.0007996920032233187,0.0008293047578894022,0.0008589175125554857,0.0008885302672215694
41.3462,1.6971,0.00018511662347278786,d885d73c-79bf-4d3c-a205-f71f2676068b,0.0007856641225987808,Spain,0.00024517137338538714,0.0003052261232979864,0.00036528087321058576,0.00042533562312318504,0.0004853903730357843
41.354,-72.0523,0.00037023324694557573,ee332387-4f7f-45fb-9dcd-d6239603d48f,0.0010565874802306477,United States,0.0004388686702740829,0.0005075040936025901,0.0005761395169310974,0.0006447749402596045,0.0007134103635881117
41.3597,2.1003,0.001295816364309515,32107114-764a-44da-936c-336073edd34b,0.0007850200667200403,Spain,0.0012447367345505675,0.0011936571047916201,0.0011425774750326726,0.001091497845273725,0.0010404182155147777
41.3973,-73.6171,0.00018511662347278786,6e399443-1d7b-49fb-b369-5d8a2db48120,0.0010488481851051445,United States,0.0002714897796360235,0.0003578629357992592,0.0004442360919624949,0.0005306092481257305,0.0006169824042889662
41.4887,-75.7085,0.00018511662347278786,fc6bc283-c5e2-4b8f-9253-1776ae4081d7,0.0010422118896755187,United States,0.0002708261500930609,0.00035653567671333397,0.00044224520333360713,0.0005279547299538803,0.0006136642565741533
41.5503,-8.42,0.00018511662347278786,56072dc6-5063-43b5-bb5a-4d5f1ee9cb25,0.0008339628984793192,Portugal,0.000250001250973441,0.00031488587847409413,0.00037977050597474727,0.0004446551334754004,0.0005095397609760535
41.6005,-93.6091,0.00037023324694557573,0e77f095-61a3-464d-bf7f-10ef8184194e,0.0010954337153643331,United States,0.00044275329378745145,0.0005152733406293272,0.000587793387471203,0.0006603134343130787,0.0007328334811549544
41.608,2.2877,0.00018511662347278786,3a6220cf-bbdb-4a7d-bafc-8d39f5ada391,0.0007802305222345032,Spain,0.0002446280133489594,0.00030413940322513095,0.0003636507931013025,0.000423162182977474,0.0004826735728536455
41.6142,-81.149,0.00018511662347278786,6c89e74a-9473-4d16-90c3-0d3d0f632848,0.0010337850167616582,United States,0.0002699834628016749,0.0003548503021305619,0.000439717141459449,0.0005245839807883361,0.000609450820117223
41.6561,-0.8773,0.00037023324694557573,ca9f843f-0e4b-4132-9363-8020fd3b6d54,0.0008192681858795797,Spain,0.00041513674083897613,0.00046004023473237654,0.0005049437286257769,0.0005498472225191774,0.0005947507164125777
41.6941,44.8337,0.00018511662347278786,c592b086-ba57-4bf0-ae81-356adde35409,0.0010112185133704132,Georgia,0.0002677268124625504,0.0003503370014523129,0.00043294719044207545,0.000515557379431838,0.0005981675684216005
41.6969,-71.5219,0.00018511662347278786,db815584-b54c-402f-aca7-4389c2d1bfe1,0.0010557147861866326,United States,0.00027217643974417234,0.0003592362560155568,0.0004462960722869413,0.0005333558885583258,0.0006204157048297103
41.7001,-70.2995,0.00018511662347278786,a76fd366-11b7-49bc-bb9a-95e5ca015db2,0.0010604005543529888,United States,0.0002726450165608079,0.000360173409648828,0.0004477018027368482,0.0005352301958248683,0.0006227585889128883
41.7004,-73.921,0.0005553498704183636,02f9322c-3483-40af-b8f7-ed829b060afc,0.0010430902231658692,United States,0.0006041239056931141,0.0006528979409678647,0.0007016719762426152,0.0007504460115173658,0.0007992200467921164
41.7402,-7.4688,0.00037023324694557573,44594e5b-efb2-4c06-81be-6e002096748b,0.0008319935341857298,Portugal,0.0004164092756695911,0.0004625853043936065,0.000508761333117622,0.0005549373618416373,0.0006011133905656528
41.8456,-87.7539,0.0055534987041836355,8b3280b9-277f-47d8-86be-b64ab139881b,0.0010397860398702475,United States,0.005102127437752297,0.004650756171320958,0.0041993849048896185,0.0037480136384582803,0.0032966423720269416
41.85,-88.3126,0.001295816364309515,5fba7b60-d48e-4bdf-b7c3-0856b58e67db,0.0010435289986428585,United States,0.0012705876277428493,0.0012453588911761836,0.0012201301546095182,0.0011949014180428525,0.0011696726814761868
41.8666,-103.6672,0.00018511662347278786,35b6c1e7-4928-43ae-9997-43b225db90cd,0.0011214854220871525,United States,0.0002787535033342243,0.00037239038319566075,0.0004660272630570973,0.0005596641429185338,0.0006533010227799702
41.8919,12.5113,0.001295816364309515,5544b709-7b27-407f-ab99-25bf271560e3,0.0007961858945998611,Italy,0.0012458533173385496,0.0011958902703675842,0.0011459272233966188,0.0010959641764256534,0.001046001129454688
41.8976,-84.0372,0.00018511662347278786,71994307-b020-4e4e-a9bb-c316816b863e,0.001039248353944064,United States,0.00027052979651991544,0.000355942969567043,0.0004413561426141707,0.0005267693156612984,0.0006121824887084259
41.9001,-71.0898,0.00018511662347278786,46590b48-c4c8-47bd-94ca-8d6761801504,0.00105578571656674,United States,0.00027218353278218307,0.0003592504420915783,0.00044631735140097353,0.0005333842607103687,0.000620451170019764
42.0029,-71.5148,0.00037023324694557573,b8a9f69a-01c5-4d29-8ee1-810995c67798,0.001053548625339992,United States,0.00043856478478501736,0.000506896322624459,0.0005752278604639006,0.0006435593983033423,0.0007118909361427839
42.0167,23.1,0.00018511662347278786,8290ff55-6413-48a5-8433-8512e430dfb7,0.0008629140997241174,Bulgaria,0.0002528963710979208,0.00032067611872305373,0.0003884558663481868,0.0004562356139733197,0.0005240153615984526
42.0347,-93.6199,0.00018511662347278786,aa106f51-be36-4752-b875-8a7ed48bb403,0.0010927498845939704,United States,0.0002758799495849061,0.00036664327569702434,0.00045740660180914266,0.0005481699279212609,0.0006389332540333791
42.0697,-87.7878,0.00018511662347278786,3f4d783a-4275-4218-aaac-a986142b535d,0.001038839429564271,United States,0.00027048890408193615,0.00035586118469108443,0.00044123346530023283,0.0005266057459093812,0.0006119780265185295
42.0751,-72.0334,0.00018511662347278786,1ff63dc8-64cc-4760-ab61-82a8ff870efd,0.0010484251820665398,United States,0.000271447479332163,0.0003577783351915382,0.00044410919105091347,0.0005304400469102887,0.0006167709027696638
42.0932,-70.7925,0.00018511662347278786,d7282cbd-fa80-4f4f-ae71-492e1613ed44,0.0010555779916506332,United States,0.00027216276029057236,0.00035920889710835686,0.00044625503392614147,0.0005333011707439261,0.0006203473075617105
42.1167,-86.4542,0.00018511662347278786,e2144570-c718-4db7-b752-0615fe304797,0.0010372627815873371,United States,0.00027033123928424277,0.00035554585509569767,0.0004407604709071527,0.0005259750867186076,0.0006111897025300625
42.12,-85.5328,0.00018511662347278786,2111762b-9835-4744-802f-ee71a30b8c4b,0.0010490526002020482,United States,0.00027151022114571386,0.00035790381881863986,0.00044429741649156597,0.0005306910141644921,0.000617084611837418
42.15,24.75,0.00018511662347278786,ce728529-c857-41d9-8361-727d398eabeb,0.0008301026332121069,Bulgaria,0.00024961522444671974,0.0003141138254206516,0.00037861242639458355,0.0004431110273685155,0.0005076096283424473
42.2095,-85.7845,0.00018511662347278786,8e157dd1-57ca-4302-a9c0-25799df0a2e7,0.0010466130349674476,United States,0.00027126626462225384,0.0003574159057717198,0.0004435655469211858,0.0005297151880706518,0.0006158648292201177
42.2328,-8.7226,0.00018511662347278786,0b2252c1-5f0a-420b-a6f6-444454175221,0.0008286150336558829,Spain,0.00024946646449109733,0.00031381630550940685,0.0003781661465277164,0.0004425159875460259,0.0005068658285643354
42.2459,-84.4013,0.00018511662347278786,4158dbfc-cff8-41c8-8b2b-22503d9fcc01,0.001039240594396191,United States,0.00027052902056512814,0.0003559414176574684,0.0004413538147498088,0.0005267662118421492,0.0006121786089344894
42.2512,-73.7801,0.00018511662347278786,0822c495-f192-48bb-8117-8eca2c1bc89e,0.00104007083815766,United States,0.00027061204494127503,0.00035610746640976225,0.0004416028878782495,0.0005270983093467367,0.0006125937308152239
42.2586,-87.8406,0.00018511662347278786,616f368d-8699-4e78-ad76-28d2fadf97e3,0.001038286315059797,United States,0.00027043359263148874,0.00035575056179018967,0.00044106753094889066,0.0005263845001075916,0.0006117014692662925
42.2695,-71.6162,0.0007404664938911515,ebc18b1d-53dc-4d31-8465-ce8e5fe7bbf6,0.0010485102608242492,United States,0.0007712708705844613,0.000802075247277771,0.0008328796239710808,0.0008636840006643906,0.0008944883773577003
42.2776,-83.7409,0.0007404664938911515,02ac6094-9c49-4491-8919-263c5fa66c6e,0.0010360610780125621,United States,0.0007700259523032926,0.0007995854107154337,0.0008291448691275746,0.0008587043275397157,0.0008882637859518568
42.2839,22.6911,0.00018511662347278786,b85d2b76-f032-4475-a018-27ad1a701647,0.0008662673517282636,Bulgaria,0.0002532316962983354,0.000321346769123883,0.0003894618419494306,0.00045757691477497816,0.0005256919876005257
42.3223,-83.1763,0.0009255831173639393,94a8b372-df38-47eb-86a8-c20ae2a78b68,0.0010335225937351874,United States,0.0009363770650010641,0.0009471710126381889,0.0009579649602753138,0.0009687589079124385,0.0009795528555495633
42.3286,42.5981,0.00018511662347278786,c87dc1d4-bb9f-41d4-b8aa-9028c69faaa9,0.0009733264260002632,Georgia,0.0002639376037255354,0.0003427585839782829,0.0004215795642310305,0.000500400544483778,0.0005792215247365255
42.3362,-71.0729,0.002961865975564606,f56649b4-9d62-46fd-bc3f-891fea6c2efa,0.0010529535199349505,United States,0.0027709747300016406,0.002580083484438675,0.0023891922388757088,0.0021983009933127435,0.0020074097477497783
42.3683,-88.8221,0.00018511662347278786,1a2aae64-e8d3-4d9c-8a78-273af2c51e61,0.0010479614868873113,United States,0.00027140110981424017,0.0003576855961556925,0.00044397008249714493,0.0005302545688385973,0.0006165390551800496
42.4542,18.7683,0.00018511662347278786,5e55a6ff-5fe8-41e3-a176-a8aaaa5f4fe8,0.0008166230912796695,Montenegro,0.000248267270253476,0.0003114179170341642,0.00037456856381485237,0.00043771921059554056,0.0005008698573762287
42.4904,-83.013,0.00037023324694557573,5600ac16-4c20-421d-854f-3f9ca5e15478,0.001032181263814292,United States,0.00043642804863244734,0.000502622850319319,0.0005688176520061907,0.0006350124536930623,0.0007012072553799339
42.5061,27.4678,0.00018511662347278786,6f904d35-d48f-41db-818b-a517cd1fd70b,0.0008018462845943089,Bulgaria,0.00024678958958494,0.0003084625556970921,0.0003701355218092442,0.00043180848792139626,0.0004934814540335484
42.5078,1.5211,0.0007404664938911515,e62813a6-df25-487e-8253-86178655dc43,0.0007649702004837867,Andorra,0.000742916864550415,0.0007453672352096786,0.0007478176058689419,0.0007502679765282055,0.0007527183471874691
42.5834,-71.8023,0.00018511662347278786,bf78e0dc-e148-47d5-85d6-dbbb5ed14049,0.0010461078843046036,United States,0.00027121574955596943,0.000357314875639151,0.0004434140017223326,0.0005295131278055141,0.0006156122538886957
42.6,23.0333,0.00018511662347278786,82f23fb2-d596-48c9-9fd7-15801a01c510,0.000852806022406828,Bulgaria,0.0002518855633661919,0.0003186545032595959,0.00038542344315299995,0.0004521923830464039,0.000518961322939808
42.6011,-89.6385,0.00018511662347278786,9fa86aa8-d008-4a4a-b5ad-5ea211f86950,0.0010494203069092627,United States,0.0002715469918164353,0.0003579773601600828,0.00044440772850373034,0.0005308380968473778,0.0006172684651910253
42.693,-83.4118,0.00018511662347278786,1562962f-d6dc-4de9-976f-f7ff6dd40586,0.0010329887650661065,United States,0.00026990383763211975,0.0003546910517914516,0.00043947826595078346,0.0005242654801101154,0.0006090526942694472
42.6975,23.3241,0.0009255831173639393,8f266600-54dd-42b7-b219-4baffb085932,0.0008424175061474163,Bulgaria,0.000917266556242287,0.0009089499951206347,0.0009006334339989824,0.0008923168728773301,0.0008840003117556778
42.7654,-71.4676,0.00018511662347278786,58c92926-dd97-4afc-97e4-76e6701e4995,0.0010462093726934364,United States,0.0002712258983948527,0.00035733517331691753,0.0004434444482389825,0.0005295537231610473,0.0006156629980831121
42.7829,-73.6648,0.00018511662347278786,aadf0cbd-b9cd-4116-85e9-afd15282647a,0.0010376165799378283,United States,0.0002703666191192919,0.0003556166147657959,0.0004408666104123,0.0005261166060588041,0.0006113666017053081
42.85,-2.6727,0.00018511662347278786,c68f1ad2-9223-4f0e-9713-890e911218a2,0.0008047224080041722,Spain,0.0002470772019259263,0.0003090377803790647,0.0003709983588322032,0.0004329589372853416,0.00049491951573848
42.8742,-77.288,0.00018511662347278786,55542ed2-a5c3-4617-b7a2-a7b9b95607a1,0.0010221974408395008,United States,0.00026882470520945916,0.00035253278694613046,0.00043624086868280175,0.000519948950419473,0.0006036570321561443
42.8865,-78.8784,0.0005553498704183636,ec38280e-ff82-4b60-bdcc-2151e1a74b6e,0.0010233168037150533,United States,0.0006021465637480325,0.0006489432570777015,0.0006957399504073705,0.0007425366437370394,0.0007893333370667084
42.9059,-88.139,0.00037023324694557573,37e0288f-eae9-44e2-a656-42be219d76c2,0.0010410865689134434,United States,0.0004373185791423625,0.0005044039113391493,0.000571489243535936,0.0006385745757327228,0.0007056599079295095
42.9337,-72.2781,0.00018511662347278786,b4571162-33f3-4aca-bde8-02bf2285802a,0.0010400161432871397,United States,0.000270606575454223,0.00035609652743565816,0.0004415864794170934,0.0005270764313985287,0.0006125663833799638
42.9634,-85.6681,0.00018511662347278786,4b913768-0418-4fc0-9ef3-f49feceafe2c,0.0010195132278240171,United States,0.0002685562839079108,0.0003519959443430337,0.00043543560477815667,0.0005188752652132795,0.0006023149256484025
42.9834,-81.233,0.0005553498704183636,1171a997-2cef-4717-b1e2-468639bae065,0.0010245245433750639,Canada,0.0006022673377140336,0.0006491848050097036,0.0006961022723053737,0.0007430197396010437,0.0007899372068967137
43.0059,-84.3716,0.00018511662347278786,95dc9f70-e126-4ffc-98ec-e8f95dd4b040,0.0010328916106118694,United States,0.000269894122186696,0.00035467162090060413,0.0004394491196145124,0.0005242266183284205,0.0006090041170423286
43.0356,-89.4526,0.001480932987782303,234375dc-2e02-48b4-a14b-f183694fc910,0.0010497631860540138,United States,0.001437816007609474,0.0013946990274366453,0.0013515820472638162,0.0013084650670909873,0.0012653480869181583
43.0812,25.629,0.00018511662347278786,8aba4a7c-16c7-4799-a0ac-27e2c7d311c9,0.0007782049369266189,Bulgaria,0.00024442545481817096,0.00030373428616355406,0.00036304311750893716,0.00042235194885432027,0.00048166078019970337
43.0926,-75.6513,0.00018511662347278786,77704d6c-adf0-4b4d-ae6b-35910627c362,0.0010278636873985512,United States,0.0002693913298653642,0.00035366603625794054,0.0004379407426505169,0.0005222154490430932,0.0006064901554356695
43.1122,12.3888,0.00037023324694557573,c758beb3-9ba3-477e-840c-8a22e237ce9b,0.0007873841129149449,Italy,0.00041194833354251265,0.0004536634201394496,0.0004953785067363865,0.0005370935933333234,0.0005788086799302603
43.1152,-85.5136,0.00018511662347278786,b0cb127d-19b8-4d82-8329-8b10bc92d853,0.0010182756526591656,United States,0.00026843252639142565,0.0003517484293100634,0.0004350643322287012,0.000518380235147339,0.0006016961380659767
43.1204,6.1286,0.00018511662347278786,9a1aeddb-5eca-4c09-b889-fc156d137100,0.0007541477107971152,France,0.0002420197322052206,0.00029892284093765336,0.0003558259496700861,0.0004127290584025188,0.00046963216713495154
43.1317,-77.6062,0.00018511662347278786,83d81067-86ca-4283-b8c1-9fae68e4390e,0.0010213743669370517,United States,0.00026874239781921424,0.0003523681721656406,0.00043599394651206705,0.0005196197208584934,0.0006032454952049198
43.1536,-93.201,0.00018511662347278786,570d8fc3-46e3-4926-99da-718ebfeeaae1,0.0010688398915211137,United States,0.00027348895027762044,0.000361861277082453,0.00045023360388728563,0.0005386059306921182,0.0006269782574969508
43.1756,-76.1194,0.00018511662347278786,14f2a709-6fcb-4179-a7f8-6259e7e288e6,0.0010211800279894946,United States,0.00026872296392445853,0.0003523293043761292,0.0004359356448277999,0.0005195419852794705,0.0006031483257311412
43.2009,2.7574,0.00018511662347278786,e7b890a2-f293-46ec-9883-18d048c1dbd5,0.000751501694675756,France,0.00024175513059308465,0.00029839363771338144,0.0003550321448336783,0.0004116706519539751,0.0004683091590742719
43.2494,-89.6754,0.00018511662347278786,ef6621fa-50fe-4170-b771-b415c1c8083b,0.0010506467875747603,United States,0.0002716696398829851,0.0003582226562931823,0.0004447756727033796,0.0005313286891135769,0.0006178817055237741
43.25,76.9167,0.00018511662347278786,80f97f76-7043-4b41-8ec8-aaae0b22d6fc,0.0013915334035972215,Kazakhstan,0.0003057583014852312,0.00042639997949767453,0.000547041657510118,0.0006676833355225614,0.0007883250135350047
43.2501,-79.8496,0.0007404664938911515,70ce096b-24fa-4c22-9873-1e04daca7483,0.0010235648273772783,Canada,0.0007687763272397641,0.0007970861605883768,0.0008253959939369894,0.0008537058272856022,0.0008820156606342149
43.297,5.3811,0.0007404664938911515,ecb346ac-33bf-43e7-828e-958af3398fe5,0.0007499561096506748,France,0.0007414154554671039,0.0007423644170430561,0.0007433133786190084,0.0007442623401949608,0.0007452113017709131
43.3128,-1.975,0.00018511662347278786,7a5b3f1f-8c32-4c0c-b074-1521f89c2519,0.0007948779726273855,Spain,0.0002460927583882476,0.00030706889330370734,0.00036804502821916713,0.0004290211631346269,0.0004899972980500866
43.3494,-4.0479,0.00018511662347278786,8116af12-6644-4599-a7ca-afe5f522a24f,0.0007995312613250417,Spain,0.0002465580872580132,0.0003079995510432386,0.00036944101482846406,0.0004308824786136894,0.0004923239423989148
43.3601,-80.3127,0.00037023324694557573,b87e7115-ec2a-473d-8e4b-a8698b6e0937,0.0010210295665427612,Canada,0.0004353128789052943,0.0005003925108650128,0.0005654721428247313,0.00063055177478445,0.0006956314067441685
43.3603,-5.8448,0.00018511662347278786,2500991a-f3b6-4f5d-a347-8b3d3e3918c4,0.0008084238209516273,Spain,0.0002474473432206718,0.00030977806296855575,0.00037210878271643974,0.0004344395024643236,0.0004967702222122075
43.3713,-8.396,0.00018511662347278786,f6e59e01-8297-40c2-9695-b67cdfd5518f,0.0008230749625822658,Spain,0.00024891245738373565,0.00031270829129468344,0.00037650412520563123,0.000440299959116579,0.0005040957930275269
43.4528,-110.7393,0.00018511662347278786,3b4ad979-1c6b-4ee4-99a9-b970debfa0c7,0.0011408849405116148,United States,0.00028069345517667054,0.0003762702868805532,0.00047184711858443596,0.0005674239502883186,0.0006630007819922013
43.4628,11.8807,0.00018511662347278786,755bbd29-5605-4ab2-a562-9586e6b6b146,0.000773976513895135,Italy,0.0002440026125150226,0.0003028886015572573,0.000361774590599492,0.0004206605796417267,0.00047954656868396143
43.5357,-5.6615,0.00018511662347278786,b7e1b005-8fd9-40b9-b03d-2c4263d9f36d,0.0008049361782746155,Spain,0.0002470985789529706,0.0003090805344331534,0.00037106248991333616,0.00043304444539351894,0.0004950264008737016
43.5406,-72.399,0.00018511662347278786,568d418f-f9a1-4aa7-bddb-1af521f9eb32,0.0010342359166129482,United States,0.0002700285527868039,0.0003549404821008199,0.00043985241141483597,0.0005247643407288521,0.000609676270042868
43.5407,-116.5635,0.00018511662347278786,e2faefdb-1153-4a4c-be9e-45d488155319,0.0011999611545379094,United States,0.0002866010765793,0.0003880855296858122,0.0004895699827923243,0.0005910544358988365,0.0006925388890053486
43.5459,-80.256,0.00018511662347278786,4e769582-4c2c-4a8a-acb4-8e80693f20ae,0.001020431767218213,Canada,0.00026864813784733036,0.00035217965222187285,0.00043571116659641546,0.000519242680970958,0.0006027741953455004
43.5513,7.0127,0.00018511662347278786,b982ff69-91e5-4c9d-8fd6-715dfe66a7d9,0.0007482013600527668,France,0.00024142509713078576,0.00029773357078878365,0.00035404204444678154,0.00041035051810477943,0.0004666589917627773
43.5789,-79.6583,0.0018511662347278786,27971c0b-00c9-473c-8d1e-763a52966560,0.0010159719780471876,Canada,0.0017676468090598095,0.0016841273833917403,0.0016006079577236714,0.0015170885320556023,0.001433569106387533
43.6088,-83.953,0.00018511662347278786,86d446a2-0fe1-40eb-8ee5-4b24c8287274,0.0010229178300887145,United States,0.00026889674413438055,0.0003526768647959732,0.00043645698545756586,0.0005202371061191586,0.0006040172267807512
43.6106,1.3347,0.00018511662347278786,56ff4fbe-5641-49cc-ba9a-9f3d3387596d,0.0007640449628280286,France,0.00024300945740831194,0.000300902291343836,0.0003587951252793601,0.0004166879592148842,0.00047458079315040825
43.633,-116.2951,0.00018511662347278786,09a1d703-19a4-4ec3-8a5e-a5bedb62457d,0.0011958718886945637,United States,0.00028619214999496545,0.00038726767651714304,0.0004883432030393206,0.0005894187295614982,0.0006904942560836758
43.6406,-72.144,0.00037023324694557573,f5da5ac7-eb29-4107-a9ac-7fc5e8934b69,0.0010345246360758517,United States,0.0004366623858586033,0.0005030915247716309,0.0005695206636846585,0.0006359498025976861,0.0007023789415107137
43.6574,-70.2589,0.00018511662347278786,5f33119f-7a31-48bd-a471-87029224ebfa,0.0010404771080783398,United States,0.00027065267193334303,0.0003561887203938982,0.00044172476885445347,0.0005272608173150087,0.0006127968657755638
43.6789,4.0925,0.00018511662347278786,b6723b92-40de-47ec-b9d7-83fef46796f6,0.0007427617033465987,France,0.00024088113146016895,0.00029664563944755004,0.0003524101474349311,0.0004081746554223122,0.0004639391634096933
43.7062,2.1383,0.00037023324694557573,5d39bb6c-95d3-4559-999e-14e5c09f2650,0.0007439452559067781,France,0.00040760444784169596,0.0004449756487378162,0.00048234684963393643,0.0005197180505300567,0.000557089251426177
43.7064,-79.3986,0.0055534987041836355,52a051d3-da8b-491e-801b-ed8e955e08b6,0.0010152451890568619,Canada,0.005099673352670958,0.004645848001158281,0.004192022649645603,0.003738197298132926,0.0032843719466202487
43.7251,-80.9672,0.00018511662347278786,bea4ea1b-7b07-4899-8aa7-60f905648e06,0.0010186430901656508,Canada,0.00026846927014207415,0.00035182191681136044,0.0004351745634806468,0.000518527210149933,0.0006018798568192193
43.826,-111.7897,0.00018511662347278786,93820602-4a07-40de-8aeb-067ed9d0e3a5,0.0011351249873627978,United States,0.0002801174598617888,0.0003751182962507898,0.0004701191326397909,0.0005651199690287919,0.0006601208054177928
43.8418,-71.6652,0.00018511662347278786,cb7c59ff-3aee-472b-9e68-0e39547fc105,0.0010351582932810611,United States,0.0002701207904536152,0.0003551249574344425,0.00044012912441526985,0.0005251332913960972,0.0006101374583769245
43.8487,25.9534,0.00018511662347278786,4e4d8bd5-1115-40dd-9c90-efa543ff020b,0.0007635210037548421,Bulgaria,0.0002429570615009933,0.0003007974995291987,0.00035863793755740414,0.00041647837558560956,0.000474318813613815
43.8668,-79.2663,0.0005553498704183636,5ea2852f-2fa8-49ad-8294-8c03f83ae4eb,0.0010147219488672319,Canada,0.0006012870782632504,0.0006472242861081372,0.0006931614939530242,0.0007390987017979109,0.0007850359096427977
43.8805,11.097,0.0005553498704183636,01ec53dd-e262-4aa7-9d62-743e171bbd6b,0.0007618912691482048,Italy,0.0005760040102913477,0.0005966581501643318,0.000617312290037316,0.0006379664299103001,0.0006586205697832842
43.8815,10.7723,0.00018511662347278786,9d66768c-42db-4440-b013-f92e947db69a,0.0007601082808827133,Italy,0.00024261578921378038,0.0003001149549547729,0.00035761412069576547,0.00041511328643675804,0.00047261245217775056
43.9001,-78.8496,0.00018511662347278786,1a35c10c-8e68-4769-8a89-24f0ccfd5c8d,0.0010172386317183722,Canada,0.0002683288242973463,0.0003515410251219047,0.0004347532259464632,0.0005179654267710216,0.00060117762759558
43.9946,-88.526,0.00018511662347278786,ce873e1f-d288-44ae-a553-3f4c36b1e67e,0.0010406773821670832,United States,0.0002706726993422174,0.00035622877521164693,0.00044178485108107646,0.000527340926950506,0.0006128970028199355
44.0005,-96.3175,0.00018511662347278786,7e0fb2f3-6d21-4531-9bc4-92b8c7df0c94,0.001068398410577375,United States,0.00027344480218324655,0.00036177298089370524,0.00045010115960416404,0.0005384293383146227,0.0006267575170250814
44.0167,20.9167,0.00018511662347278786,3f005489-1f23-4825-ae40-28f90ea714fe,0.0008208290733132966,Serbia,0.0002486878684568387,0.0003122591134408896,0.0003758303584249405,0.0004394016034089914,0.0005029728483930422
44.0223,-121.2985,0.0005553498704183636,50a1926c-0005-41b4-a571-565a379c56f3,0.0012873157889721888,United States,0.0006285464622737461,0.0007017430541291286,0.0007749396459845112,0.0008481362378398936,0.0009213328296952762
44.0521,-123.0867,0.00018511662347278786,969bde7f-569d-4058-8ba0-fb195c788603,0.0012909377780779881,United States,0.0002956987389333079,0.0004062808543938279,0.000516862969854348,0.0006274450853148679,0.000738027200775388
44.2298,-76.481,0.00018511662347278786,5c7a4ba5-5709-4184-bea4-788863cda636,0.0010153493622430101,Canada,0.00026813989734981005,0.0003511631712268323,0.0004341864451038546,0.0005172097189808768,0.000600232992857899
44.2619,-88.4154,0.00037023324694557573,7c251e3c-52d3-42c7-a69f-064e9876cefe,0.001039496196676922,United States,0.0004371595419187103,0.0005040858368918449,0.0005710121318649795,0.0006379384268381142,0.0007048647218112488
44.3001,-79.6496,0.00018511662347278786,78a1bde7-1ffa-4a40-83a6-50ae12de23a5,0.0010147773648492597,Canada,0.000268082697610435,0.0003510487717480822,0.00043401484588572944,0.0005169809200233766,0.0005999469941610238
44.3501,-78.7329,0.00018511662347278786,2dc50ede-21a6-4c3f-be5c-8204146e75c8,0.0010133338016483006,Canada,0.0002679383412903391,0.0003507600591078904,0.00043358177692544173,0.000516403494742993,0.0005992252125605442
44.4323,26.1063,0.0018511662347278786,08d7dee7-7a2d-48a6-a4f3-2cffe80329a1,0.0007578796690637495,Romania,0.0017418375781614657,0.0016325089215950528,0.00152318026502864,0.001413851608462227,0.0013045229518958141
44.5365,-122.907,0.00018511662347278786,686c7c81-d57c-4701-b954-7af0da15a0ae,0.0012800788346978322,United States,0.0002946128445952923,0.0004041090657177967,0.0005136052868403012,0.0006231015079628055,0.00073259772908531
44.5622,38.0848,0.00018511662347278786,bb9a0404-3303-4950-971c-c106250a2072,0.000883339526833617,Russia,0.00025493891380887077,0.00032476120414495367,0.00039458349448103663,0.00046440578481711953,0.0005342280751532024
44.6427,-63.5769,0.00037023324694557573,6bcaba1c-03af-4c60-b300-49ad40093993,0.0010657454404096704,Canada,0.0004397844662919852,0.0005093356856383947,0.0005788869049848041,0.0006484381243312136,0.0007179893436776231
44.7133,-93.4227,0.00018511662347278786,07315584-a2e9-4858-b63e-0e720899b07d,0.0010478984743075874,United States,0.0002713948085562678,0.0003576729936397477,0.0004439511787232277,0.0005302293638067077,0.0006165075488901876
44.804,20.4651,0.00037023324694557573,e22720e9-5ed0-44fc-a250-06202d10d3d3,0.0007892039223467979,Serbia,0.0004121303144856979,0.0004540273820258202,0.0004959244495659424,0.0005378215171060646,0.0005797185846461868
44.848,-93.0427,0.00018511662347278786,2e0c093b-e833-44c0-b1c9-d3e8583037ea,0.001044553400028274,United States,0.00027106030112833646,0.00035700397878388505,0.0004429476564394337,0.0005288913340949822,0.0006148350117505309
44.85,24.8667,0.00018511662347278786,c47eaa3b-4f9a-4998-bd7e-2494f00e4947,0.0008093432967935551,Romania,0.0002475392908048646,0.0003099619581369413,0.00037238462546901807,0.0004348072928010948,0.0004972299601331715
44.8897,-93.35,0.001295816364309515,bbf5db6b-8c89-46c7-b5f1-5e09fa10181b,0.001046939023096038,United States,0.0012709286301881674,0.0012460408960668196,0.001221153161945472,0.0011962654278241244,0.0011713776937027766
44.8955,-0.7178,0.00018511662347278786,c7aaf858-b56e-46fc-b437-0e47b801eb5b,0.0007806113410066613,France,0.0002446660952261752,0.0003042155669795625,0.00036376503873294995,0.0004233145104863373,0.0004828639822397246
44.9023,11.6066,0.00018511662347278786,5f4e1c65-fa32-420b-92bc-315ade8bd5d2,0.0007477062858835926,Italy,0.00024137558971386834,0.0002976345559549488,0.0003538935221960293,0.00041015248843710977,0.00046641145467819024
44.9429,-123.0351,0.0007404664938911515,2da5fe67-7c55-4ba9-a49f-cadf040d122e,0.0012784792332756272,United States,0.000794267767829599,0.0008480690417680466,0.0009018703157064941,0.0009556715896449418,0.0010094728635833892
44.95,26.0167,0.00018511662347278786,8faf1efb-2ed9-4f85-8ac7-fb942acf8f25,0.0007469765038152229,Romania,0.00024130261150703136,0.00029748859954127486,0.0003536745875755184,0.0004098605756097619,0.0004660465636440054
45.0315,5.0499,0.00018511662347278786,027b7fc7-a10d-4f26-ae08-e5319671dab8,0.0007176554114441262,France,0.00023837050226992168,0.0002916243810670555,0.00034487825986418937,0.0003981321386613232,0.000451386017458457
45.0448,38.976,0.00018511662347278786,9f5b749c-4817-490d-9dd2-34406866c29f,0.0008798040992894541,Russia,0.0002545853710544545,0.0003240541186361211,0.00039352286621778776,0.0004629916137994544,0.000532460361381121
45.0705,7.6868,0.00018511662347278786,6668bed9-2ad9-476d-88f0-6984255663e7,0.0007206578381555024,Italy,0.00023867074494105932,0.0002922248664093308,0.00034577898787760224,0.0003993331093458737,0.00045288723081414516
45.0847,-93.0099,0.00037023324694557573,a3c873bc-ff26-45de-afb8-dd45c92037b3,0.0010438987538762923,United States,0.0004375997976386474,0.0005049663483317191,0.0005723328990247906,0.0006396994497178623,0.000707066000410934
45.2186,12.2777,0.00018511662347278786,ba0347bd-5952-41c8-a8cd-abcd3dae578f,0.0007507650937109787,Italy,0.00024168147049660694,0.000298246317520426,0.0003548111645442451,0.0004113760115680642,0.00046794085859188327
45.2501,-74.1325,0.0005553498704183636,4c36c719-6be7-4211-a118-28dfd73b3aae,0.0010155162997856563,Canada,0.0006013665133550928,0.0006473831562918221,0.0006933997992285514,0.0007394164421652806,0.00078543308510201
45.3134,-73.8725,0.010921880784894483,d23da4e1-ce95-4bd2-ae61-7eab42282dfb,0.0010157758917387716,Canada,0.009931270295578911,0.008940659806263341,0.007950049316947769,0.006959438827632199,0.005968828338316627
45.3141,8.8544,0.00018511662347278786,7975abac-5805-4353-b661-acb58db61ef6,0.0007240418314563867,Italy,0.00023900914427114775,0.00029290166506950764,0.0003467941858678675,0.0004006867066662274,0.0004545792274645873
45.3267,14.4424,0.00037023324694557573,5585de83-e673-48c4-b2a2-ca810a54e33a,0.0007543714739278688,Croatia,0.00040864706964380504,0.00044706089234203435,0.00048547471504026366,0.000523888537738493,0.0005623023604367223
45.3362,-75.7225,0.0011106997408367272,e6a6f97a-76c6-4a4f-b29c-e153f8c5c65f,0.0010144163319278122,Canada,0.0011010713999458357,0.0010914430590549442,0.0010818147181640527,0.0010721863772731612,0.0010625580363822697
45.4076,-122.5704,0.006664198445020363,fb92ec36-26eb-48b1-a900-8e4ab48e9f3c,0.0012889956884925568,United States,0.0061266781693675824,0.005589157893714802,0.005051637618062021,0.0045141173424092405,0.00397659706675646
45.4385,10.9938,0.00018511662347278786,c7cebbc5-ba25-469a-8e55-a9a9827fca83,0.0007393949192272432,Italy,0.0002405444530482334,0.00029597228262367894,0.0003514001121991245,0.00040682794177457,0.00046225577135001556
45.4501,-73.4658,0.00018511662347278786,ec9a8c86-fed1-415b-913f-3a4bb7bf74c5,0.001016254104146956,Canada,0.0002682303715402047,0.0003513441196076215,0.00043445786767503834,0.0005175716157424552,0.000600685363809872
45.4505,-122.8652,0.0011106997408367272,c4a5ecb1-54b7-490c-899e-5521f182e75f,0.001268069393504675,United States,0.001126436706103522,0.0011421736713703168,0.0011579106366371116,0.0011736476019039064,0.001189384567170701
45.4643,9.1895,0.0011106997408367272,6bb78f69-6f9a-4ae2-b0b6-edf28c9c3944,0.0007230211913569421,Italy,0.0010719318858887486,0.0010331640309407702,0.0009943961759927918,0.0009556283210448132,0.0009168604660968347
45.4647,-98.4865,0.00018511662347278786,7f0b8bff-ff43-43c8-b29f-9ec9104943c7,0.0010590119821582342,United States,0.0002725061593413325,0.00035989569520987713,0.00044728523107842176,0.0005346747669469664,0.000622064302815511
45.5053,13.6024,0.0005553498704183636,9581f09d-f354-4f52-aa7e-20ba5a825b17,0.0007412831048948612,Slovenia,0.0005739431938660133,0.0005925365173136631,0.0006111298407613129,0.0006297231642089626,0.0006483164876566124
45.5572,-94.2242,0.00018511662347278786,668cd22a-a873-442d-83ea-3977f7beeb99,0.0010460862133610473,United States,0.0002712135824616138,0.0003573105414504397,0.0004434075004392657,0.0005295044594280916,0.0006156014184169176
45.5699,-73.692,0.00018511662347278786,0cf68f95-cecc-4639-8842-4cd03bdc1a6a,0.0010129349487459892,Canada,0.000267898456000108,0.0003506802885274281,0.0004334621210547483,0.0005162439535820683,0.0005990257861093885
45.5946,-121.1787,0.001480932987782303,d30f73b0-f699-406d-8f38-f93a7bdcc4d2,0.001264810126695831,United States,0.0014593207016736559,0.0014377084155650086,0.0014160961294563611,0.0013944838433477141,0.0013728715572390669
45.6291,9.5846,0.00037023324694557573,9c326717-e890-4e12-a173-4e2df6ddd65b,0.0007257814223050483,Italy,0.000405788064481523,0.0004413428820174703,0.00047689769955341747,0.0005124525170893648,0.000548007334625312
45.6495,13.7768,0.00018511662347278786,e0018500-7060-420d-9029-b87a0acffeb7,0.0007405536517346938,Italy,0.00024066032629897847,0.00029620402912516907,0.0003517477319513597,0.0004072914347775502,0.00046283513760374083
45.7129,12.257,0.00018511662347278786,611762f1-3bca-4a0a-ba0a-c9bffab51259,0.0007432450839572829,Italy,0.00024092946952123734,0.0002967423155696868,0.00035255516161813636,0.0004083680076665859,0.00046418085371503537
45.7313,5.0021,0.00037023324694557573,938df60d-8792-421f-a590-d977196d5db3,0.0007039586668833568,France,0.00040360578893935386,0.00043697833093313195,0.00047035087292691003,0.0005037234149206881,0.0005370959569144663
45.7422,-73.4501,0.00018511662347278786,509c23c0-2664-48b2-9a2b-b2e40703759a,0.0010132375284308442,Canada,0.0002679287139685935,0.0003507408044643991,0.00043355289496020477,0.0005163649854560105,0.000599177075951816
45.8144,15.978,0.0016660496112550908,4c970018-7f3d-4d9f-b427-ff956eae4534,0.0007197398607275983,Croatia,0.0015714186362023414,0.0014767876611495923,0.001382156686096843,0.0012875257110440937,0.0011928947359913446
45.8399,-119.7006,0.0020362828582006663,a62f4ef3-a3e2-440d-828d-1996e921c700,0.0012359119420324832,United States,0.001956245766583848,0.0018762086749670296,0.0017961715833502113,0.001716134491733393,0.0016360974001165748
45.9088,6.1257,0.00037023324694557573,0585ca4b-eba5-47b8-97de-987c9a9d6b4f,0.0007018377233420988,France,0.00040339369458522803,0.00043655414222488033,0.00046971458986453263,0.0005028750375041849,0.0005360354851438372
46.0101,8.96,0.00018511662347278786,eed6be46-64f1-468f-8c78-0f11e381ba7e,0.0007140471741456377,Switzerland,0.00023800967854007283,0.0002909027336073578,0.00034379578867464283,0.0003966888437419278,0.00044958189880921277
46.0362,4.068,0.00018511662347278786,ed09e51a-def5-4633-89b4-dafe2e8d502b,0.0007003491952225139,France,0.00023663988064776047,0.00028816313782273307,0.00033968639499770567,0.0003912096521726783,0.0004427329093476509
46.0511,14.5051,0.0018511662347278786,d949be07-b546-4f43-bd3c-ce1a46d97b43,0.0007409276094583438,Slovenia,0.001740142372200925,0.0016291185096739716,0.0015180946471470183,0.0014070707846200647,0.0012960469220931112
46.0646,-118.343,0.00018511662347278786,cf3f9266-048c-40b0-b654-1d3e3c61ef7b,0.0012134511877291054,United States,0.0002879500798984196,0.0003907835363240514,0.0004936169927496831,0.0005964504491753149,0.0006992839056009466
46.0667,20.05,0.00018511662347278786,2ea6a628-6513-4b64-a22a-4b19c1c82303,0.0007760393866194654,Serbia,0.0002442088997874556,0.00030330117610212335,0.0003623934524167911,0.0004214857287314589,0.0004805780050461266
46.0725,18.2308,0.00018511662347278786,b0d4bac9-1d52-42aa-8fae-c8d8efa33387,0.0007492266207268266,Hungary,0.00024152762319819173,0.0002979386229235956,0.0003543496226489995,0.00041076062237440335,0.0004671716220998072
46.1631,-1.1522,0.00018511662347278786,1fbc2ef0-9ad9-4fc2-af40-52b45f053929,0.0007622621715172713,France,0.0002428311782772362,0.00030054573308168454,0.0003582602878861329,0.00041597484269058127,0.0004736893974950296
46.1651,-123.9238,0.00037023324694557573,2fc1af7e-83fd-438f-9184-5c282bcd81f6,0.0012772853068779132,United States,0.00046093845293880943,0.0005516436589320431,0.0006423488649252771,0.0007330540709185108,0.0008237592769117445
46.1709,8.7995,0.00018511662347278786,c3637dea-ab4b-43c6-8f0b-9529b3a04390,0.0007111844070116674,Switzerland,0.00023772340182667582,0.00029033018018056377,0.00034293695853445175,0.00039554373688833967,0.00044815051524222765
46.1739,-95.9156,0.00018511662347278786,aedbedaf-2f44-481f-bd76-45d0aac25da8,0.0010385578742249015,United States,0.00027046074854799923,0.0003558048736232106,0.00044114899869842196,0.0005264931237736333,0.0006118372488488447
46.2022,6.1457,0.0011106997408367272,50380041-b25a-411d-aada-83eaf722c037,0.0007012858548721687,Switzerland,0.0010697583522402713,0.0010288169636438155,0.0009878755750473596,0.0009469341864509037,0.0009059927978544479
46.2274,7.3556,0.00018511662347278786,92a0f186-27e5-4155-8258-2b743c4a6e7e,0.0007062035387076093,Switzerland,0.00023722531499627,0.0002893340065197521,0.0003414426980432343,0.00039355138956671646,0.0004456600810901986
46.2515,15.1648,0.00018511662347278786,cc90734b-cc25-4429-a718-8a9146b0e086,0.0007143199754909149,Slovenia,0.00023803695867460054,0.0002909572938764132,0.00034387762907822595,0.0003967979642800387,0.00044971829948185137
46.2992,18.5302,0.00018511662347278786,edb5701b-7ff6-4598-8d29-3248983f8361,0.0007533042337856346,Hungary,0.00024193538450407255,0.00029875414553535724,0.0003555729065666419,0.00041239166759792656,0.00046921042862921124
46.3451,-72.5477,0.00018511662347278786,3c3786fd-d01e-42fd-8d96-abbd553a8a6c,0.0010147430453809922,Canada,0.00026807926566360825,0.0003510419078544287,0.0004340045500452492,0.0005169671922360696,0.00059992983442689
46.49,-80.99,0.00018511662347278786,84914444-ec91-4a65-ac29-d566fea6091f,0.0010002044374296233,Canada,0.00026662540486847137,0.0003481341862641549,0.00042964296765983853,0.0005111517490555221,0.0005926605304512056
46.516,6.6328,0.0007404664938911515,fb631c83-5925-4863-9313-f6a8854a467f,0.0006976248292878048,Switzerland,0.0007361823274308168,0.0007318981609704822,0.0007276139945101474,0.0007233298280498127,0.000719045661589478
46.5547,15.6467,0.00037023324694557573,05fe2b95-394b-412b-b7cd-6b184c9d097f,0.0007074544020520633,Slovenia,0.0004039553624562245,0.00043767747796687325,0.000471399593477522,0.0005051217089881708,0.0005388438244988195
46.5833,5.95,0.00018511662347278786,222c010b-9fd4-495e-8b38-4f218086d7ba,0.0006927460810955352,France,0.0002358795692350626,0.00028664251499733735,0.00033740546075961204,0.0003881684065218868,0.0004389313522841615
46.6333,27.7333,0.00018511662347278786,8a337a24-deb6-4a02-90b6-9ab474c33ac7,0.0007524069690239746,Romania,0.00024184565802790655,0.00029857469258302524,0.0003553037271381439,0.00041203276169326256,0.00046876179624838124
46.654,-120.5301,0.00018511662347278786,ad7a70be-6373-4193-b419-bd74c36eac34,0.0012413490252964994,United States,0.00029073986365515904,0.00039636310383753015,0.0005019863440199014,0.0006076095842022726,0.0007132328243846436
46.725,6.5307,0.00018511662347278786,d7d84cb1-2fb4-42dc-84be-7e54f5d4eaa2,0.0006948683120909572,Switzerland,0.0002360917923346048,0.0002870669611964217,0.0003380421300582387,0.0003890172989200556,0.00043999246778187253
46.7547,-71.6957,0.00037023324694557573,de4910f4-bb98-4f98-90c7-1597f0c6aad1,0.001016481692629297,Canada,0.0004348580915139479,0.00049948293608232,0.0005641077806506922,0.0006287326252190642,0.0006933574697874364
46.7667,23.6,0.00018511662347278786,5d1e177d-7433-45ed-bf29-545bcc6ed42a,0.0007658455779184116,Romania,0.00024318951891735022,0.00030126241436191257,0.000359335309806475,0.0004174082052510374,0.00047548110069559974
46.8336,7.0712,0.00037023324694557573,3c15b3d1-13bb-4799-b8b5-5a6ae1abaac9,0.0006942513269452889,Switzerland,0.00040263505494554706,0.0004350368629455184,0.00046743867094548963,0.000499840478945461,0.0005322422869454323
46.8458,-1.8794,0.00018511662347278786,212b25a7-353a-42a7-98da-d8e2a4115bd9,0.0007574163991763492,France,0.000242346601043144,0.0002995765786135001,0.0003568065561838563,0.00041403653375421244,0.00047126651132456854
46.8772,-96.7898,0.00018511662347278786,53e8062b-a99b-499d-82ec-771ec0650cc5,0.0010420329025353865,United States,0.0002708082513790477,0.00035649987928530757,0.0004421915071915675,0.0005278831350978273,0.0006135747630040872
46.9041,18.058,0.00018511662347278786,df2af307-f345-4d39-8701-7bca7346f4bd,0.0007378468092263528,Hungary,0.00024038964204814434,0.0002956626606235008,0.00035093567919885734,0.00040620869777421387,0.00046148171634957034
46.9244,7.4146,0.001480932987782303,977962c2-5dfe-4d0d-92ed-4cfb23ae9edc,0.000693780731857388,Switzerland,0.0014022177621898116,0.00132350253659732,0.0012447873110048282,0.001166072085412337,0.0010873568598198454
46.9918,6.931,0.00018511662347278786,dba399b0-6e79-4da3-a4b7-78ba2a4fba92,0.000692147374659846,Switzerland,0.00023581969859149367,0.00028652277371019947,0.0003372258488289053,0.0003879289239476111,0.0004386319990663169
47.0056,28.8575,0.001295816364309515,1f61855b-720b-499d-8656-b56209a9f604,0.0007730263544660516,Moldova,0.0012435373633251686,0.0011912583623408224,0.001138979361356476,0.0010867003603721296,0.0010344213593877832
47.0505,8.3064,0.0009255831173639393,0831ab1c-736a-477f-8b4d-cc46ac08ede2,0.0006980642996744997,Switzerland,0.0009028312355949953,0.0008800793538260513,0.0008573274720571074,0.0008345755902881636,0.0008118237085192196
47.0833,2.4,0.00018511662347278786,907c665f-031d-404f-ae46-9663befac1bf,0.0007274367451279534,France,0.00023934863563830443,0.000293580647803821,0.0003478126599693375,0.00040204467213485407,0.00045627668430037063
47.1332,24.5001,0.00018511662347278786,a2e30187-1613-47f6-b9d8-6b219fe633ed,0.0007956494837622988,Romania,0.00024616990950173897,0.0003072231955306901,0.0003682764815596412,0.00042932976758859224,0.0004903830536175434
47.1365,8.5853,0.001295816364309515,69952700-291b-4072-b5ce-61b0dda97a44,0.0006979611812952173,Switzerland,0.0012360308460080854,0.0011762453277066555,0.0011164598094052258,0.0010566742911037959,0.0009968887728023662
47.1854,-122.2929,0.001480932987782303,a9a579df-51c0-4c8b-af36-0bd5cd7d5cad,0.0012607881977540778,United States,0.0014589185087794804,0.001436904029776658,0.0014148895507738353,0.0013928750717710128,0.0013708605927681902
47.2017,7.5665,0.00037023324694557573,b994ccc1-e90b-4020-a495-2724d51b6836,0.0006943609029045799,Switzerland,0.00040264601254147615,0.0004350587781373766,0.00046747154373327695,0.0004998843093291774,0.0005322970749250778
47.2151,-123.1007,0.00018511662347278786,7dc0bc50-1416-489a-8a7e-e720826cc7b5,0.0012713290411697927,United States,0.0002937378652424883,0.0004023591070121888,0.0005109803487818893,0.0006196015905515898,0.0007282228323212903
47.2172,-1.5534,0.00037023324694557573,04f034a8-8686-4ebc-a442-5f9f0600fd9a,0.0007520461765558343,France,0.0004084145399066016,0.00044659583286762745,0.0004847771258286533,0.0005229584187896792,0.000561139711750705
47.2313,39.7233,0.0005553498704183636,bbde3412-67b7-4452-91c8-96a046aad68a,0.0008670394555359028,Russia,0.0005865188289301174,0.0006176877874418714,0.0006488567459536254,0.0006800257044653793,0.0007111946629771332
47.2331,9.6,0.00037023324694557573,da17606e-e68e-4f13-9015-3caa508b7521,0.000704517562600651,Austria,0.00040366167851108324,0.00043709011007659075,0.0004705185416420983,0.0005039469732076058,0.0005373754047731133
47.2431,19.6169,0.00018511662347278786,3b3293e4-4878-4857-9308-58f6fdc138a3,0.0007545551972772593,Hungary,0.000242060480853235,0.0002990043382336821,0.0003559481956141293,0.00041289205299457644,0.00046983591037502357
47.2627,11.3945,0.00037023324694557573,7784b866-bfd6-47fc-a1b7-6a949036f951,0.0007174403561171705,Austria,0.0004049539578627352,0.00043967466877989467,0.00047439537969705414,0.0005091160906142136,0.0005438368015313732
47.2835,0.6999,0.00037023324694557573,cdd240a4-8a06-4532-9b35-0ca85ae13436,0.0007429833996638614,France,0.0004075082622174043,0.0004447832774892329,0.00048205829276106143,0.00051933330803289,0.0005566083233047186
47.3,15.8333,0.00018511662347278786,767c5e92-eeeb-4dd1-9efb-4ece0ef7ebd7,0.0007009831046780932,Austria,0.0002367032715933184,0.0002882899197138489,0.0003398765678343795,0.00039146321595491,0.00044304986407544053
47.3517,11.7101,0.00018511662347278786,fd08c303-d745-43cc-bd6d-c54df9d3d646,0.000718460765038714,Austria,0.00023845103762938047,0.0002917854517859731,0.0003451198659425657,0.0003984542800991583,0.00045178869425575093
47.3667,8.55,0.012773047019622362,63d919e0-380f-41ab-a117-987a30129974,0.0006952215244470239,Switzerland,0.011565264470104827,0.010357481920587296,0.009149699371069759,0.007941916821552226,0.006734134272034693
47.3925,8.0442,0.0009255831173639393,00081ded-f4b2-4ba9-a65b-1f463d01fdec,0.0006934044276263907,Switzerland,0.0009023652483901844,0.0008791473794164295,0.0008559295104426747,0.00083271164146892,0.000809493772495165
47.3927,-122.0464,0.0016660496112550908,e1bf1ef8-84c5-4443-bb44-899e0c9903de,0.0012523574078675695,United States,0.0016246803909163387,0.0015833111705775866,0.0015419419502388345,0.0015005727299000821,0.0014592035095613303
47.3929,13.687,0.00018511662347278786,6729fec7-ebdd-4b28-bd03-3971b0b57806,0.0007290626209860508,Austria,0.00023951122322411414,0.0002939058229754404,0.00034830042272676674,0.00040269502247809307,0.00045708962222941934
47.4116,9.0402,0.0007404664938911515,0ca18560-1aeb-4414-8f89-d4dcd3a5ec2d,0.0006965622481315335,Switzerland,0.0007360760693151897,0.0007316856447392279,0.0007272952201632661,0.0007229047955873043,0.0007185143710113425
47.4143,9.7419,0.00018511662347278786,0b67020b-7bc0-4f8c-bd77-9905e874426d,0.000703157719549831,Austria,0.00023692073308049217,0.0002887248426881965,0.0003405289522959008,0.0003923330619036051,0.00044413717151130943
47.447,-121.7686,0.00018511662347278786,f21b5aeb-d720-465f-a319-75ebd68fd677,0.0012485048722305886,United States,0.00029145544834856794,0.00039779427322434797,0.0005041330981001282,0.0006104719229759082,0.0007168107478516883
47.4733,8.3059,0.0005553498704183636,a738e919-02fa-4877-9df0-c058a0c41bd0,0.0006932896141093186,Switzerland,0.000569143844787459,0.0005829378191565546,0.0005967317935256501,0.0006105257678947456,0.000624319742263841
47.4984,19.0404,0.0018511662347278786,084c2c47-6be6-456c-a88a-a1d86d500e3a,0.0007458831139338586,Hungary,0.0017406379226484767,0.0016301096105690747,0.0015195812984896725,0.0014090529864102706,0.0012985246743308686
47.5056,8.7241,0.0011106997408367272,56cef267-5d68-4d45-b99c-a256509bd0ea,0.000694340998904858,Switzerland,0.0010690638666435402,0.0010274279924503533,0.0009857921182571665,0.0009441562440639795,0.0009025203698707926
47.5233,12.4232,0.00018511662347278786,1623c54b-8fa9-49cf-bd7e-32df442dac93,0.0007215521823714032,Austria,0.00023876017936264938,0.0002924037352525109,0.0003460472911423725,0.00039969084703223403,0.00045333440292209554
47.5584,7.5733,0.0005553498704183636,de4d22c1-1f65-454c-becf-608134cf2592,0.0006905363792874809,Switzerland,0.0005688685213052752,0.000582387172192187,0.0005959058230790988,0.0006094244739660104,0.0006229431248529222
47.5667,14.2333,0.00018511662347278786,ea165b11-b9fb-4a18-a056-8eebb69871eb,0.0007208742029849952,Austria,0.00023869238142400857,0.0002922681393752293,0.0003458438973264501,0.0003994196552776708,0.0004529954132288915
47.6062,-122.3321,0.006479081821547575,075ffe3a-f5d8-4051-a029-80cfa7f57782,0.0012588682356789135,United States,0.005957060462960709,0.005435039104373843,0.004913017745786976,0.00439099638720011,0.0038689750286132443
47.6445,-122.6949,0.00018511662347278786,f3d2316b-d20d-4012-9cb3-0394122d3915,0.0012634159126501993,United States,0.000292946552390529,0.00040077648130827014,0.0005086064102260114,0.0006164363391437525,0.0007242662680614936
47.6569,-2.762,0.00018511662347278786,9bfd57f8-2917-47f5-998f-527c2ff27d75,0.0007534330714584926,France,0.00024194826827135833,0.0002987799130699288,0.0003556115578684993,0.0004124432026670698,0.00046927484746564025
47.6597,-117.4291,0.00037023324694557573,2f9ed683-748f-4acf-ace9-1f13a3fd42e4,0.0011866581939473364,United States,0.0004518757416457518,0.0005335182363459278,0.0006151607310461039,0.00069680322574628,0.0007784457204464561
47.6704,6.842,0.00037023324694557573,70c7367f-81a4-4816-a5bd-6afe5bc1af12,0.0006881972612201234,France,0.0004020296483730305,0.00043382604980048524,0.00046562245122794006,0.0004974188526553948,0.0005292152540828496
47.6749,15.9389,0.00018511662347278786,0af41744-740a-4c77-9f5a-cbe0d11482c8,0.0006983494385310697,Austria,0.00023643990497861604,0.0002877631864844442,0.0003390864679902724,0.0003904097494961006,0.00044173303100192876
47.6759,-117.1182,0.00018511662347278786,339c6bcb-45f7-4e35-a0ae-c965be40ac24,0.0011868472977284467,United States,0.0002852896908983537,0.0003854627583239196,0.00048563582574948555,0.0005858088931750514,0.0006859819606006173
47.6973,8.6349,0.00037023324694557573,104c25f7-3b53-47a1-a84c-063d9d8ae2c4,0.0006955897278932312,Switzerland,0.0004027688950403413,0.00043530454313510684,0.00046784019122987234,0.000500375839324638,0.0005329114874194035
47.7248,-116.789,0.00018511662347278786,f4bf0ed7-974f-438d-9a12-bf85ca99b47e,0.0011789418353367997,United States,0.00028449914465918905,0.00038388166584559023,0.00048326418703199147,0.0005826467082183926,0.0006820292294047938
47.7362,11.8594,0.00037023324694557573,610f601b-588d-47ed-a934-ccd420a07b4e,0.0007154292140007847,Germany,0.00040475284365109666,0.00043927244035661754,0.0004737920370621384,0.0005083116337676592,0.0005428312304731802
47.7667,11.1667,0.0009255831173639393,9ff94f14-8705-4172-bf0a-6e15855d4850,0.0007107059221683017,Germany,0.0009040953978443755,0.0008826076783248118,0.0008611199588052481,0.0008396322392856842,0.0008181445197661206
47.7918,-122.2243,0.001295816364309515,7143e08b-a2d0-4346-b5ff-0bce60220404,0.0012564895194016902,United States,0.0012918836798187325,0.00128795099532795,0.0012840183108371677,0.0012800856263463852,0.0012761529418556026
47.7994,13.044,0.00037023324694557573,26d581e9-de90-45a1-b8b2-472dae4371a1,0.0007234732567153903,Austria,0.0004055572479225572,0.00044088124889953863,0.00047620524987652014,0.0005115292508535015,0.000546853251830483
47.8171,6.365,0.00018511662347278786,ef9b80bd-c14f-414c-ba4f-852aff1b70de,0.0006862984145854458,France,0.00023523480258405365,0.00028535298169531944,0.0003354711608065853,0.00038558933991785107,0.00043570751902911685
47.8578,11.4805,0.00037023324694557573,475b79b4-c8f4-4da5-81de-773ff9bcfafc,0.0007117625639765791,Germany,0.00040438617864867605,0.0004385391103517764,0.00047269204205487676,0.000506844973757977,0.0005409979054610774
47.8747,7.6572,0.0011106997408367272,3d5b7cc8-f24f-4213-a23c-f25411035ad1,0.0006876376492528995,Germany,0.0010683935316783443,0.0010260873225199617,0.0009837811133615788,0.0009414749042031961,0.0008991686950448134
47.8983,16.2483,0.0007404664938911515,370e2f57-de18-4277-857e-9b454ee299e9,0.0007029272283310346,Austria,0.0007367125673351398,0.0007329586407791281,0.0007292047142231164,0.0007254507876671047,0.000721696861111093
47.9029,1.9039,0.00018511662347278786,ca892197-35aa-4a21-a9a7-5dc1439eb186,0.0007333668807728753,France,0.00023994164920279658,0.0002947666749328053,0.0003495917006628141,0.00040441672639282284,0.00045924175212283156
47.9253,-97.0328,0.00018511662347278786,ee5f0603-8307-4d3f-be40-883ea3d48e68,0.0010235006341523674,United States,0.0002689550245407458,0.0003527934256087038,0.00043663182667666174,0.0005204702277446197,0.0006043086288125777
47.9554,21.7167,0.00018511662347278786,4355f8b0-884a-40e9-ad4a-f9176216ac29,0.0007830548617087889,Hungary,0.00024491044729638796,0.00030470427111998805,0.0003644980949435882,0.0004242919187671883,0.0004840857425907884
48.0383,14.2077,0.00018511662347278786,89923db4-6ac9-4764-9419-5968bf7a3e59,0.0007199367695081925,Austria,0.00023859863807632834,0.0002920806526798688,0.0003455626672834093,0.0003990446818869497,0.0004525266964904902
48.0464,12.8294,0.00018511662347278786,a8ee98ae-608c-4519-a9d7-a533492d73a8,0.0007195521943869783,Austria,0.0002385601805642069,0.0002920037376556259,0.00034544729474704505,0.0003988908518384641,0.0004523344089298831
48.0623,8.4936,0.00018511662347278786,e02bdc10-1d98-4664-9c27-836de6957e23,0.0006917043956728103,Germany,0.00023577540069279012,0.00028643417791279237,0.00033709295513279457,0.0003877517323527968,0.0004384105095727991
48.0828,16.3138,0.009996297667530544,3b5949df-c080-495e-b620-ba5b8debe1b8,0.0007020147750825931,Austria,0.00906686937828575,0.008137441089040954,0.007208012799796158,0.006278584510551364,0.005349156221306568
48.0934,9.7905,0.00018511662347278786,b310b36e-73b8-4f1d-91cd-80a5f3ab5b24,0.0006966729069448473,Germany,0.0002362722518199938,0.00028742788016719974,0.0003385835085144057,0.0003897391368616116,0.0004408947652088176
48.1088,11.7265,0.004627915586819697,255cb1a5-f752-49bd-a8e4-3a616d550183,0.0007110812992467945,Germany,0.004236232158062407,0.0038445487293051164,0.003452865300547826,0.003061181871790536,0.0026694984430332457
48.112,-1.6743,0.0009255831173639393,adbcc83b-6efa-41e7-8387-e3409d1e3d0e,0.0007440589793521236,France,0.0009074307035627577,0.0008892782897615761,0.0008711258759603947,0.0008529734621592131,0.0008348210483580315
48.1128,-98.8651,0.00037023324694557573,3ef35d9a-9b7a-45c5-99f3-0d74e166b34d,0.0010354244646383032,United States,0.00043675236871484847,0.0005032714904841212,0.000569790612253394,0.0006363097340226667,0.0007028288557919394
48.1463,16.945,0.0007404664938911515,234cebf4-b713-4cd9-87f8-a3a5f847e052,0.0007112892262037524,Austria,0.0007375487671224116,0.0007346310403536717,0.0007317133135849316,0.0007287955868161917,0.0007258778600474519
48.2474,13.9784,0.00018511662347278786,ba18b078-1e1e-4c52-8348-060b694398b2,0.0007235140567844407,Austria,0.00023895636680395314,0.0002927961101351184,0.00034663585346628373,0.000400475596797449,0.0004543153401286143
48.2563,13.0434,0.00018511662347278786,2d624b76-62fd-4507-bd69-a1e83e739a69,0.0007194498514985834,Austria,0.00023854994627536743,0.000291983269077947,0.00034541659188052655,0.00039884991468310606,0.0004522832374856856
48.2751,2.6908,0.00018511662347278786,9b9e8d2f-dfee-41e8-a605-06720b6ec3e2,0.0007181400836451427,France,0.00023841896949002334,0.0002917213155072588,0.00034502366152449433,0.0003983260075417298,0.0004516283535589653
48.306,11.9069,0.00018511662347278786,4da295ce-3225-4955-b360-bb80469414ae,0.0007106598424163225,Germany,0.00023767094536714133,0.0002902252672614948,0.0003427795891558482,0.0003953339110502017,0.00044788823294455516
48.3606,11.3779,0.00037023324694557573,f4138cab-2764-4ce3-b5dc-24fa6f2e4455,0.0007067341507930995,Germany,0.0004038833373303281,0.0004375334277150805,0.0004711835180998328,0.0005048336084845852,0.0005384836988693376
48.3984,9.9916,0.00037023324694557573,3e8afcf0-2850-489f-b16f-562b87ccead4,0.0006950845992035316,Germany,0.0004027183821713713,0.0004352035173971669,0.00046768865262296247,0.000500173787848758,0.0005326589230745537
48.4298,9.255,0.00037023324694557573,2ef736ad-e7e8-4922-af66-8eda74c7997b,0.0006914597861231895,Germany,0.0004023559008633371,0.0004344785547810985,0.0004666012086988598,0.0004987238626166212,0.0005308465165343826
48.4359,-123.3516,0.0005553498704183636,fa963602-935c-4c57-93d6-b23d7e8e8248,0.0012758616595922043,Canada,0.0006274010493357476,0.0006994522282531317,0.0007715034071705158,0.0008435545860878998,0.000915605765005284
48.4827,135.0838,0.00018511662347278786,fc2df25b-afb6-44cc-9ede-fafc120118a0,0.0016891121859191518,Russia,0.0003355161797174242,0.0004859157359620606,0.0006363152922066971,0.0007867148484513335,0.0009371144046959698
48.511,14.5045,0.00018511662347278786,e6e5c474-d456-436c-9075-80c9832d75d7,0.0007260449440678343,Austria,0.0002392094555322925,0.0002933022875917971,0.0003473951196513018,0.0004014879517108065,0.0004555807837703111
48.5172,34.6062,0.00018511662347278786,5b63c0e0-6b11-449a-86ee-3af800738711,0.0009226880532840473,Ukraine,0.0002588737664539138,0.00033263090943503975,0.0004063880524161657,0.0004801451953972916,0.0005539023383784175
48.5839,7.7455,0.0033320992225101815,cd2ed6d9-51c3-4d6f-8547-4ae16b130168,0.000685400215939718,France,0.003067429321853135,0.002802759421196089,0.0025380895205390427,0.002273419619881996,0.0020087497192249498
48.6257,9.342,0.0005553498704183636,effe71fd-73c6-44f1-8ee1-76746b6854d7,0.0006903436414118318,Germany,0.0005688492475177104,0.0005823486246170572,0.0005958480017164041,0.0006093473788157508,0.0006228467559150977
48.7178,2.4934,0.001480932987782303,4fd8e152-d0a0-47ea-a859-1c13888a91dc,0.0007282646150311024,France,0.001405666150507183,0.001330399313232063,0.0012551324759569426,0.0011798656386818227,0.0011045988014067028
48.7595,-122.4882,0.00037023324694557573,5a1b2470-8ac2-4fba-80c8-ce218e96fa33,0.0012552569397010196,United States,0.0004587356162211201,0.0005472379854966644,0.0006357403547722089,0.0007242427240477533,0.0008127450933232977
48.7651,11.4237,0.001295816364309515,99bf9d11-f123-46cb-812b-38c18aafc7fa,0.0007040750261737351,Germany,0.001236642230495937,0.001177468096682359,0.001118293962868781,0.001059119829055203,0.000999945695241625
48.7719,2.0189,0.009811181044057756,714cf6ee-c170-4f49-ad91-469f9ceaa6b4,0.0007288119356791992,France,0.008902944133219902,0.007994707222382045,0.007086470311544188,0.006178233400706333,0.005269996489868477
48.7823,9.177,0.001480932987782303,50ca3e8b-d1ed-4714-9e8f-596e55c7c0d3,0.0006885614354212786,Germany,0.0014016958325462005,0.001322458677310098,0.0012432215220739954,0.0011639843668378932,0.0010847472116017908
48.8156,7.7905,0.00018511662347278786,dcc24f52-51cd-4baa-9f15-d9b14c117e78,0.0006838689855108015,France,0.00023499185967658923,0.0002848670958803906,0.0003347423320841919,0.0003846175682879933,0.00043449280449179466
48.8439,10.8583,0.00018511662347278786,ff2b9436-65b4-4181-99d0-e537af7bb733,0.0007000732141050467,Germany,0.00023661228253601374,0.0002881079415992396,0.0003396036006624655,0.00039109925972569137,0.0004425949187889173
48.8555,16.0488,0.00018511662347278786,2264e637-222f-4652-a22a-bba3ee137fc4,0.0006940704522201841,Czechia,0.0002360120063475275,0.00028690738922226714,0.0003378027720970068,0.00038869815497174636,0.000439593537846486
48.9411,2.8602,0.00018511662347278786,2327ffc8-38ec-4986-b7bd-2a7f5206e93f,0.0007157953988359945,France,0.0002381845010091085,0.00029125237854542914,0.00034432025608174984,0.00039738813361807053,0.00045045601115439117
48.9881,2.3016,0.0005553498704183636,1c12e1a6-9f5f-4067-8894-0a6c718506d9,0.0007299493673430801,France,0.0005728098201108352,0.0005902697698033069,0.0006077297194957786,0.0006251896691882501,0.0006426496188807219
49.0094,8.4044,0.00037023324694557573,e0a39a27-868b-4ee2-9e9a-b49fc569e931,0.0006843179373144957,Germany,0.00040164171598246776,0.00043305018501935973,0.0004644586540562517,0.0004958671230931436,0.0005272755921300358
49.058,-122.2526,0.00037023324694557573,1604a65f-3f90-4089-bbd8-f9bf68efb55c,0.001251073479769108,Canada,0.000458317270227929,0.0005464012935102822,0.0006344853167926355,0.0007225693400749886,0.0008106533633573419
49.1063,-122.8251,0.0005553498704183636,56b207de-21a8-4fa2-bb78-330db4330686,0.0012541280887633762,Canada,0.0006252276922528647,0.0006951055140873661,0.0007649833359218675,0.0008348611577563686,0.0009047389795908699
49.1166,10.7597,0.00018511662347278786,d5ec663a-57bc-4c1a-a3f8-211bfc98e29c,0.0006978207752407076,Germany,0.00023638703864957983,0.0002876574538263718,0.0003389278690031638,0.00039019828417995574,0.00044146869935674773
49.1344,10.0719,0.00018511662347278786,46ec84a2-587d-4a0f-bed2-a00679bf737f,0.0006940071369074783,Germany,0.0002360056748162569,0.00028689472615972593,0.000337783777503195,0.000388672828846664,0.00043956188019013306
49.1357,20.4335,0.00018511662347278786,e03fed46-84a4-40de-ab2b-451f8841c8c8,0.0007596637944479378,Slovakia,0.00024257134057030285,0.00030002605766781784,0.00035748077476533286,0.0004149354918628479,0.00047239020896036284
49.1465,1.3962,0.00037023324694557573,ee8a4efa-8314-4b07-a3e9-4d78612f3d65,0.0007310021659424843,France,0.00040631013884526656,0.00044238703074495745,0.0004784639226446483,0.0005145408145443391,0.00055061770644403
49.1531,-125.9074,0.00018511662347278786,111e1d7a-b6ad-4d6d-abaf-25529da065f5,0.001273977366316908,Canada,0.00029400269775719986,0.00040288877204161186,0.0005117748463260239,0.0006206609206104358,0.0007295469948948479
49.17,-123.1368,0.0031469825990373935,0b631cf8-0e8f-4fc3-85df-5f9fa8ad5083,0.0012539163975301675,Canada,0.0029576759788866713,0.002768369358735948,0.0025790627385852256,0.0023897561184345033,0.0022004494982837807
49.1952,16.608,0.00037023324694557573,bd15bdff-56b9-477a-8958-f140bb975c26,0.0007083072960941345,Czechia,0.0004040406518604316,0.0004378480567752875,0.00047165546169014333,0.0005054628666049993,0.0005392702715198551
49.1982,2.2091,0.00018511662347278786,19d02d1b-0ac0-4656-86b4-d449a5750448,0.0007286875815892489,France,0.00023947371928443396,0.00029383081509608007,0.00034818791090772617,0.00040254500671937227,0.00045690210253101837
49.2012,8.6418,0.00018511662347278786,18ffeee5-d976-4d20-ba58-6c59b4ee54db,0.0006839789706814394,Germany,0.00023500285819365302,0.0002848890929145182,0.00033477532763538333,0.0003846615623562485,0.00043454779707711365
49.2072,2.5866,0.00037023324694557573,a0a2bafe-8384-4517-aeeb-35b845ce2127,0.0007279208480710124,France,0.0004060020070581194,0.00044177076717066306,0.0004775395272832067,0.0005133082873957503,0.000549077047508294
49.2653,4.0285,0.00018511662347278786,6d80c8d1-507e-4102-94ba-25d37c306861,0.0006752895083320097,France,0.00023413391195871002,0.0002831512004446322,0.00033216848893055444,0.0003811857774164766,0.00043020306590239876
49.2846,-122.7822,0.00018511662347278786,0cd30c55-3482-40fa-a737-7274b60ace44,0.0012528980170888498,Canada,0.0002918947628343941,0.00039867290219600023,0.0005054510415576064,0.0006122291809192127,0.0007190073202808188
49.2952,9.616,0.00018511662347278786,a7ad2954-ce2e-429e-b611-52aa4f50073b,0.0006874056916165086,Germany,0.00023534553028715992,0.00028557443710153197,0.0003358033439159041,0.0003860322507302762,0.00043626115754464824
49.3667,-123.1665,0.0005553498704183636,05a57f93-e5fa-4ef3-a4fa-dc6c15a431db,0.0012535403526062648,Canada,0.0006251689186371537,0.0006949879668559438,0.0007648070150747339,0.0008346260632935241,0.0009044451115123142
49.383,-121.4414,0.00018511662347278786,df03c93f-a64b-4198-9ff6-c30d2e859aec,0.0012321975121485284,Canada,0.0002898247123403619,0.00039453280120793594,0.00049924089007551,0.0006039489789430841,0.0007086570678106581
49.4075,11.1649,0.012217697149203998,62ae0705-6c88-4b40-a248-784b88ea43a6,0.000698727800100067,Germany,0.011065800214293604,0.009913903279383213,0.008762006344472818,0.007610109409562425,0.006458212474652033
49.4671,5.932,0.00018511662347278786,ed99b153-601c-4c26-ae37-27744b5fef2d,0.0006771150382753067,France,0.00023431646495303976,0.00028351630643329165,0.00033271614791354355,0.0003819159893937954,0.0004311158308740473
49.4719,17.1118,0.00018511662347278786,a45d2ae9-2c54-4d94-ac37-474d2cd085bd,0.0007154100207721854,Czechia,0.0002381459632027276,0.00029117530293266736,0.00034420464266260713,0.00039723398239254685,0.0004502633221224866
49.4812,8.4464,0.00037023324694557573,41f4eb3e-8502-43ad-9b90-8eb36ece0783,0.0006818864208957135,Germany,0.0004013985643405895,0.0004325638817356033,0.000463729199130617,0.0004948945165256308,0.0005260598339206446
49.4946,10.7923,0.001480932987782303,b997b690-0b28-4d2a-9522-ce84cd7f429c,0.0006960691321541953,Germany,0.0014024466022194923,0.0013239602166566816,0.0012454738310938704,0.0011669874455310597,0.001088501059968249
49.5453,0.9552,0.00018511662347278786,828b9953-cc78-4331-8949-6a0edda5cab8,0.0007297414929375286,France,0.00023957911041926191,0.00029404159736573596,0.0003485040843122101,0.0004029665712586842,0.0004574290582051582
49.5892,34.5537,0.00018511662347278786,0a243084-d316-4bdb-b3de-0bcb09c85169,0.0009218938210748215,Ukraine,0.0002587943432329912,0.0003324720629931946,0.000406149782753398,0.00047982750251360137,0.0005535052222738048
49.6117,6.13,0.0005553498704183636,c1821ec0-b3ce-4568-be03-9902bdb70549,0.0006765207990002811,Luxembourg,0.0005674669632765553,0.0005795840561347471,0.0005917011489929389,0.0006038182418511306,0.0006159353347093223
49.612,11.1297,0.00018511662347278786,6f6101bc-df38-42cc-962f-47f4c382d1bf,0.0006975860920980233,Germany,0.00023636357033531138,0.0002876105171978349,0.0003388574640603585,0.00039010441092288204,0.00044135135778540556
49.6992,-123.1563,0.00018511662347278786,469be133-a8ec-4b9b-a4f1-257b80dcafcf,0.0012561594373441502,Canada,0.0002922209048599241,0.0003993251862470603,0.0005064294676341966,0.0006135337490213329,0.000720638030408469
49.7397,10.1507,0.00037023324694557573,01c6dda4-025e-4440-9e95-4e533c3b8472,0.0006880310805249928,Germany,0.00040201303030351746,0.0004337928136614592,0.00046557259701940086,0.0004973523803773425,0.0005291321637352843
49.7475,13.3776,0.00018511662347278786,238c38f9-9822-4913-a28a-92f847f8fa5e,0.0007168286808300165,Czechia,0.00023828782920851072,0.0002914590349442336,0.00034463024067995645,0.0003978014464156793,0.00045097265215140217
49.8347,18.282,0.00018511662347278786,ecd69ebd-bc3a-4e5d-80b6-2ffca8468214,0.0007254350848792106,Czechia,0.00023914846961343013,0.0002931803157540724,0.0003472121618947147,0.000401244008035357,0.00045527585417599924
49.8717,8.6503,0.00018511662347278786,8894f851-aaba-4d31-95f5-9c295d8151d3,0.0006809554231677486,Germany,0.0002347005034422839,0.00028428438341177996,0.00033386826338127607,0.00038345214335077217,0.0004330360233202682
49.8844,-97.147,0.00018511662347278786,082e645d-a3a5-4f5e-a4bc-43ecca5fac67,0.0010143273945514742,Canada,0.00026803770058065647,0.0003509587776885251,0.0004338798547963938,0.0005168009319042624,0.000599722009012131
49.8987,10.9007,0.0005553498704183636,becc5020-27e0-40fb-a958-4be44715948d,0.0006951299957779445,Germany,0.0005693278829543216,0.0005833058954902797,0.0005972839080262379,0.000611261920562196,0.0006252399330981541
49.9387,17.9026,0.00018511662347278786,abe9ed9d-c167-476c-bba1-d24eba29941f,0.0007211742450331662,Czechia,0.0002387223856288257,0.0002923281477848635,0.00034593390994090137,0.00039953967209693916,0.000453145434252977
49.9478,11.5789,0.00018511662347278786,3a7c2d7f-820a-4235-814e-50a4a3fbae39,0.0006992416343984786,Germany,0.00023652912456535692,0.00028794162565792597,0.0003393541267504951,0.0003907666278430642,0.00044217912893563323
49.9842,8.2791,0.03942984079970381,6e6b468a-049e-4078-8a93-265db3d4965a,0.0006793187622234583,Germany,0.035554788595955775,0.03167973639220774,0.027804684188459702,0.02392963198471167,0.020054579780963634
50.0614,19.9366,0.0005553498704183636,cd82a785-e8b8-47b4-8cec-13d82015724e,0.000749279998902743,Poland,0.0005747428832668015,0.0005941358961152395,0.0006135289089636774,0.0006329219218121154,0.0006523149346605534
50.0866,14.4799,0.004072565716401333,19f19c3b-4ead-445e-baad-48fd1c0859a7,0.0007176071199456606,Czechia,0.0037370698567557653,0.0034015739971101984,0.0030660781374646307,0.002730582277819064,0.0023950864181734965
50.0888,9.0646,0.00037023324694557573,3bd97ec7-71b4-4f7b-9cb4-1059cb99a90e,0.000681843784558487,Germany,0.00040139430070686686,0.000432555354468158,0.0004637164082294491,0.0004948774619907403,0.0005260385157520313
50.2014,3.8384,0.00018511662347278786,3f4db5cb-a16c-4315-9051-a7fe70b9b3fa,0.000697514608332464,France,0.0002363564219587555,0.0002875962204447231,0.0003388360189306907,0.0003900758174166583,0.00044131561590262595
50.2584,19.0275,0.00037023324694557573,a6fb0c69-fc4b-4266-9ad1-cd0b6351766d,0.0007314429572511941,Poland,0.00040635421797613757,0.0004424751890066994,0.00047859616003726124,0.0005147171310678231,0.000550838102098385
50.2815,6.1272,0.00037023324694557573,901f4300-2390-4d6e-a4ee-4367ab980d09,0.0006738084928807457,Belgium,0.00040059077153909274,0.00043094829613260976,0.00046130582072612667,0.0004916633453196437,0.0005220208699131607
50.2944,11.4629,0.00018511662347278786,0cb9076c-d98f-4f7b-89b2-0449ab4796a9,0.000697531056981367,Germany,0.00023635806682364578,0.0002875995101745037,0.0003388409535253616,0.00039008239687621953,0.00044132384022707745
50.3715,-4.143,0.00018511662347278786,677c3983-0585-4e7d-866b-626c0b5bd49a,0.0007456613024114141,United Kingdom,0.00024117109136665048,0.0002972255592605131,0.00035328002715437573,0.00040933449504823837,0.00046538896294210096
50.4001,-105.5345,0.00018511662347278786,74ee408e-ed82-45ac-9503-33a4e1ecfd63,0.0010400311098130027,Canada,0.00027060807210680933,0.0003560995207408308,0.00044159096937485237,0.0005270824180088738,0.0006125738666428953
50.4518,19.5199,0.00018511662347278786,bd76d209-f4e5-4c8c-88a7-afeb9c24d107,0.0007396133182211042,Poland,0.0002405662929476195,0.00029601596242245115,0.0003514656318972828,0.0004069153013721144,0.000462364970846946
50.4547,30.5238,0.0022213994816734544,474f27d6-c785-4e3d-8cd1-e689aee35d99,0.0007870724740014393,Ukraine,0.002077966780906253,0.0019345340801390513,0.00179110137937185,0.0016476686786046483,0.001504235977837447
50.4779,12.3713,0.047760088855979266,90acaa75-787e-42c7-a0c8-217fd00fef2e,0.0007069479355627555,Germany,0.04305477476393761,0.038349460671895964,0.03364414657985431,0.028938832487812663,0.024233518395771012
50.5031,4.2359,0.00037023324694557573,67637f48-1fbf-434a-8c86-79c2bf823b09,0.0006795501874378994,Belgium,0.0004011649409948081,0.00043209663504404044,0.0004630283290932728,0.0004939600231425052,0.0005248917171917376
50.5677,3.4492,0.00018511662347278786,6f6354b4-b996-4113-99be-da21118d0003,0.0007101148472156704,Belgium,0.00023761644584707612,0.0002901162682213644,0.00034261609059565263,0.0003951159129699409,0.00044761573534422914
50.6167,3.1666,0.016105146242132544,923b5039-9e9b-4899-b8eb-abf5e130b599,0.000723757567252381,France,0.014567007374644527,0.013028868507156512,0.011490729639668495,0.009952590772180478,0.008414451904692463
50.6167,7.35,0.00018511662347278786,b24ca851-fc3c-44ac-b817-56d7248dafa2,0.0006750980438739248,Germany,0.00023411476551290155,0.00028311290755301524,0.000332111049593129,0.00038110919163324267,0.00043010733367335635
50.6564,10.6605,0.001480932987782303,ca37b9b7-6320-421c-889e-21f0a51ab928,0.0006920340716484849,Germany,0.001402043096168921,0.0013231532045555395,0.0012442633129421574,0.0011653734213287756,0.001086483529715394
50.7143,-1.9846,0.00018511662347278786,4a933b9d-284e-42f2-b227-3dd8ff4f7f05,0.0007325324286897654,United Kingdom,0.0002398582039944856,0.00029459978451618334,0.00034934136503788114,0.0004040829455595789,0.0004588245260812766
50.7181,6.0111,0.00018511662347278786,54c6bd76-0fc0-4e25-8762-673b81e5a8d1,0.0006726017734724061,Belgium,0.0002338651384727497,0.0002826136534727115,0.00033136216847267334,0.00038011068347263517,0.000428859198472597
50.7338,4.2345,0.0037023324694557573,a9e9da8c-3c01-4a49-b282-348f07abf749,0.0006823322131899104,Belgium,0.0034003324438291725,0.0030983324182025877,0.0027963323925760033,0.0024943323669494185,0.0021923323413228337
50.7344,7.0955,0.00259163272861903,ee8ee1c6-846e-4934-adce-ed23f2877b63,0.0006743147379792855,Germany,0.0023999009295550557,0.0022081691304910813,0.0020164373314271065,0.0018247055323631321,0.0016329737332991577
50.799,-1.0913,0.00037023324694557573,c6db4108-3898-49d8-b3bf-add6ac7f9c86,0.000731329646375555,United Kingdom,0.00040634288688857367,0.0004424525268315716,0.0004785621667745695,0.0005146718067175675,0.0005507814466605654
50.8043,6.493,0.00018511662347278786,fd86a6f6-1361-421c-bb53-7f499e331f7c,0.0006730811838120496,Germany,0.00023391307950671402,0.0002827095355406402,0.00033150599157456644,0.0003803024476084926,0.00042909890364241875
50.8114,-0.5408,0.00037023324694557573,fc1dba5b-514b-4aa1-b524-1c57b01d4bbd,0.0007290561952342542,United Kingdom,0.0004061155417744436,0.00044199783660331144,0.00047788013143217924,0.0005137624262610471,0.000549644721089915
50.8284,-0.1395,0.00018511662347278786,c0459fc6-61d9-4255-b891-fa50768377ca,0.000730795125529955,United Kingdom,0.00023968447367850456,0.00029425232388422126,0.000348820174089938,0.00040338802429565476,0.00045795587450137145
50.872,9.7089,0.00037023324694557573,27d8e1f9-f2c8-44f8-9228-cf4213c93da7,0.0006867865056537232,Germany,0.0004018885728163905,0.00043354389868720527,0.00046519922455802,0.0004968545504288347,0.0005285098762996495
50.9177,6.1234,0.00037023324694557573,4d468f8c-905c-4e8b-b35b-0e7313fbb069,0.0006724330593615407,Germany,0.0004004532281871722,0.0004306732094287687,0.0004608931906703652,0.0004911131719119617,0.0005213331531535582
50.936,4.0355,0.00018511662347278786,a5857416-6bc4-4e75-9689-99ea74cad652,0.000695427996585337,Belgium,0.00023614776078404278,0.0002871788980952977,0.0003382100354065526,0.0003892411727178075,0.00044027231002906244
50.9519,1.8563,0.0007404664938911515,00414684-6b5b-4639-99d5-50b2f9858733,0.0007251036895845921,France,0.0007389302134604955,0.0007373939330298396,0.0007358576525991836,0.0007343213721685277,0.0007327850917378718
50.965,5.5008,0.00018511662347278786,dd5325e9-3def-4ca1-b2d7-21e2e541cbf0,0.0006718723933100971,Belgium,0.00023379220045651876,0.00028246777744024966,0.0003311433544239806,0.00037981893140771157,0.00042849450839144246
50.9787,11.0328,0.0007404664938911515,066e49d6-d555-4594-a637-5b2d443a3148,0.0006939502273809728,Germany,0.0007358148672401337,0.0007311632405891157,0.0007265116139380978,0.00072185998728708,0.0007172083606360621
51.0495,5.2261,0.00037023324694557573,55e6540b-d052-495a-9ad0-a798c87384c1,0.0006716998967015629,Belgium,0.00040037991192117445,0.00043052657689677317,0.0004606732418723719,0.0004908199068479706,0.0005209665718235693
51.0501,-114.0853,0.001295816364309515,ed9e70a3-629d-4e7a-8806-089759d53ea4,0.0011088441248979074,Canada,0.0012771191403683543,0.0012584219164271935,0.0012397246924860327,0.0012210274685448721,0.0012023302446037111
51.0509,13.7383,0.0007404664938911515,c0fa6f4a-9970-4cac-9de8-6ba5b19065f7,0.0007166700124432211,Germany,0.0007380868457463585,0.0007357071976015655,0.0007333275494567723,0.0007309479013119793,0.0007285682531671863
51.0604,4.3602,0.001295816364309515,d55d56c8-e820-48c8-80e8-1885c49452bb,0.0006851284467909326,Belgium,0.001234747572557657,0.0011736787808057985,0.0011126099890539404,0.001051541197302082,0.0009904724055502239
51.0651,-1.3187,0.00018511662347278786,558bec20-aa82-42a3-b644-6de448760d2c,0.0007315519585664092,United Kingdom,0.00023976015698214998,0.0002944036904915121,0.0003490472240008743,0.0004036907575102364,0.0004583342910195985
51.0834,-115.3521,0.00018511662347278786,3176d50c-79bf-49ea-8ce4-13b6c9072bf9,0.0011221225681984789,Canada,0.00027881721794535696,0.00037251781241792606,0.0004662184068904952,0.0005599190013630643,0.0006536195958356334
51.1,17.0333,0.00037023324694557573,d7699052-a2a1-4e09-9690-30ab5e63c012,0.000706127388560544,Poland,0.00040382266110707254,0.00043741207526856935,0.0004710014894300662,0.000504590903591563,0.0005381803177530598
51.1196,9.1248,0.00018511662347278786,6c79f887-59ce-46db-8284-0567a081dbb9,0.000684040999632614,Germany,0.0002350090610887705,0.0002849014987047531,0.0003347939363207357,0.0003846863739367183,0.00043457881155270094
51.1284,-3.0036,0.00018511662347278786,85b85d2c-d9dd-47a0-804b-9a2cdcdec699,0.0007365659256105035,United Kingdom,0.0002402615536865594,0.00029540648390033095,0.00035055141411410255,0.00040569634432787414,0.0004608412745416457
51.1332,0.2626,0.00018511662347278786,84ac5430-2612-45da-9d31-b94d260bba85,0.000728698711027516,United Kingdom,0.0002394748322282607,0.0002938330409837335,0.0003481912497392063,0.0004025494584946791,0.00045690766725015194
51.1801,71.446,0.00018511662347278786,8ca8b700-a8ac-4477-863f-bed9802089b1,0.0013347039477884883,Kazakhstan,0.00030007535590435787,0.0004150340883359279,0.000529992820767498,0.0006449515531990681,0.0007599102856306381
51.1938,7.0133,0.0074046649389115145,1653b142-3e7f-4377-8d7d-0e71e77c988e,0.0006737909552167539,Germany,0.006731577540542038,0.0060584901421725625,0.005385402743803086,0.0047123153454336104,0.004039227947064134
51.1942,5.9875,0.00018511662347278786,1a961f72-5a25-442d-a50f-8d0222ea5d52,0.0006721163686230032,Netherlands,0.0002338165979878094,0.0002825165725028309,0.00033121654701785246,0.00037991652153287396,0.0004286164960478955
51.2006,12.3862,0.0020362828582006663,2f82d610-e5fd-42de-85de-9e8bc434eccb,0.0007063376856390224,Germany,0.001903288340944502,0.0017702938236883376,0.001637299306432173,0.0015043047891760088,0.0013713102719198444
51.2089,3.2242,0.00018511662347278786,8887d73e-c11c-491a-a8ba-47042befb2cb,0.0007226501216351849,Belgium,0.00023886997328902756,0.00029262332310526725,0.000346376672921507,0.0004001300227377467,0.0004538833725539864
51.2354,-0.5743,0.00018511662347278786,dfa9e253-5e26-4e79-89ce-4e63267bea68,0.0007313438678894937,United Kingdom,0.00023973934791445846,0.00029436207235612906,0.0003489847967977996,0.0004036075212394702,0.0004582302456811408
51.25,22.5667,0.00018511662347278786,1a7c98e7-509c-4182-b1f7-d1ad6e166221,0.0007817254324836296,Poland,0.00024477750437387205,0.0003044383852749562,0.0003640992661760404,0.00042376014707712454,0.0004834210279782087
51.2667,0.5167,0.00018511662347278786,fac56ebc-cc2a-4071-ae5b-54cd62d160a5,0.0007277255107347104,United Kingdom,0.0002393775121989801,0.00029363840092517233,0.00034789928965136467,0.0004021601783775569,0.00045642106710374914
51.3368,-0.112,0.022769344687152908,017d2e51-eaaa-4975-877b-25f18ebaf7dc,0.0007295502596199231,United Kingdom,0.02056536524439961,0.018361385801646313,0.01615740635889301,0.013953426916139714,0.011749447473386415
51.3505,-1.1285,0.0007404664938911515,8a05299e-dff0-4ffc-9236-63adb19de5e7,0.0007333595912260402,United Kingdom,0.0007397558036246404,0.0007390451133581292,0.000738334423091618,0.000737623732825107,0.0007369130425585958
51.37,6.1681,0.00018511662347278786,f54b68cd-62f9-4937-a356-f9c3840226b3,0.0006723663938655534,Netherlands,0.00023384160051206443,0.000282566577551341,0.0003312915545906175,0.0003800165316298941,0.00042874150866917065
51.4108,-0.6748,0.00037023324694557573,b5d08891-2264-4027-8299-4d3e5ff41183,0.0007314488482175914,United Kingdom,0.0004063548070727773,0.0004424763671999789,0.0004785979273271804,0.000514719487454382,0.0005508410475815836
51.4322,6.8797,0.0011106997408367272,49869bd4-a6b0-4332-a360-f7a065bb97ac,0.0006736020491323471,Germany,0.001066989971666289,0.0010232802024958511,0.0009795704333254132,0.0009358606641549751,0.0008921508949845372
51.4416,0.1487,0.004072565716401333,792df1c6-4185-460c-b82f-a6ebe0828ad1,0.00072859055230778,United Kingdom,0.0037381681999919775,0.0034037706835826223,0.003069373167173267,0.0027349756507639112,0.002400578134354556
51.4552,-2.5966,0.00037023324694557573,079389b0-739b-48aa-a22a-9bb6f1442fa4,0.0007369303158002636,United Kingdom,0.00040690295383104453,0.00044357266071651334,0.00048024236760198203,0.0005169120744874508,0.0005535817813729196
51.4817,7.2165,0.0005553498704183636,749f062a-8828-442c-b1b0-f00f59d793f1,0.0006777873823704587,Germany,0.000567593621613573,0.0005798373728087826,0.0005920811240039921,0.0006043248751992016,0.0006165686263944111
51.5308,4.4653,0.0007404664938911515,4149eeba-8f5a-499d-b61f-5b9a6f8028e9,0.0006916888204046931,Netherlands,0.0007355887265425056,0.0007307109591938598,0.0007258331918452139,0.000720955424496568,0.0007160776571479223
51.5344,9.9323,0.00018511662347278786,70ba43ce-1e3a-4cc0-b5c3-4b27b19d9c33,0.000687977746977706,Germany,0.00023540273582327967,0.0002856888481737715,0.0003359749605242633,0.0003862610728747551,0.00043654718522524694
51.5378,0.7143,0.00037023324694557573,f50efa59-ec99-4e95-aad0-b8d91ea139b0,0.0007269440648217145,United Kingdom,0.0004059043287331896,0.0004415754105208035,0.00047724649230841736,0.0005129175740960312,0.0005485886558836452
51.5406,46.0086,0.00018511662347278786,26916ae7-bf9d-4915-a7a9-8f43433e112a,0.0009224085727317148,Russia,0.00025884581839868054,0.0003325750133245732,0.000406304208250466,0.00048003340317635866,0.0005537625981022513
51.5555,5.0913,0.0005553498704183636,4eac6afa-1290-4392-85fa-aeed6c0e8610,0.0006717273494095712,Netherlands,0.0005669876183174844,0.0005786253662166051,0.0005902631141157259,0.0006019008620148466,0.0006135386099139674
51.5877,-2.9983,0.00018511662347278786,3e95867c-221f-4a12-9f12-77b4519523c9,0.0007388559409625797,United Kingdom,0.00024049055522176705,0.00029586448697074624,0.0003512384187197254,0.0004066123504687046,0.0004619862822176838
51.6253,-4.0346,0.00018511662347278786,aecd3cd5-fed4-4f61-b616-afdda1422619,0.0007414929703584838,United Kingdom,0.00024075425816135745,0.00029639189284992704,0.0003520295275384967,0.00040766716222706627,0.00046330479691563585
51.6417,5.3528,0.00037023324694557573,f64b6e38-54dd-498a-bd7e-1fc858995e47,0.000671903796461419,Netherlands,0.0004004003018971601,0.00043056735684874443,0.0004607344118003287,0.000490901466751913,0.0005210685217034974
51.655,17.8069,0.00018511662347278786,c166cb48-44cb-4466-a68a-5f6a4ed57c00,0.0007201830594346847,Poland,0.00023862326706897754,0.0002921299106651672,0.00034563655426135694,0.0003991431978575466,0.0004526498414537363
51.672,39.1843,0.00018511662347278786,a6fe77c0-33c0-491b-a99d-3b9177d2a82e,0.0009330603799537262,Russia,0.0002599109991208817,0.00033470537476897554,0.0004094997504170694,0.0004842941260651632,0.000559088501713257
51.6803,7.8209,0.00018511662347278786,1150b776-a9f0-46b5-99c7-5e09a5ac274e,0.0006796932885802861,Germany,0.00023457428998353768,0.0002840319564942875,0.00033348962300503733,0.0003829472895157871,0.00043240495602653696
51.7265,10.6109,0.00018511662347278786,b446200c-dd13-459a-93b6-2c9523e36f23,0.0006918410686882401,Germany,0.00023578906799433307,0.00028646151251587827,0.0003371339570374236,0.0003878064015589688,0.000438478846080514
51.7392,-3.5103,0.00018511662347278786,302a9ef7-f7f2-4d5f-82f6-40a98af5b11c,0.0007415022642442888,United Kingdom,0.00024075518754993795,0.00029639375162708804,0.00035203231570423815,0.00040767087978138826,0.0004633094438585383
51.7522,-1.256,0.00018511662347278786,be726a22-27a9-4eb8-b414-f72b12e0f5e5,0.0007335249935514987,United Kingdom,0.00023995746048065893,0.00029479829748853,0.0003496391344964011,0.0004044799715042722,0.0004593208085121433
51.7706,19.4739,0.00018511662347278786,2f2e4966-4548-48b4-b757-a4bcce7a8748,0.0007365148152169445,Poland,0.0002402564426472035,0.00029539626182161914,0.0003505360809960349,0.00040567590017045053,0.00046081571934486617
51.8017,-0.2069,0.00018511662347278786,ead648df-c63f-4da7-baf6-e3a17b65465d,0.0007295777982465416,United Kingdom,0.00023956274095016323,0.0002940088584275386,0.000348454975904914,0.00040290109338228937,0.00045734721085966473
51.8208,4.7764,0.0018511662347278786,a11cff6a-e496-48bf-a517-e624de9deee8,0.0006754111698502309,Netherlands,0.0017335907282401137,0.001616015221752349,0.0014984397152645844,0.0013808642087768195,0.0012632887022890548
51.8425,5.8528,0.0007404664938911515,8549714d-e7f5-4610-8183-5a15d4738a23,0.0006726091628150709,Netherlands,0.0007336807607835434,0.0007268950276759354,0.0007201092945683272,0.0007133235614607191,0.0007065378283531112
51.8657,-2.2431,0.00018511662347278786,11d6d48d-2a8e-4395-827b-a6e3a0953881,0.0007379844266015107,United Kingdom,0.00024040340378566016,0.00029569018409853246,0.0003509769644114047,0.000406263744724277,0.0004615505250371493
51.8782,0.5529,0.00018511662347278786,7987e64a-adcd-4af2-87d4-707942717c59,0.0007273994060483013,United Kingdom,0.00023934490173033922,0.0002935731799878906,0.00034780145824544193,0.00040202973650299323,0.0004562580147605446
51.8857,-0.5229,0.00018511662347278786,bc1d4bed-b9b2-4041-8d9d-b0e84fdcb6b6,0.0007306713714594705,United Kingdom,0.00023967209827145612,0.0002942275730701244,0.00034878304786879267,0.0004033385226674609,0.0004578939974661292
51.8892,0.9042,0.00018511662347278786,2f20c964-ca31-4fda-9e34-9793ae2f327a,0.000726549553786915,United Kingdom,0.00023925991650420057,0.0002934032095356133,0.00034754650256702604,0.00040168979559843874,0.00045583308862985145
51.898,-8.4706,0.00037023324694557573,f325497e-90e0-4141-80ae-b1013d22897a,0.0007633906247707017,Ireland,0.0004095489847280883,0.0004488647225106009,0.0004881804602931135,0.0005274961980756261,0.0005668119358581388
51.9069,8.3785,0.00037023324694557573,b1d9dc66-1482-411f-aed0-2469b619ade5,0.0006819275755067583,Germany,0.00040140267980169397,0.0004325721126578122,0.0004637415455139305,0.0004949109783700487,0.000526080411226167
51.9385,8.8732,0.00018511662347278786,76660e5e-d588-4793-a742-3b0ce6de67cf,0.0006838461123042068,Germany,0.00023498957235592975,0.00028486252123907164,0.0003347354701222136,0.00038460841900535546,0.00043448136788849735
51.9878,-0.1883,0.00018511662347278786,fe2476ef-1603-4d34-9342-7acbd806d532,0.0007296130193726065,United Kingdom,0.00023956626306276973,0.0002940159026527516,0.00034846554224273347,0.00040291518183271533,0.0004573648214226972
51.9942,4.2097,0.0027767493520918177,5628d444-0274-41b7-994b-a956b09f94c6,0.0007024044860934877,Netherlands,0.002569314865491985,0.002361880378892152,0.0021544458922923186,0.0019470114056924857,0.0017395769190926527
52.0417,-0.7558,0.0005553498704183636,d4d14c2e-0025-4637-875b-b48187f4dda8,0.0007316080942188337,United Kingdom,0.0005729756927984105,0.0005906015151784576,0.0006082273375585046,0.0006258531599385516,0.0006434789823185987
52.0592,1.1555,0.00018511662347278786,174aad0f-fcad-4f3d-a23b-200ae5562cae,0.000726199580927856,United Kingdom,0.00023922491921829467,0.0002933332149638015,0.0003474415107093083,0.0004015498064548151,0.00045565810220032194
52.0881,-7.6253,0.00018511662347278786,4d995a84-ee9f-4de9-921b-f6874f9d9f51,0.0007604880169304122,Ireland,0.0002426537628185503,0.00030019090216431275,0.0003577280415100752,0.0004152651808558376,0.0004728023202016
52.0908,5.1222,0.020362828582006665,d448e620-57b8-4f1d-a39f-b6baef2f33c1,0.0006727429949615738,Netherlands,0.018393820023302154,0.01642481146459765,0.014455802905893137,0.012486794347188628,0.01051778578848412
52.1383,6.2014,0.0011106997408367272,61514a82-426e-4509-98b5-d4be52219f3a,0.000677107426178989,Netherlands,0.0010673405093709534,0.0010239812779051795,0.0009806220464394057,0.0009372628149736319,0.0008939035835078581
52.2,0.1167,0.00037023324694557573,4083c8e6-83eb-4f85-9823-70c41073dd1f,0.0007289728468775366,United Kingdom,0.00040610720693877184,0.0004419811669319679,0.00047785512692516397,0.00051372908691836,0.0005496030469115561
52.2284,21.0522,0.00944094779711218,f1f7aaf7-1070-49dc-910f-ec265ac9d4ed,0.0007489194697115691,Poland,0.00857174496437212,0.007702542131632058,0.006833339298891996,0.005964136466151936,0.0050949336334118744
52.234,4.4447,0.00018511662347278786,6835cc2c-09d5-4dbf-a170-c83eb5fe0421,0.0006996062532400795,Netherlands,0.00023656558644951704,0.0002880145494262462,0.00033946351240297533,0.0003909124753797045,0.0004423614383564337
52.2475,15.5335,0.00018511662347278786,e9669e9d-076d-44b0-88e2-d87b86abc0d8,0.0006931796397323192,Poland,0.000235922925098741,0.00028672922672469414,0.0003375355283506473,0.0003883418299766004,0.00043914813160255355
52.2604,10.3649,0.00037023324694557573,5c237d16-a0c3-45a8-8b3c-dea91460074e,0.0006916156518697056,Germany,0.00040237148743798874,0.00043450972793040174,0.00046664796842281464,0.0004987862089152277,0.0005309244494076407
52.2606,9.0494,0.00018511662347278786,6e54f08f-d439-4657-b1bf-0a0f9b892cc0,0.0006854008651746912,Germany,0.00023514504764297818,0.0002851734718131685,0.0003352018959833589,0.0003852303201535492,0.0004352587443237395
52.2978,104.2964,0.00018511662347278786,fed5c262-448b-4c42-87f1-7d6ed10bc2d6,0.0016135854147565464,Russia,0.0003279635026011637,0.0004708103817295395,0.0006136572608579154,0.0007565041399862913,0.0008993510191146672
52.3065,-1.9457,0.001480932987782303,f90d5589-eb53-4c8b-acae-5ddfa60b2565,0.000736770174732809,United Kingdom,0.0014065167064773536,0.0013321004251724044,0.0012576841438674546,0.0011832678625625054,0.001108851581257556
52.3342,-6.4575,0.00018511662347278786,ab9320ec-7b84-4036-a0d8-1c3a2362563a,0.0007558706691007596,Ireland,0.00024219202803558504,0.0002992674325983822,0.0003563428371611794,0.00041341824172397653,0.0004704936462867737
52.3705,9.7332,0.0009255831173639393,15b411e3-591d-4875-afc4-004e1a5d79f4,0.0006887647365678242,Germany,0.0009019012792843277,0.0008782194412047163,0.0008545376031251048,0.0008308557650454932,0.0008071739269658818
52.3989,13.0657,0.00037023324694557573,ca000eb5-3a50-4e28-be08-a0aac23172fc,0.0007056440886857614,Germany,0.0004037743311195943,0.00043731541529361284,0.0004708564994676314,0.0005043975836416499,0.0005379386678156686
52.4069,16.9299,0.0007404664938911515,3c3aeee2-7b1f-4968-9ff3-6e9fadcba1c9,0.0007018798870213502,Poland,0.0007366078332041714,0.0007327491725171913,0.0007288905118302111,0.0007250318511432309,0.0007211731904562509
52.4245,10.7815,0.00018511662347278786,eb5446d6-53f6-4d8a-a296-c857871ab968,0.0006943998923844102,Germany,0.0002360449503639501,0.00028697327725511236,0.0003379016041462746,0.0003888299310374368,0.00043975825792859905
52.4261,-0.1491,0.00037023324694557573,c61f52bb-ccde-49ac-8e13-9eda28553fa4,0.0007301822035325422,United Kingdom,0.00040622814260427237,0.000442223038262969,0.00047821793392166566,0.0005142128295803623,0.000550207725239059
52.5083,5.475,0.00037023324694557573,48b3b288-dca3-4eaf-871e-ea757f0a4bb4,0.0006776294342596056,Netherlands,0.0004009728656769787,0.0004317124844083817,0.0004624521031397847,0.0004931917218711876,0.0005239313406025907
52.5111,4.6716,0.0007404664938911515,4c2b8667-e805-4b7a-93e1-2d2c73ea6039,0.0007005271755341502,Netherlands,0.0007364725620554514,0.0007324786302197512,0.0007284846983840511,0.000724490766548351,0.0007204968347126508
52.5125,6.0944,0.00037023324694557573,8996be35-8ac9-4091-a30b-a18d7a44b198,0.0006782537852917315,Netherlands,0.00040103530078019133,0.0004318373546148069,0.00046263940844942244,0.0004934414622840379,0.0005242435161186536
52.5244,13.4105,0.009811181044057756,a3c6eb82-c9d0-42c2-8536-b2bebca35b40,0.0007084883916251689,Germany,0.008900911778814498,0.007990642513571239,0.007080373248327979,0.006170103983084721,0.005259834717841462
52.6031,39.5708,0.00018511662347278786,639b30f1-e026-43a7-a782-d517a0875d9f,0.000995633530299456,Russia,0.0002661683141554547,0.00034722000483812147,0.0004282716955207883,0.0005093233862034552,0.0005903750768861219
52.6386,-1.1317,0.00037023324694557573,1c0b0394-9e62-4cd7-8612-4d1adf4640c2,0.0007339563271546623,United Kingdom,0.0004066055549664844,0.000442977862987393,0.0004793501710083017,0.0005157224790292103,0.000552094787050119
52.6667,-0.7333,0.00018511662347278786,83331e06-a584-484d-a859-819d53d717e9,0.0007326166386882656,United Kingdom,0.00023986662499433562,0.0002946166265158834,0.00034936662803743124,0.000404116629558979,0.00045886663108052675
52.7033,5.2917,0.0005553498704183636,3128af0f-78b3-4eea-a38c-4ff4cb4c61e4,0.000678366146938814,Netherlands,0.0005676514980704086,0.0005799531257224536,0.0005922547533744987,0.0006045563810265437,0.0006168580086785887
52.7317,41.4433,0.00018511662347278786,0374228c-1a10-4e82-88ee-dc9b1fa1d492,0.0009055641640703456,Russia,0.00025716137753254364,0.0003292061315922994,0.0004012508856520552,0.00047329563971181096,0.0005453403937715667
52.74,6.0792,0.00018511662347278786,2927fb1f-2ae9-4433-b654-b85a0269417e,0.0006792188767899808,Netherlands,0.00023452684880450713,0.0002839370741362264,0.0003333472994679458,0.00038275752479966505,0.0004321677501313843
52.7483,6.9681,0.00018511662347278786,11cd3834-1f20-45eb-acb2-cb084aeed309,0.0006807778948177473,Netherlands,0.0002346827506072838,0.0002842488777417797,0.0003338150048762757,0.00038338113201077164,0.00043294725914526757
52.8986,-1.2714,0.00037023324694557573,069d544f-9199-4304-b95b-516dc57a60f0,0.0007351652526760258,United Kingdom,0.00040672644751862073,0.00044321964809166574,0.00047971284866471075,0.0005162060492377558,0.0005526992498108008
52.9233,6.7931,0.00018511662347278786,9ae7cc39-8d1c-4798-93b5-c02505cec529,0.0006812579949140693,Netherlands,0.00023473076061691602,0.0002843448977610442,0.0003339590349051723,0.00038357317204930043,0.0004331873091934286
53.0758,8.8072,0.00018511662347278786,fc282899-193f-48af-93dd-8504a8815120,0.0006877587806502589,Germany,0.00023538083919053497,0.0002856450549082821,0.0003359092706260292,0.00038617348634377625,0.00043643770206152336
53.0977,-1.3838,0.00037023324694557573,90663cf2-bc07-4dab-93c9-d95826ce77db,0.0007362183633252695,United Kingdom,0.0004068317585835451,0.0004434302702215145,0.0004800287818594838,0.0005166272934974532,0.0005532258051354226
53.0979,-2.4416,0.00018511662347278786,b788ae63-2ecd-4717-9cff-86fd4af17f93,0.00074058956814461,United Kingdom,0.00024066391793997008,0.0002962112124071523,0.00035175850687433447,0.0004073058013415167,0.0004628530958086989
53.2001,50.15,0.0005553498704183636,39358ba9-7848-461e-89a5-21580c9be8c2,0.000971376376580034,Russia,0.0005969525210345306,0.0006385551716506976,0.0006801578222668648,0.0007217604728830317,0.0007633631234991988
53.2144,63.6246,0.00018511662347278786,3e32de3d-f6c3-43fb-9d55-0877dc5cf9b7,0.0012327391265798088,Kazakhstan,0.00028987887378348993,0.000394641124094192,0.0004994033744048942,0.0006041656247155961,0.0007089278750262983
53.2192,6.5667,0.004442798963346909,184e8eea-4cc9-466c-982d-6ba3b121fbc6,0.0006824584751080618,Netherlands,0.004066764914523024,0.0036907308656991392,0.0033146968168752547,0.0029386627680513698,0.0025626287192274852
53.3215,-6.3144,0.012402813772676786,465f1374-9466-4d8e-8fa6-43e0f33deea0,0.0007588750428428804,Ireland,0.011238419899693396,0.010074026026710006,0.008909632153726614,0.007745238280743224,0.0065808444077598335
53.383,-1.4659,0.00037023324694557573,a6f2573a-536b-4836-9c76-b89f2c9594e5,0.0007375940740272891,United Kingdom,0.0004069693296537471,0.00044370541236191845,0.0004804414950700897,0.0005171775777782611,0.0005539136604864324
53.3923,-2.6399,0.0009255831173639393,fa8d8416-3a78-4604-999c-f366cd455af5,0.0007424263585272772,United Kingdom,0.0009072674414802731,0.0008889517655966069,0.0008706360897129408,0.0008523204138292745,0.0008340047379456082
53.4,-2.3333,0.0007404664938911515,ab640c5d-658d-444f-91c0-28758146597f,0.0007410897895384661,United Kingdom,0.000740528823455883,0.0007405911530206145,0.0007406534825853458,0.0007407158121500773,0.0007407781417148088
53.5361,8.593,0.00018511662347278786,b2d2278d-bc7e-4f96-976d-fc09669bc062,0.0006895397817303026,Germany,0.00023555893929853934,0.0002860012551242908,0.0003364435709500423,0.00038688588677579375,0.00043732820260154525
53.5501,-113.4687,0.0007404664938911515,a13d6ec1-8ed1-4079-8956-2e841d6176ce,0.0010978254673169531,Canada,0.0007762023912337316,0.0008119382885763118,0.0008476741859188919,0.0008834100832614721,0.0009191459806040523
53.5507,9.993,0.003887449092928545,792a9e88-dfb6-4b3a-a780-eb0690c2612e,0.0006918573494938178,Germany,0.003567889918585072,0.0032483307442415996,0.0029287715698981267,0.0026092123955546538,0.0022896532212111813
53.5833,-2.1833,0.0009255831173639393,ac0a5216-f10e-4913-af1b-88a59efe95fd,0.0007411883352791939,United Kingdom,0.0009071436391554648,0.0008887041609469903,0.0008702646827385157,0.0008518252045300412,0.0008333857263215665
53.649,-1.7842,0.0007404664938911515,245743d4-0cf0-4eef-85f7-d118fd3e02d5,0.0007399211345403248,United Kingdom,0.0007404119579560688,0.0007403574220209862,0.0007403028860859034,0.0007402483501508208,0.0007401938142157381
53.6752,10.2259,0.00018511662347278786,9adb9662-ea6e-4d2f-9a0f-d566332a817c,0.0006936810130067016,Germany,0.00023597306242617924,0.0002868295013795706,0.000337685940332962,0.0003885423792863534,0.00043939881823974476
53.6942,88.0603,0.00018511662347278786,b867865c-a288-4acf-ab4e-01d6d96046e9,0.001457058953769159,Russia,0.00031231085650242497,0.000439505089532062,0.0005666993225616993,0.0006938935555913363,0.0008210877886209734
53.75,-2.4833,0.0005553498704183636,40e3a006-3d11-4405-b0bd-53a097a1ec72,0.0007431789094148469,United Kingdom,0.0005741327743180118,0.0005929156782176603,0.0006116985821173086,0.0006304814860169569,0.0006492643899166052
53.754,9.6534,0.00018511662347278786,0996d44d-3b94-4b28-9acd-816eebe2be95,0.0006915510071388649,Germany,0.00023576006183939556,0.00028640350020600326,0.000337046938572611,0.00038769037693921866,0.0004383338153058264
53.7557,87.1099,0.00018511662347278786,5cfec141-22a5-4b05-a215-4dbb6506ddbc,0.0014470594145067478,Russia,0.00031131090257618385,0.00043750518167957983,0.0005636994607829759,0.0006898937398863718,0.0008160880189897678
53.8689,10.6873,0.00018511662347278786,14631f0c-95be-4336-9e3f-5a6f919611e4,0.0006971656752800706,Germany,0.00023632152865351615,0.00028752643383424443,0.00033873133901497266,0.00038993624419570095,0.00044114114937642923
53.8775,-3.0399,0.00037023324694557573,2380482e-4f49-4905-9acd-570335b20f46,0.0007462191668280173,United Kingdom,0.00040783183893381987,0.00044543043092206406,0.0004830290229103082,0.0005206276148985524,0.0005582262068867965
53.9,27.5667,0.00018511662347278786,45b4dd3d-43a0-4d6b-8341-d31c5c7ddce4,0.0007369310804129604,Belarus,0.0002402980691668051,0.00029547951486082235,0.00035066096055483964,0.0004058424062488569,0.0004610238519428741
53.921,9.5153,0.0016660496112550908,2b83bab5-6136-4157-a178-417d429c2f56,0.0006920491623886339,Germany,0.001568649566368445,0.0014712495214817996,0.0013738494765951539,0.001276449431708508,0.0011790493868218625
54.3213,10.1349,0.00018511662347278786,224dae42-58dc-4fd3-af93-58c890e2aed1,0.0006974924832302612,Germany,0.0002363542094485352,0.00028759179542428256,0.00033882938140002985,0.0003900669673757772,0.00044130455335152454
54.5189,18.5319,0.00018511662347278786,81e48e5d-ecc3-43d0-94ea-d1b7e16eb661,0.0007363224371465169,Poland,0.00024023720484016075,0.00029535778620753364,0.0003504783675749066,0.0004055989489422795,0.00046071953030965237
54.6269,39.6916,0.00018511662347278786,bfe06040-308c-4e85-aade-80ff52d3cb30,0.001000487116957197,Russia,0.0002666536728212288,0.00034819072216966967,0.0004297277715181106,0.0005112648208665516,0.0005928018702149924
54.6892,25.2798,0.0020362828582006663,eaa293e9-dea8-45f4-8d06-576d5100f09c,0.0007943174350849866,Lithuania,0.0019120863158890984,0.0017878897735775303,0.0016636932312659623,0.0015394966889543944,0.0014153001466428263
54.7247,37.1722,0.00018511662347278786,2562b92b-f3dd-4502-afc3-b82d29f58e56,0.0009578254067184447,Russia,0.00026238750179735355,0.0003396583801219192,0.00041692925844648494,0.0004942001367710506,0.0005714710150956162
54.7603,-1.3365,0.00037023324694557573,8e80aec0-8c21-40fd-8841-b4f98a78b003,0.0007385071077440344,United Kingdom,0.0004070606330254216,0.0004438880191052675,0.0004807154051851133,0.0005175427912649592,0.0005543701773448051
55.0443,9.4174,0.00018511662347278786,ccb52a26-f4f0-41f6-9f04-a011feb8d8a7,0.0007001645543313177,Denmark,0.00023662141655864084,0.0002881262096444938,0.00033963100273034683,0.0003911357958161998,0.0004426405889020528
55.045,60.1083,0.00018511662347278786,5583c45a-0f29-4865-b12b-96e4e92721d0,0.0011554793218788123,Russia,0.0002821528933133903,0.00037918916315399275,0.00047622543299459524,0.0005732617028351976,0.0006702979726758001
55.1271,-1.5086,0.00018511662347278786,200a0a19-0fc8-47e2-a68b-1580305293f7,0.000738504111905025,United Kingdom,0.00024045537231601156,0.00029579412115923525,0.00035113287000245906,0.00040647161884568275,0.00046181036768890645
55.4242,37.5547,0.00037023324694557573,e859c6f8-745a-4d84-9ffc-fca1d331bcde,0.0009643555777713924,Russia,0.0004296454800281574,0.0004890577131107391,0.0005484699461933207,0.0006078821792759024,0.0006672944123584841
55.6366,51.8245,0.00018511662347278786,8f011d75-3d05-4068-8859-334dd93c3bfb,0.0009868844148065272,Russia,0.0002652934026061618,0.0003454701817395357,0.0004256469608729097,0.0005058237400062835,0.0005860005191396575
55.6698,37.2772,0.0005553498704183636,00e30f9e-77d1-4ffb-8270-9c3e09bd5286,0.0009611984308965574,Russia,0.0005959347264661829,0.0006365195825140023,0.0006771044385618218,0.000717689294609641,0.0007582741506574604
55.6759,12.5655,0.002406516105146242,24280ce7-eabc-4423-b8dd-7c3f356b86f1,0.0007273202463644928,Denmark,0.002238596519268067,0.0020706769333898923,0.001902757347511717,0.0017348377616335424,0.0015669181757553673
55.7319,24.3598,0.00018511662347278786,2189fcba-7f4c-4f2c-8dbd-9e22eb23e52f,0.0007772110807351177,Lithuania,0.00024432606919902087,0.0003035355149252538,0.0003627449606514868,0.0004219544063777198,0.0004811638521039528
55.7522,37.6156,0.004442798963346909,af0e2685-f14b-4677-bc2e-1782881d5ab5,0.0009683806920590178,Russia,0.004095357136218119,0.0037479153090893306,0.0034004734819605416,0.003053031654831752,0.002705589827702963
55.7887,49.1221,0.00037023324694557573,ffa7e97a-1454-4ec2-a696-2fb7cae837b9,0.0009463137011767496,Russia,0.00042784129236869315,0.0004854493377918105,0.0005430573832149279,0.0006006654286380453,0.0006582734740611627
55.7948,37.9479,0.0007404664938911515,875ebaf5-e037-4afc-9933-39b47b85bec6,0.0009717939796568255,Russia,0.0007635992424677189,0.0007867319910442863,0.0008098647396208537,0.0008329974881974211,0.0008561302367739885
55.8666,48.3593,0.00018511662347278786,d58a935e-afc5-41bc-b438-419d81874fc4,0.0009343578844757118,Russia,0.00026004074957308027,0.0003349648756733726,0.00040988900177366507,0.0004848131278739574,0.0005597372539742499
55.9333,23.3167,0.0005553498704183636,fcfa55a6-7875-4f67-b081-45c74c720b17,0.0007857706876148129,Lithuania,0.0005783919521380085,0.0006014340338576534,0.0006244761155772984,0.0006475181972969432,0.0006705602790165882
55.9521,-3.1965,0.00037023324694557573,5c61aa54-4ca2-4b7a-8bcc-f39fced03643,0.0007505209843549375,United Kingdom,0.0004082620206865119,0.0004462907944274481,0.00048431956816838423,0.0005223483419093205,0.0005603771156502567
56.0032,22.9366,0.00018511662347278786,f7657f60-c317-462c-bb1b-9fd62a9e7e2a,0.0007824740857180293,Lithuania,0.000244852369697312,0.0003045881159218361,0.0003643238621463603,0.00042405960837088444,0.00048379535459540856
56.0184,92.8672,0.00018511662347278786,f4433271-47ee-4c8d-9205-644540a3e057,0.0014757760980685169,Russia,0.0003141825709323607,0.00044324851839193364,0.0005723144658515067,0.0007013804133110795,0.0008304463607706524
56.0271,37.4679,0.00018511662347278786,224451ea-e673-4c99-a7b0-036b198f7dea,0.0009666812579083147,Russia,0.0002632730869163405,0.0003414295503598932,0.0004195860138034459,0.0004977424772469987,0.0005758989406905513
56.1325,101.6142,0.00018511662347278786,2acbe1de-b7c3-44a0-a69b-a63e43f40436,0.0015352226348055568,Russia,0.0003201272246060647,0.0004551378257393416,0.0005901484268726186,0.0007251590280058955,0.0008601696291391723
56.1567,10.2108,0.00018511662347278786,6be38277-46f6-432e-b64b-66c7e622cbe3,0.0007164982643567679,Denmark,0.00023825478756118586,0.00029139295164958386,0.0003445311157379819,0.00039766927982637986,0.0004508074439147779
56.1591,13.7664,0.00018511662347278786,c0aad7c6-3c90-4ca9-9604-b3410baa012e,0.0007453613469746907,Sweden,0.00024114109582297813,0.0002971655681731684,0.00035319004052335873,0.000409214512873549,0.00046523898522373927
56.312,38.1387,0.00018511662347278786,8fe15045-184f-42ac-aaca-3731dde073d5,0.0009772348287794583,Russia,0.00026432844400345486,0.0003435402645341219,0.000422752085064789,0.0005019639055954561,0.0005811757261261231
56.3282,10.0493,0.00018511662347278786,18dc6d17-55f5-4baf-87bb-f3ee318f5e7b,0.0007208178978473624,Denmark,0.00023868675091024533,0.0002922568783477028,0.00034582700578516027,0.0003993971332226177,0.00045296726066007515
56.8519,60.6122,0.0009255831173639393,ad52686e-b51c-425a-a89b-216bb368232e,0.00115026754828327,Russia,0.0009480515604558724,0.0009705200035478054,0.0009929884466397386,0.0010154568897316717,0.0010379253328236047
56.9053,59.9436,0.00018511662347278786,a01125d9-ae15-4393-8d80-cd03d3b416e8,0.001138971095455188,Russia,0.00028050207067102786,0.00037588751786926786,0.0004712729650675079,0.0005666584122657478,0.0006620438594639879
56.9419,23.9137,0.0009255831173639393,8ed7fd13-df10-4c77-9da7-fd5050645394,0.0007996372128372,Latvia,0.0009129885269112654,0.0009003939364585914,0.0008877993460059176,0.0008752047555532435,0.0008626101651005697
57.048,9.9187,0.00018511662347278786,125db42d-5070-4043-bdb1-9a78928e1a51,0.0007341915886097821,Denmark,0.0002400241199864873,0.00029493161650018674,0.00034983911301388613,0.00040474660952758557,0.000459654106041285
57.1522,65.5272,0.00018511662347278786,a4d3bdbf-aa3f-4ee0-9a5c-e0c3e8c8fb12,0.0012156843845014635,Russia,0.0002881733995756554,0.00039123017567852295,0.0004942869517813906,0.0005973437278842581,0.0007004005039871257
57.6299,39.8737,0.00018511662347278786,af73f7b1-1166-4b47-91e6-491998ab506c,0.0010138748685718606,Russia,0.0002679924479826951,0.0003508682724926024,0.0004337440970025097,0.000516619921512417,0.0005994957460223242
57.7072,11.9668,0.00018511662347278786,24c5d50b-14e2-4016-a7ba-2156bd978cb5,0.0007498910487432733,Sweden,0.0002415940659998364,0.00029807150852688495,0.0003545489510539335,0.0004110263935809821,0.0004675038361080306
58.0105,56.2502,0.00018511662347278786,d66e14eb-0e12-48ed-a7d9-8b99f872309c,0.0010686090122517817,Russia,0.00027346586235068725,0.00036181510122858663,0.000450164340106486,0.0005385135789843854,0.0006268628178622848
58.1467,7.9956,0.00018511662347278786,6f4bc6dd-3168-43c6-b1b7-e7f86e9b13ce,0.0007535460491056318,Norway,0.00024195956603607227,0.00029880250859935667,0.000355645451162641,0.0004124883937259254,0.0004693313362892098
58.7354,5.6477,0.00037023324694557573,9f5599cb-efb2-406d-a905-adfe10c7d209,0.0007658240067076461,Norway,0.00040979232292178276,0.0004493513988979898,0.0004889104748741968,0.0005284695508504039,0.000568028626826611
58.9701,5.7333,0.00037023324694557573,fb28770b-f939-4a05-9b3b-5324b36bff31,0.0007687997698801299,Norway,0.00041008989923903115,0.00044994655153248657,0.000489803203825942,0.0005296598561193974,0.0005695165084128528
59.1323,12.9289,0.00018511662347278786,51ebf403-8684-4748-9e90-fd686c39c3e4,0.0007670259513016277,Sweden,0.00024330755625567185,0.00030149848903855583,0.0003596894218214398,0.0004178803546043238,0.0004760712873872078
59.2096,9.609,0.00018511662347278786,c95a2feb-1b04-4ce7-a4a2-bb7b6df13846,0.0007579059125811604,Norway,0.00024239555238362513,0.0002996744812944624,0.00035695341020529966,0.00041423233911613687,0.00047151126802697413
59.2835,5.3067,0.00018511662347278786,9ea4d814-ec6d-4ba1-8eea-a3ddeebf49e8,0.0007722110490582444,Norway,0.0002438260660313335,0.00030253550858987913,0.0003612449511484248,0.0004199543937069705,0.00047866383626551614
59.3294,18.0687,0.0031469825990373935,96a85e1e-ff2a-4889-b249-2d252d54c317,0.0007618714300974972,Sweden,0.002908471482143404,0.0026699603652494143,0.0024314492483554244,0.002192938131461435,0.0019544270145674452
59.437,24.7535,0.0005553498704183636,39eb9b31-993f-4267-9479-3539b51f1ebb,0.0008093449990155884,Estonia,0.000580749383278086,0.0006061488961378085,0.000631548408997531,0.0006569479218572535,0.000682347434716976
59.4794,18.2997,0.00018511662347278786,e9089b14-3aa2-4629-885e-554b6741d19a,0.000764932066637595,Sweden,0.00024309816778926856,0.00030107971210574925,0.00035906125642223006,0.00041704280073871075,0.00047502434505519145
59.7439,10.2045,0.00018511662347278786,74a7c0f6-db22-45c2-abe1-edabd4560cf5,0.0007666095153160882,Norway,0.0002432659126571179,0.00030141520184144793,0.00035956449102577797,0.000417713780210108,0.00047586306939443804
59.8588,17.6389,0.00018511662347278786,66020679-72dc-4c9f-a903-c0a5ef8a7ffe,0.0007681909528798478,Sweden,0.00024342405641349384,0.0003017314893541998,0.00036003892229490584,0.00041834635523561186,0.00047665378817631784
59.9127,10.7461,0.0016660496112550908,56f8e34c-7dbd-4948-848c-c891f6d1a386,0.0007674170893623961,Norway,0.0015761863590658212,0.0014863231068765518,0.0013964598546872824,0.001306596602498013,0.0012167333503087434
59.9386,30.3141,0.0009255831173639393,fe4b2733-83fe-4104-9633-56a53aa6d40d,0.0008211258974823969,Russia,0.0009151373953757851,0.0009046916733876308,0.0008942459513994767,0.0008838002294113223,0.0008733545074231682
60.0151,30.6731,0.00018511662347278786,82dbfda3-f311-407c-bb8b-532ea8da7568,0.0008316433277945976,Russia,0.00024976929390496883,0.0003144219643371498,0.0003790746347693308,0.0004437273052015118,0.0005083799756336928
60.1224,11.4701,0.00018511662347278786,f967e38c-dc83-4d27-98f0-a6a6bf34ae01,0.0007695965986685815,Norway,0.00024356462099236722,0.00030201261851194657,0.000360460616031526,0.00041890861355110533,0.0004773566110706847
60.1695,24.9354,0.04720473898556091,d82d912f-2b40-4819-aa6b-2945b1484aba,0.000820273013751148,Finland,0.04256629238837994,0.037927845791198955,0.03328939919401798,0.028650952596837004,0.024012505999656028
60.3833,23.1333,0.00018511662347278786,388a4635-bad3-4502-a2f3-9542a8104a07,0.0008116403851722913,Finland,0.0002477689996427382,0.00031042137581268855,0.00037307375198263894,0.00043572612815258923,0.0004983785043225395
60.393,5.3242,0.00018511662347278786,dab100c3-0ea4-4ec3-99d6-93ad322e5f33,0.0007867753881639891,Norway,0.00024528249994190795,0.0003054483764110281,0.00036561425288014824,0.0004257801293492684,0.0004859460058183885
60.4858,15.4371,0.00018511662347278786,a71b269c-608a-427b-b441-623885bc8bdf,0.0007696438636506659,Sweden,0.00024356934749057566,0.00030202207150836346,0.0003604747955261513,0.0004189275195439391,0.0004773802435617269
61.0587,28.1887,0.00018511662347278786,b8abf52d-3da1-4d3f-a954-4b25c2015544,0.0008570699655947301,Finland,0.00025231195768498206,0.00031950729189717626,0.00038670262610937057,0.00045389796032156476,0.000521093294533759
61.2181,-149.9003,0.00018511662347278786,c9ac72e2-8616-49c1-ae1f-a908a78f8393,0.0015166381902087512,United States,0.00031826878014638415,0.0004514209368199805,0.0005845730934935769,0.0007177252501671732,0.0008508774068407695
61.4991,23.7871,0.00018511662347278786,9eaf07f4-980d-46b0-8658-2fee3bd2dfe4,0.0008309393080362241,Finland,0.0002496988919291315,0.0003142811603854751,0.0003788634288418187,0.00044344569729816235,0.000508027965754506
61.8699,28.88,0.00018511662347278786,acb18979-2f7d-4b88-acea-821ecef7fed1,0.0008694200865392158,Finland,0.00025354696977943064,0.0003219773160860734,0.00039040766239271626,0.00045883800869935904,0.0005272683550060018
62.4541,-114.3725,0.00018511662347278786,30f16321-0751-41e9-b7d5-69bce1cb764e,0.001096733327487921,Canada,0.00027627829387430117,0.0003674399642758145,0.00045860163467732783,0.0005497633050788411,0.0006409249754803544
63.4305,10.3951,0.0005553498704183636,611d3ef9-2c0c-4b31-aa76-922bcb47589c,0.0008448252134843312,Norway,0.0005842974047249603,0.0006132449390315571,0.0006421924733381539,0.0006711400076447507,0.0007000875419513474
64.1355,-21.8954,0.00037023324694557573,e28dc74a-97ea-4a16-a603-5f121b652de6,0.0008814445672583109,Iceland,0.00042135437897684923,0.00047247551100812273,0.0005235966430393963,0.0005747177750706697,0.0006258389071019433
65.5841,22.1547,0.00018511662347278786,6d9bfee0-3d4d-43c3-a978-7dd154a7026b,0.0008569632501213727,Sweden,0.00025230128613764637,0.0003194859488025048,0.0003866706114673633,0.00045385527413222183,0.0005210399367970803
67.1339,20.6528,0.00018511662347278786,76715d84-30e2-4f2a-bd4e-c91d3e8d8df6,0.0008810164447151136,Sweden,0.00025470660559702044,0.000324296587721253,0.0003938865698454856,0.00046347655196971813,0.0005330665340939507
